2026-10-06 23:38:54,063 - ultrasound - INFO - PySide6 imported successfully
2026-10-06 23:38:55,013 - ultrasound - INFO - OpenCV and NumPy imported successfully
2026-10-06 23:38:55,015 - ultrasound - INFO - ============================================================
2026-10-06 23:38:55,016 - ultrasound - INFO - AI Ultrasound Assistant V1.0
2026-10-06 23:38:55,017 - ultrasound - INFO - Starting application...
2026-10-06 23:38:55,017 - ultrasound - INFO - ============================================================
2026-10-06 23:38:55,187 - ultrasound - INFO - Qt Application initialized
2026-10-06 23:38:56,109 - ultrasound - INFO - Application components imported
2026-10-06 23:38:56,116 - ultrasound - INFO - Configuration loaded from settings.json
2026-10-06 23:38:56,117 - ultrasound - INFO - Creating main window...
2026-10-06 23:38:56,183 - ultrasound - INFO - All tables created successfully
2026-10-06 23:38:56,184 - ultrasound - INFO - Database initialized at ultrasound.db
2026-10-06 23:39:17,633 - ultrasound - INFO - Found 2 capture device(s)
2026-10-06 23:39:18,191 - ultrasound - INFO - Main window displayed
2026-10-06 23:39:18,201 - ultrasound - INFO - ============================================================
2026-10-06 23:39:18,205 - ultrasound - INFO - V1.0 Features Enabled:
2026-10-06 23:39:18,475 - ultrasound - INFO - ============================================================
2026-10-06 23:39:18,477 - ultrasound - INFO - Python: 3.14.8 (tags/v3.14.8:8e6e75d, Sep 30 2026, 18:19:33) [MSC v.1944 64 bit (AMD64)]
2026-10-06 23:39:18,479 - ultrasound - INFO - OpenCV: 5.0.0
2026-10-06 23:39:18,480 - ultrasound - INFO - NumPy: 2.5.3
2026-10-06 23:39:18,480 - ultrasound - INFO - Entering application event loop...
2026-10-06 23:39:35,054 - ultrasound - INFO - Video opened: 1361 frames @ 29.97002997002997 FPS (496x368)
2026-10-06 23:39:35,062 - ultrasound - INFO - Video loaded: echo me.mp4
2026-10-06 23:39:36,790 - ultrasound - INFO - Video playback started
2026-10-06 23:39:36,803 - ultrasound - INFO - Playing video
2026-10-06 23:39:44,520 - ultrasound - INFO - Video playback started
2026-10-06 23:39:44,523 - ultrasound - INFO - Playing video
2026-10-06 23:40:41,582 - ultrasound - INFO - Video stopped
2026-10-06 23:41:05,649 - ultrasound - INFO - Patient PF56F00CA added
2026-10-06 23:41:05,670 - ultrasound - INFO - Patient a added
2026-10-06 23:41:07,594 - ultrasound - INFO - Examination EDBFED256 added
2026-10-06 23:41:07,598 - ultrasound - INFO - Examination EDBFED256 created
2026-10-06 23:41:10,413 - ultrasound - INFO - Examination EEF71BBBA added
2026-10-06 23:41:10,415 - ultrasound - INFO - Examination EEF71BBBA created
2026-10-06 23:41:16,084 - ultrasound - INFO - Analyzing frame V227b3bf3...
2026-10-06 23:41:16,085 - ultrasound - INFO - Starting AI analysis for frame V227b3bf3
2026-10-06 23:41:16,090 - ultrasound - INFO - Detected 5 organs
2026-10-06 23:41:16,150 - ultrasound - INFO - Image quality: poor (17.3%)
2026-10-06 23:41:16,152 - ultrasound - INFO - Analysis complete: 5 organs, quality: poor
2026-10-06 23:41:16,157 - ultrasound - INFO - AI analysis complete: 5 organs detected
2026-10-06 23:41:16,162 - ultrasound - INFO - Quality: 17.3, Score: 24.5
2026-10-06 23:41:16,171 - ultrasound - INFO - Frame saved to captures/V227b3bf3.jpg
2026-10-06 23:41:16,174 - ultrasound - INFO - Displaying AI results...
2026-10-06 23:41:16,180 - ultrasound - INFO -   Organs detected: 5
2026-10-06 23:41:16,181 - ultrasound - INFO -   Quality score: 17.3
2026-10-06 23:41:16,186 - ultrasound - INFO -   Frame score: 24.5
2026-10-06 23:41:16,194 - ultrasound - INFO - Analysis widget updated with 5 organs
2026-10-06 23:41:16,228 - ultrasound - INFO - Switched to AI Analysis tab
2026-10-06 23:41:16,232 - ultrasound - INFO - Results displayed successfully!
2026-10-06 23:41:16,238 - ultrasound - INFO - Frame V227b3bf3 captured and analyzed!
2026-10-06 23:42:01,760 - ultrasound - INFO - Video playback started
2026-10-06 23:42:01,761 - ultrasound - INFO - Playing video
2026-10-06 23:42:03,328 - ultrasound - INFO - Analyzing frame V47bc4245...
2026-10-06 23:42:03,329 - ultrasound - INFO - Starting AI analysis for frame V47bc4245
2026-10-06 23:42:03,335 - ultrasound - INFO - Detected 5 organs
2026-10-06 23:42:03,397 - ultrasound - INFO - Image quality: poor (54.6%)
2026-10-06 23:42:03,399 - ultrasound - INFO - Analysis complete: 5 organs, quality: poor
2026-10-06 23:42:03,403 - ultrasound - INFO - AI analysis complete: 5 organs detected
2026-10-06 23:42:03,408 - ultrasound - INFO - Quality: 54.6, Score: 39.4
2026-10-06 23:42:03,418 - ultrasound - INFO - Frame saved to captures/V47bc4245.jpg
2026-10-06 23:42:03,425 - ultrasound - INFO - Displaying AI results...
2026-10-06 23:42:03,427 - ultrasound - INFO -   Organs detected: 5
2026-10-06 23:42:03,429 - ultrasound - INFO -   Quality score: 54.6
2026-10-06 23:42:03,430 - ultrasound - INFO -   Frame score: 39.4
2026-10-06 23:42:03,438 - ultrasound - INFO - Analysis widget updated with 5 organs
2026-10-06 23:42:03,450 - ultrasound - INFO - Switched to AI Analysis tab
2026-10-06 23:42:03,452 - ultrasound - INFO - Results displayed successfully!
2026-10-06 23:42:03,454 - ultrasound - INFO - Frame V47bc4245 captured and analyzed!
2026-10-06 23:42:22,265 - ultrasound - INFO - Analyzing frame V4d9e582f...
2026-10-06 23:42:22,271 - ultrasound - INFO - Starting AI analysis for frame V4d9e582f
2026-10-06 23:42:22,276 - ultrasound - INFO - Detected 5 organs
2026-10-06 23:42:22,330 - ultrasound - INFO - Image quality: fair (55.3%)
2026-10-06 23:42:22,332 - ultrasound - INFO - Analysis complete: 5 organs, quality: fair
2026-10-06 23:42:22,335 - ultrasound - INFO - AI analysis complete: 5 organs detected
2026-10-06 23:42:22,340 - ultrasound - INFO - Quality: 55.3, Score: 39.7
2026-10-06 23:42:22,349 - ultrasound - INFO - Frame saved to captures/V4d9e582f.jpg
2026-10-06 23:42:22,352 - ultrasound - INFO - Displaying AI results...
2026-10-06 23:42:22,359 - ultrasound - INFO -   Organs detected: 5
2026-10-06 23:42:22,361 - ultrasound - INFO -   Quality score: 55.3
2026-10-06 23:42:22,362 - ultrasound - INFO -   Frame score: 39.7
2026-10-06 23:42:22,368 - ultrasound - INFO - Analysis widget updated with 5 organs
2026-10-06 23:42:22,382 - ultrasound - INFO - Switched to AI Analysis tab
2026-10-06 23:42:22,383 - ultrasound - INFO - Results displayed successfully!
2026-10-06 23:42:22,385 - ultrasound - INFO - Frame V4d9e582f captured and analyzed!
2026-10-06 23:42:38,756 - ultrasound - INFO - Video paused
2026-10-06 23:42:38,758 - ultrasound - INFO - Video paused
2026-10-06 23:42:40,986 - ultrasound - INFO - Analyzing frame V10947e1e...
2026-10-06 23:42:40,987 - ultrasound - INFO - Starting AI analysis for frame V10947e1e
2026-10-06 23:42:40,994 - ultrasound - INFO - Detected 5 organs
2026-10-06 23:42:41,055 - ultrasound - INFO - Image quality: poor (54.0%)
2026-10-06 23:42:41,057 - ultrasound - INFO - Analysis complete: 5 organs, quality: poor
2026-10-06 23:42:41,062 - ultrasound - INFO - AI analysis complete: 5 organs detected
2026-10-06 23:42:41,066 - ultrasound - INFO - Quality: 54.0, Score: 39.2
2026-10-06 23:42:41,089 - ultrasound - INFO - Frame saved to captures/V10947e1e.jpg
2026-10-06 23:42:41,090 - ultrasound - INFO - Displaying AI results...
2026-10-06 23:42:41,092 - ultrasound - INFO -   Organs detected: 5
2026-10-06 23:42:41,098 - ultrasound - INFO -   Quality score: 54.0
2026-10-06 23:42:41,102 - ultrasound - INFO -   Frame score: 39.2
2026-10-06 23:42:41,110 - ultrasound - INFO - Analysis widget updated with 5 organs
2026-10-06 23:42:41,121 - ultrasound - INFO - Switched to AI Analysis tab
2026-10-06 23:42:41,123 - ultrasound - INFO - Results displayed successfully!
2026-10-06 23:42:41,127 - ultrasound - INFO - Frame V10947e1e captured and analyzed!
2026-10-07 00:09:13,914 - ultrasound - INFO - Video playback started
2026-10-07 00:09:13,932 - ultrasound - INFO - Playing video
2026-10-07 00:09:45,169 - ultrasound - INFO - Video stopped
2026-10-07 00:14:53,143 - ultrasound - INFO - Database connection closed
2026-10-07 00:14:53,284 - ultrasound - INFO - Application exiting...
2026-10-07 04:35:30,723 - ultrasound - INFO - PySide6 imported successfully
2026-10-07 04:35:31,729 - ultrasound - INFO - OpenCV and NumPy imported successfully
2026-10-07 04:35:31,730 - ultrasound - INFO - ============================================================
2026-10-07 04:35:31,732 - ultrasound - INFO - AI Ultrasound Assistant V1.0
2026-10-07 04:35:31,732 - ultrasound - INFO - Starting application...
2026-10-07 04:35:31,733 - ultrasound - INFO - ============================================================
2026-10-07 04:35:32,024 - ultrasound - INFO - Qt Application initialized
2026-10-07 10:14:24,766 - ultrasound - INFO - PySide6 imported successfully
2026-10-07 10:14:25,717 - ultrasound - INFO - OpenCV and NumPy imported successfully
2026-10-07 10:14:25,718 - ultrasound - INFO - ============================================================
2026-10-07 10:14:25,719 - ultrasound - INFO - AI Ultrasound Assistant V1.0
2026-10-07 10:14:25,720 - ultrasound - INFO - Starting application...
2026-10-07 10:14:25,720 - ultrasound - INFO - ============================================================
2026-10-07 10:14:26,002 - ultrasound - INFO - Qt Application initialized
2026-10-07 10:14:26,007 - ultrasound - ERROR - Failed to import application components: No module named 'main_window_v1'
2026-10-07 10:17:49,742 - ultrasound - INFO - PySide6 imported successfully
2026-10-07 10:17:50,727 - ultrasound - INFO - OpenCV and NumPy imported successfully
2026-10-07 10:17:50,728 - ultrasound - INFO - ============================================================
2026-10-07 10:17:50,729 - ultrasound - INFO - AI Ultrasound Assistant V1.0
2026-10-07 10:17:50,729 - ultrasound - INFO - Starting application...
2026-10-07 10:17:50,730 - ultrasound - INFO - ============================================================
2026-10-07 10:17:51,021 - ultrasound - INFO - Qt Application initialized
2026-10-07 10:17:51,026 - ultrasound - ERROR - Failed to import application components: No module named 'main_window_v1'
2026-10-07 10:31:26,220 - ultrasound - INFO - PySide6 imported successfully
2026-10-07 10:31:27,978 - ultrasound - INFO - OpenCV and NumPy imported successfully
2026-10-07 10:31:27,983 - ultrasound - INFO - ============================================================
2026-10-07 10:31:27,985 - ultrasound - INFO - AI Ultrasound Assistant V1.0
2026-10-07 10:31:27,986 - ultrasound - INFO - Starting application...
2026-10-07 10:31:27,986 - ultrasound - INFO - ============================================================
2026-10-07 10:31:28,276 - ultrasound - INFO - Qt Application initialized
2026-10-07 10:31:28,941 - ultrasound - INFO - Application components imported
2026-10-07 10:31:28,944 - ultrasound - INFO - Configuration loaded from settings.json
2026-10-07 10:31:28,944 - ultrasound - INFO - Creating main window...
2026-10-07 10:31:28,972 - ultrasound - INFO - All tables created successfully
2026-10-07 10:31:28,972 - ultrasound - INFO - Database initialized at ultrasound.db
2026-10-07 10:31:49,539 - ultrasound - ERROR - Unexpected error in main(): 'MainWindowV1' object has no attribute 'status_label'
Traceback (most recent call last):
  File "C:\Users\Laptopi-Homs\Downloads\AI_Ultrasound_Assistant_Abdomen_V1_0 (1)\ai_ultrasound_v1\main_v1_complete.py", line 97, in main
    window = MainWindowV1(config)
  File "C:\Users\Laptopi-Homs\Downloads\AI_Ultrasound_Assistant_Abdomen_V1_0 (1)\ai_ultrasound_v1\main_window_v1.py", line 222, in __init__
    self.load_devices()
    ~~~~~~~~~~~~~~~~~^^
  File "C:\Users\Laptopi-Homs\Downloads\AI_Ultrasound_Assistant_Abdomen_V1_0 (1)\ai_ultrasound_v1\main_window_v1.py", line 542, in load_devices
    self.update_status(f"Found {len(devices)} capture device(s)")
    ~~~~~~~~~~~~~~~~~~^^^^^^^^^^^^^^^^^^^^^^^^^^^^^^^^^^^^^^^^^^^
  File "C:\Users\Laptopi-Homs\Downloads\AI_Ultrasound_Assistant_Abdomen_V1_0 (1)\ai_ultrasound_v1\main_window_v1.py", line 758, in update_status
    self.status_label.setText(message)
    ^^^^^^^^^^^^^^^^^
AttributeError: 'MainWindowV1' object has no attribute 'status_label'
2026-10-07 10:38:00,760 - ultrasound - INFO - PySide6 imported successfully
2026-10-07 10:38:01,588 - ultrasound - INFO - OpenCV and NumPy imported successfully
2026-10-07 10:38:01,589 - ultrasound - INFO - ============================================================
2026-10-07 10:38:01,590 - ultrasound - INFO - AI Ultrasound Assistant V1.0
2026-10-07 10:38:01,591 - ultrasound - INFO - Starting application...
2026-10-07 10:38:01,591 - ultrasound - INFO - ============================================================
2026-10-07 10:38:01,848 - ultrasound - INFO - Qt Application initialized
2026-10-07 10:38:02,409 - ultrasound - INFO - Application components imported
2026-10-07 10:38:02,411 - ultrasound - INFO - Configuration loaded from settings.json
2026-10-07 10:38:02,412 - ultrasound - INFO - Creating main window...
2026-10-07 10:38:02,441 - ultrasound - INFO - All tables created successfully
2026-10-07 10:38:02,442 - ultrasound - INFO - Database initialized at ultrasound.db
2026-10-07 10:38:24,550 - ultrasound - INFO - Found 2 capture device(s)
2026-10-07 10:38:24,966 - ultrasound - INFO - Main window displayed
2026-10-07 10:38:24,992 - ultrasound - INFO - ============================================================
2026-10-07 10:38:25,000 - ultrasound - INFO - V1.0 Features Enabled:
2026-10-07 10:38:25,289 - ultrasound - INFO - ============================================================
2026-10-07 10:38:25,293 - ultrasound - INFO - Python: 3.14.8 (tags/v3.14.8:8e6e75d, Sep 30 2026, 18:19:33) [MSC v.1944 64 bit (AMD64)]
2026-10-07 10:38:25,294 - ultrasound - INFO - OpenCV: 5.0.0
2026-10-07 10:38:25,295 - ultrasound - INFO - NumPy: 2.5.3
2026-10-07 10:38:25,297 - ultrasound - INFO - Entering application event loop...
2026-10-07 10:38:40,169 - ultrasound - INFO - Video opened: 1361 frames @ 29.97002997002997 FPS (496x368)
2026-10-07 10:38:40,202 - ultrasound - INFO - Video loaded: echo me.mp4
2026-10-07 10:38:44,132 - ultrasound - INFO - Video playback started
2026-10-07 10:38:44,133 - ultrasound - INFO - Playing video
2026-10-07 10:38:52,675 - ultrasound - INFO - Video playback started
2026-10-07 10:38:52,678 - ultrasound - INFO - Playing video
2026-10-07 10:38:52,876 - ultrasound - INFO - Video playback started
2026-10-07 10:38:52,879 - ultrasound - INFO - Playing video
2026-10-07 10:38:53,036 - ultrasound - INFO - Video playback started
2026-10-07 10:38:53,039 - ultrasound - INFO - Playing video
2026-10-07 10:38:53,187 - ultrasound - INFO - Video playback started
2026-10-07 10:38:53,190 - ultrasound - INFO - Playing video
2026-10-07 10:38:53,356 - ultrasound - INFO - Video playback started
2026-10-07 10:38:53,357 - ultrasound - INFO - Playing video
2026-10-07 10:38:53,499 - ultrasound - INFO - Video playback started
2026-10-07 10:38:53,503 - ultrasound - INFO - Playing video
2026-10-07 10:38:53,652 - ultrasound - INFO - Video playback started
2026-10-07 10:38:53,653 - ultrasound - INFO - Playing video
2026-10-07 10:38:53,780 - ultrasound - INFO - Video playback started
2026-10-07 10:38:53,781 - ultrasound - INFO - Playing video
2026-10-07 10:38:54,052 - ultrasound - INFO - Video playback started
2026-10-07 10:38:54,053 - ultrasound - INFO - Playing video
2026-10-07 10:38:54,236 - ultrasound - INFO - Video playback started
2026-10-07 10:38:54,239 - ultrasound - INFO - Playing video
2026-10-07 10:38:55,324 - ultrasound - INFO - Video playback started
2026-10-07 10:38:55,327 - ultrasound - INFO - Playing video
2026-10-07 10:38:59,036 - ultrasound - INFO - Video playback started
2026-10-07 10:38:59,037 - ultrasound - INFO - Playing video
2026-10-07 10:39:02,804 - ultrasound - INFO - Video playback started
2026-10-07 10:39:02,808 - ultrasound - INFO - Playing video
2026-10-07 10:39:02,954 - ultrasound - INFO - Video playback started
2026-10-07 10:39:02,961 - ultrasound - INFO - Playing video
2026-10-07 10:39:03,108 - ultrasound - INFO - Video playback started
2026-10-07 10:39:03,111 - ultrasound - INFO - Playing video
2026-10-07 10:39:06,019 - ultrasound - INFO - Database connection closed
2026-10-07 10:39:06,125 - ultrasound - INFO - Application exiting...
2026-10-07 10:43:42,158 - ultrasound - INFO - PySide6 imported successfully
2026-10-07 10:43:43,114 - ultrasound - INFO - OpenCV and NumPy imported successfully
2026-10-07 10:43:43,115 - ultrasound - INFO - ============================================================
2026-10-07 10:43:43,115 - ultrasound - INFO - AI Ultrasound Assistant V1.0
2026-10-07 10:43:43,116 - ultrasound - INFO - Starting application...
2026-10-07 10:43:43,116 - ultrasound - INFO - ============================================================
2026-10-07 10:43:43,274 - ultrasound - INFO - Qt Application initialized
2026-10-07 10:43:43,797 - ultrasound - INFO - Application components imported
2026-10-07 10:43:43,799 - ultrasound - INFO - Configuration loaded from settings.json
2026-10-07 10:43:43,800 - ultrasound - INFO - Creating main window...
2026-10-07 10:43:43,808 - ultrasound - INFO - All tables created successfully
2026-10-07 10:43:43,809 - ultrasound - INFO - Database initialized at ultrasound.db
2026-10-07 10:44:06,402 - ultrasound - INFO - Found 2 capture device(s)
2026-10-07 10:44:06,721 - ultrasound - INFO - Main window displayed
2026-10-07 10:44:06,732 - ultrasound - INFO - ============================================================
2026-10-07 10:44:06,744 - ultrasound - INFO - V1.0 Features Enabled:
2026-10-07 10:44:07,029 - ultrasound - INFO - ============================================================
2026-10-07 10:44:07,031 - ultrasound - INFO - Python: 3.14.8 (tags/v3.14.8:8e6e75d, Sep 30 2026, 18:19:33) [MSC v.1944 64 bit (AMD64)]
2026-10-07 10:44:07,042 - ultrasound - INFO - OpenCV: 5.0.0
2026-10-07 10:44:07,044 - ultrasound - INFO - NumPy: 2.5.3
2026-10-07 10:44:07,047 - ultrasound - INFO - Entering application event loop...
2026-10-07 10:44:19,124 - ultrasound - INFO - Video opened: 1361 frames @ 29.97002997002997 FPS (496x368)
2026-10-07 10:44:19,147 - ultrasound - INFO - Video loaded: echo me.mp4
2026-10-07 10:44:20,276 - ultrasound - INFO - Video playback started
2026-10-07 10:44:20,277 - ultrasound - INFO - Playing video
2026-10-07 10:44:23,163 - ultrasound - INFO - Database connection closed
2026-10-07 10:44:23,237 - ultrasound - INFO - Application exiting...
2026-10-07 10:51:04,856 - ultrasound - INFO - PySide6 imported successfully
2026-10-07 10:51:05,695 - ultrasound - INFO - OpenCV and NumPy imported successfully
2026-10-07 10:51:05,695 - ultrasound - INFO - ============================================================
2026-10-07 10:51:05,697 - ultrasound - INFO - AI Ultrasound Assistant V1.0
2026-10-07 10:51:05,697 - ultrasound - INFO - Starting application...
2026-10-07 10:51:05,698 - ultrasound - INFO - ============================================================
2026-10-07 10:51:05,822 - ultrasound - INFO - Qt Application initialized
2026-10-07 10:51:06,262 - ultrasound - INFO - Application components imported
2026-10-07 10:51:06,264 - ultrasound - INFO - Configuration loaded from settings.json
2026-10-07 10:51:06,265 - ultrasound - INFO - Creating main window...
2026-10-07 10:51:06,272 - ultrasound - INFO - All tables created successfully
2026-10-07 10:51:06,273 - ultrasound - INFO - Database initialized at ultrasound.db
2026-10-07 10:51:26,721 - ultrasound - INFO - Found 2 capture device(s)
2026-10-07 10:51:27,015 - ultrasound - INFO - Main window displayed
2026-10-07 10:51:27,055 - ultrasound - INFO - ============================================================
2026-10-07 10:51:27,059 - ultrasound - INFO - V1.0 Features Enabled:
2026-10-07 10:51:27,324 - ultrasound - INFO - ============================================================
2026-10-07 10:51:27,325 - ultrasound - INFO - Python: 3.14.8 (tags/v3.14.8:8e6e75d, Sep 30 2026, 18:19:33) [MSC v.1944 64 bit (AMD64)]
2026-10-07 10:51:27,339 - ultrasound - INFO - OpenCV: 5.0.0
2026-10-07 10:51:27,341 - ultrasound - INFO - NumPy: 2.5.3
2026-10-07 10:51:27,342 - ultrasound - INFO - Entering application event loop...
2026-10-07 10:51:37,083 - ultrasound - INFO - Video opened: 1361 frames @ 29.97002997002997 FPS (496x368)
2026-10-07 10:51:37,085 - ultrasound - INFO - Video loaded: echo me.mp4
2026-10-07 10:51:39,092 - ultrasound - INFO - Video playback started
2026-10-07 10:51:39,094 - ultrasound - INFO - Playing video
2026-10-07 10:52:01,676 - ultrasound - INFO - Video playback started
2026-10-07 10:52:01,677 - ultrasound - INFO - Playing video
2026-10-07 10:52:31,414 - ultrasound - INFO - Database connection closed
2026-10-07 10:52:31,763 - ultrasound - INFO - Application exiting...
2026-10-07 16:15:24,396 - ultrasound - INFO - PySide6 imported successfully
2026-10-07 16:15:24,398 - ultrasound - INFO - PySide6 imported successfully
2026-10-07 16:15:24,902 - ultrasound - INFO - OpenCV and NumPy imported successfully
2026-10-07 16:15:24,906 - ultrasound - INFO - ============================================================
2026-10-07 16:15:24,908 - ultrasound - INFO - AI Ultrasound Assistant V1.0
2026-10-07 16:15:24,914 - ultrasound - INFO - Starting application...
2026-10-07 16:15:24,919 - ultrasound - INFO - ============================================================
2026-10-07 16:15:24,970 - ultrasound - INFO - OpenCV and NumPy imported successfully
2026-10-07 16:15:24,972 - ultrasound - INFO - ============================================================
2026-10-07 16:15:24,973 - ultrasound - INFO - AI Ultrasound Assistant V1.0
2026-10-07 16:15:24,974 - ultrasound - INFO - Starting application...
2026-10-07 16:15:24,976 - ultrasound - INFO - ============================================================
2026-10-07 16:15:25,033 - ultrasound - INFO - Qt Application initialized
2026-10-07 16:15:25,057 - ultrasound - INFO - Qt Application initialized
2026-10-07 16:15:25,041 - ultrasound - ERROR - Unexpected error in main(): invalid syntax (main_window_v1.py, line 1)
Traceback (most recent call last):
  File "C:\Users\Laptopi-Homs\Pictures\echogpt\echogpt\main_v1_complete.py", line 80, in main
    from main_window_v1 import MainWindowV1
  File "C:\Users\Laptopi-Homs\Pictures\echogpt\echogpt\main_window_v1.py", line 1
    ```python
    ^
SyntaxError: invalid syntax
2026-10-07 16:15:25,065 - ultrasound - ERROR - Unexpected error in main(): invalid syntax (main_window_v1.py, line 1)
Traceback (most recent call last):
  File "C:\Users\Laptopi-Homs\Pictures\echogpt\echogpt\main_v1_complete.py", line 80, in main
    from main_window_v1 import MainWindowV1
  File "C:\Users\Laptopi-Homs\Pictures\echogpt\echogpt\main_window_v1.py", line 1
    ```python
    ^
SyntaxError: invalid syntax
2026-10-07 16:19:04,529 - ultrasound - INFO - PySide6 imported successfully
2026-10-07 16:19:04,922 - ultrasound - INFO - OpenCV and NumPy imported successfully
2026-10-07 16:19:04,922 - ultrasound - INFO - ============================================================
2026-10-07 16:19:04,923 - ultrasound - INFO - AI Ultrasound Assistant V1.0
2026-10-07 16:19:04,923 - ultrasound - INFO - Starting application...
2026-10-07 16:19:04,923 - ultrasound - INFO - ============================================================
2026-10-07 16:19:04,987 - ultrasound - INFO - Qt Application initialized
2026-10-07 16:19:05,038 - ultrasound - ERROR - Failed to import application components: cannot import name 'QDialog' from 'PySide6.QtCore' (C:\Users\Laptopi-Homs\AppData\Roaming\Python\Python314\site-packages\PySide6\QtCore.pyd)
2026-10-07 16:20:27,992 - ultrasound - INFO - PySide6 imported successfully
2026-10-07 16:20:28,375 - ultrasound - INFO - OpenCV and NumPy imported successfully
2026-10-07 16:20:28,376 - ultrasound - INFO - ============================================================
2026-10-07 16:20:28,376 - ultrasound - INFO - AI Ultrasound Assistant V1.0
2026-10-07 16:20:28,376 - ultrasound - INFO - Starting application...
2026-10-07 16:20:28,376 - ultrasound - INFO - ============================================================
2026-10-07 16:20:28,442 - ultrasound - INFO - Qt Application initialized
2026-10-07 16:20:28,447 - ultrasound - ERROR - Unexpected error in main(): unexpected indent (main_window_v1.py, line 20)
Traceback (most recent call last):
  File "C:\Users\Laptopi-Homs\Pictures\echogpt\echogpt\main_v1_complete.py", line 80, in main
    from main_window_v1 import MainWindowV1
  File "C:\Users\Laptopi-Homs\Pictures\echogpt\echogpt\main_window_v1.py", line 20
    param($m)
IndentationError: unexpected indent
2026-10-07 16:28:04,155 - ultrasound - INFO - PySide6 imported successfully
2026-10-07 16:28:04,582 - ultrasound - INFO - OpenCV and NumPy imported successfully
2026-10-07 16:28:04,583 - ultrasound - INFO - ============================================================
2026-10-07 16:28:04,583 - ultrasound - INFO - AI Ultrasound Assistant V1.0
2026-10-07 16:28:04,584 - ultrasound - INFO - Starting application...
2026-10-07 16:28:04,584 - ultrasound - INFO - ============================================================
2026-10-07 16:28:04,708 - ultrasound - INFO - Qt Application initialized
2026-10-07 16:28:04,754 - ultrasound - ERROR - Failed to import application components: cannot import name 'QDialog' from 'PySide6.QtCore' (C:\Users\Laptopi-Homs\AppData\Roaming\Python\Python314\site-packages\PySide6\QtCore.pyd)
2026-10-07 16:34:23,219 - ultrasound - INFO - PySide6 imported successfully
2026-10-07 16:34:23,608 - ultrasound - INFO - OpenCV and NumPy imported successfully
2026-10-07 16:34:23,608 - ultrasound - INFO - ============================================================
2026-10-07 16:34:23,611 - ultrasound - INFO - AI Ultrasound Assistant V1.0
2026-10-07 16:34:23,619 - ultrasound - INFO - Starting application...
2026-10-07 16:34:23,620 - ultrasound - INFO - ============================================================
2026-10-07 16:34:23,683 - ultrasound - INFO - Qt Application initialized
2026-10-07 16:34:23,878 - ultrasound - INFO - Application components imported
2026-10-07 16:34:23,887 - ultrasound - INFO - Configuration loaded from settings.json
2026-10-07 16:34:23,888 - ultrasound - INFO - Creating main window...
2026-10-07 16:34:23,910 - ultrasound - INFO - All tables created successfully
2026-10-07 16:34:23,911 - ultrasound - INFO - Database initialized at ultrasound.db
2026-10-07 16:34:33,513 - ultrasound - INFO - Found 2 capture device(s)
2026-10-07 16:34:33,697 - ultrasound - INFO - Main window displayed
2026-10-07 16:34:33,702 - ultrasound - INFO - ============================================================
2026-10-07 16:34:33,703 - ultrasound - INFO - V1.0 Features Enabled:
2026-10-07 16:34:34,153 - ultrasound - INFO - ============================================================
2026-10-07 16:34:34,154 - ultrasound - INFO - Python: 3.14.8 (tags/v3.14.8:8e6e75d, Sep 30 2026, 18:19:33) [MSC v.1944 64 bit (AMD64)]
2026-10-07 16:34:34,164 - ultrasound - INFO - OpenCV: 5.0.0
2026-10-07 16:34:34,165 - ultrasound - INFO - NumPy: 2.5.3
2026-10-07 16:34:34,169 - ultrasound - INFO - Entering application event loop...
2026-10-07 16:34:52,454 - ultrasound - INFO - Video paused
2026-10-07 16:34:52,600 - ultrasound - INFO - Video opened: 1361 frames @ 29.97002997002997 FPS (496x368)
2026-10-07 16:34:52,668 - ultrasound - ERROR - Error displaying video frame: FrameDisplayWidget has no supported frame display method
Traceback (most recent call last):
  File "C:\Users\Laptopi-Homs\Pictures\echogpt\echogpt\main_window_v1.py", line 1477, in display_frame
    raise RuntimeError(
        "FrameDisplayWidget has no supported frame display method"
    )
RuntimeError: FrameDisplayWidget has no supported frame display method
2026-10-07 16:34:52,672 - ultrasound - INFO - Video loaded: echo me.mp4 (1361 frames, 29.97 FPS)
2026-10-07 16:34:55,391 - ultrasound - INFO - Video playback started
2026-10-07 16:34:55,401 - ultrasound - INFO - Playing recorded video
2026-10-07 16:34:55,448 - ultrasound - ERROR - Error displaying video frame: FrameDisplayWidget has no supported frame display method
Traceback (most recent call last):
  File "C:\Users\Laptopi-Homs\Pictures\echogpt\echogpt\main_window_v1.py", line 1477, in display_frame
    raise RuntimeError(
        "FrameDisplayWidget has no supported frame display method"
    )
RuntimeError: FrameDisplayWidget has no supported frame display method
2026-10-07 16:34:55,494 - ultrasound - ERROR - Error displaying video frame: FrameDisplayWidget has no supported frame display method
Traceback (most recent call last):
  File "C:\Users\Laptopi-Homs\Pictures\echogpt\echogpt\main_window_v1.py", line 1477, in display_frame
    raise RuntimeError(
        "FrameDisplayWidget has no supported frame display method"
    )
RuntimeError: FrameDisplayWidget has no supported frame display method
2026-10-07 16:34:55,544 - ultrasound - ERROR - Error displaying video frame: FrameDisplayWidget has no supported frame display method
Traceback (most recent call last):
  File "C:\Users\Laptopi-Homs\Pictures\echogpt\echogpt\main_window_v1.py", line 1477, in display_frame
    raise RuntimeError(
        "FrameDisplayWidget has no supported frame display method"
    )
RuntimeError: FrameDisplayWidget has no supported frame display method
2026-10-07 16:34:55,589 - ultrasound - ERROR - Error displaying video frame: FrameDisplayWidget has no supported frame display method
Traceback (most recent call last):
  File "C:\Users\Laptopi-Homs\Pictures\echogpt\echogpt\main_window_v1.py", line 1477, in display_frame
    raise RuntimeError(
        "FrameDisplayWidget has no supported frame display method"
    )
RuntimeError: FrameDisplayWidget has no supported frame display method
2026-10-07 16:34:55,640 - ultrasound - ERROR - Error displaying video frame: FrameDisplayWidget has no supported frame display method
Traceback (most recent call last):
  File "C:\Users\Laptopi-Homs\Pictures\echogpt\echogpt\main_window_v1.py", line 1477, in display_frame
    raise RuntimeError(
        "FrameDisplayWidget has no supported frame display method"
    )
RuntimeError: FrameDisplayWidget has no supported frame display method
2026-10-07 16:34:55,681 - ultrasound - ERROR - Error displaying video frame: FrameDisplayWidget has no supported frame display method
Traceback (most recent call last):
  File "C:\Users\Laptopi-Homs\Pictures\echogpt\echogpt\main_window_v1.py", line 1477, in display_frame
    raise RuntimeError(
        "FrameDisplayWidget has no supported frame display method"
    )
RuntimeError: FrameDisplayWidget has no supported frame display method
2026-10-07 16:34:55,727 - ultrasound - ERROR - Error displaying video frame: FrameDisplayWidget has no supported frame display method
Traceback (most recent call last):
  File "C:\Users\Laptopi-Homs\Pictures\echogpt\echogpt\main_window_v1.py", line 1477, in display_frame
    raise RuntimeError(
        "FrameDisplayWidget has no supported frame display method"
    )
RuntimeError: FrameDisplayWidget has no supported frame display method
2026-10-07 16:34:55,775 - ultrasound - ERROR - Error displaying video frame: FrameDisplayWidget has no supported frame display method
Traceback (most recent call last):
  File "C:\Users\Laptopi-Homs\Pictures\echogpt\echogpt\main_window_v1.py", line 1477, in display_frame
    raise RuntimeError(
        "FrameDisplayWidget has no supported frame display method"
    )
RuntimeError: FrameDisplayWidget has no supported frame display method
2026-10-07 16:34:55,820 - ultrasound - ERROR - Error displaying video frame: FrameDisplayWidget has no supported frame display method
Traceback (most recent call last):
  File "C:\Users\Laptopi-Homs\Pictures\echogpt\echogpt\main_window_v1.py", line 1477, in display_frame
    raise RuntimeError(
        "FrameDisplayWidget has no supported frame display method"
    )
RuntimeError: FrameDisplayWidget has no supported frame display method
2026-10-07 16:34:55,867 - ultrasound - ERROR - Error displaying video frame: FrameDisplayWidget has no supported frame display method
Traceback (most recent call last):
  File "C:\Users\Laptopi-Homs\Pictures\echogpt\echogpt\main_window_v1.py", line 1477, in display_frame
    raise RuntimeError(
        "FrameDisplayWidget has no supported frame display method"
    )
RuntimeError: FrameDisplayWidget has no supported frame display method
2026-10-07 16:34:55,913 - ultrasound - ERROR - Error displaying video frame: FrameDisplayWidget has no supported frame display method
Traceback (most recent call last):
  File "C:\Users\Laptopi-Homs\Pictures\echogpt\echogpt\main_window_v1.py", line 1477, in display_frame
    raise RuntimeError(
        "FrameDisplayWidget has no supported frame display method"
    )
RuntimeError: FrameDisplayWidget has no supported frame display method
2026-10-07 16:34:55,962 - ultrasound - ERROR - Error displaying video frame: FrameDisplayWidget has no supported frame display method
Traceback (most recent call last):
  File "C:\Users\Laptopi-Homs\Pictures\echogpt\echogpt\main_window_v1.py", line 1477, in display_frame
    raise RuntimeError(
        "FrameDisplayWidget has no supported frame display method"
    )
RuntimeError: FrameDisplayWidget has no supported frame display method
2026-10-07 16:34:56,009 - ultrasound - ERROR - Error displaying video frame: FrameDisplayWidget has no supported frame display method
Traceback (most recent call last):
  File "C:\Users\Laptopi-Homs\Pictures\echogpt\echogpt\main_window_v1.py", line 1477, in display_frame
    raise RuntimeError(
        "FrameDisplayWidget has no supported frame display method"
    )
RuntimeError: FrameDisplayWidget has no supported frame display method
2026-10-07 16:34:56,061 - ultrasound - ERROR - Error displaying video frame: FrameDisplayWidget has no supported frame display method
Traceback (most recent call last):
  File "C:\Users\Laptopi-Homs\Pictures\echogpt\echogpt\main_window_v1.py", line 1477, in display_frame
    raise RuntimeError(
        "FrameDisplayWidget has no supported frame display method"
    )
RuntimeError: FrameDisplayWidget has no supported frame display method
2026-10-07 16:34:56,109 - ultrasound - ERROR - Error displaying video frame: FrameDisplayWidget has no supported frame display method
Traceback (most recent call last):
  File "C:\Users\Laptopi-Homs\Pictures\echogpt\echogpt\main_window_v1.py", line 1477, in display_frame
    raise RuntimeError(
        "FrameDisplayWidget has no supported frame display method"
    )
RuntimeError: FrameDisplayWidget has no supported frame display method
2026-10-07 16:34:56,157 - ultrasound - ERROR - Error displaying video frame: FrameDisplayWidget has no supported frame display method
Traceback (most recent call last):
  File "C:\Users\Laptopi-Homs\Pictures\echogpt\echogpt\main_window_v1.py", line 1477, in display_frame
    raise RuntimeError(
        "FrameDisplayWidget has no supported frame display method"
    )
RuntimeError: FrameDisplayWidget has no supported frame display method
2026-10-07 16:34:56,202 - ultrasound - ERROR - Error displaying video frame: FrameDisplayWidget has no supported frame display method
Traceback (most recent call last):
  File "C:\Users\Laptopi-Homs\Pictures\echogpt\echogpt\main_window_v1.py", line 1477, in display_frame
    raise RuntimeError(
        "FrameDisplayWidget has no supported frame display method"
    )
RuntimeError: FrameDisplayWidget has no supported frame display method
2026-10-07 16:34:56,244 - ultrasound - ERROR - Error displaying video frame: FrameDisplayWidget has no supported frame display method
Traceback (most recent call last):
  File "C:\Users\Laptopi-Homs\Pictures\echogpt\echogpt\main_window_v1.py", line 1477, in display_frame
    raise RuntimeError(
        "FrameDisplayWidget has no supported frame display method"
    )
RuntimeError: FrameDisplayWidget has no supported frame display method
2026-10-07 16:34:56,290 - ultrasound - ERROR - Error displaying video frame: FrameDisplayWidget has no supported frame display method
Traceback (most recent call last):
  File "C:\Users\Laptopi-Homs\Pictures\echogpt\echogpt\main_window_v1.py", line 1477, in display_frame
    raise RuntimeError(
        "FrameDisplayWidget has no supported frame display method"
    )
RuntimeError: FrameDisplayWidget has no supported frame display method
2026-10-07 16:34:56,337 - ultrasound - ERROR - Error displaying video frame: FrameDisplayWidget has no supported frame display method
Traceback (most recent call last):
  File "C:\Users\Laptopi-Homs\Pictures\echogpt\echogpt\main_window_v1.py", line 1477, in display_frame
    raise RuntimeError(
        "FrameDisplayWidget has no supported frame display method"
    )
RuntimeError: FrameDisplayWidget has no supported frame display method
2026-10-07 16:34:56,383 - ultrasound - ERROR - Error displaying video frame: FrameDisplayWidget has no supported frame display method
Traceback (most recent call last):
  File "C:\Users\Laptopi-Homs\Pictures\echogpt\echogpt\main_window_v1.py", line 1477, in display_frame
    raise RuntimeError(
        "FrameDisplayWidget has no supported frame display method"
    )
RuntimeError: FrameDisplayWidget has no supported frame display method
2026-10-07 16:34:56,431 - ultrasound - ERROR - Error displaying video frame: FrameDisplayWidget has no supported frame display method
Traceback (most recent call last):
  File "C:\Users\Laptopi-Homs\Pictures\echogpt\echogpt\main_window_v1.py", line 1477, in display_frame
    raise RuntimeError(
        "FrameDisplayWidget has no supported frame display method"
    )
RuntimeError: FrameDisplayWidget has no supported frame display method
2026-10-07 16:34:56,477 - ultrasound - ERROR - Error displaying video frame: FrameDisplayWidget has no supported frame display method
Traceback (most recent call last):
  File "C:\Users\Laptopi-Homs\Pictures\echogpt\echogpt\main_window_v1.py", line 1477, in display_frame
    raise RuntimeError(
        "FrameDisplayWidget has no supported frame display method"
    )
RuntimeError: FrameDisplayWidget has no supported frame display method
2026-10-07 16:34:56,525 - ultrasound - ERROR - Error displaying video frame: FrameDisplayWidget has no supported frame display method
Traceback (most recent call last):
  File "C:\Users\Laptopi-Homs\Pictures\echogpt\echogpt\main_window_v1.py", line 1477, in display_frame
    raise RuntimeError(
        "FrameDisplayWidget has no supported frame display method"
    )
RuntimeError: FrameDisplayWidget has no supported frame display method
2026-10-07 16:34:56,572 - ultrasound - ERROR - Error displaying video frame: FrameDisplayWidget has no supported frame display method
Traceback (most recent call last):
  File "C:\Users\Laptopi-Homs\Pictures\echogpt\echogpt\main_window_v1.py", line 1477, in display_frame
    raise RuntimeError(
        "FrameDisplayWidget has no supported frame display method"
    )
RuntimeError: FrameDisplayWidget has no supported frame display method
2026-10-07 16:34:56,621 - ultrasound - ERROR - Error displaying video frame: FrameDisplayWidget has no supported frame display method
Traceback (most recent call last):
  File "C:\Users\Laptopi-Homs\Pictures\echogpt\echogpt\main_window_v1.py", line 1477, in display_frame
    raise RuntimeError(
        "FrameDisplayWidget has no supported frame display method"
    )
RuntimeError: FrameDisplayWidget has no supported frame display method
2026-10-07 16:34:56,664 - ultrasound - ERROR - Error displaying video frame: FrameDisplayWidget has no supported frame display method
Traceback (most recent call last):
  File "C:\Users\Laptopi-Homs\Pictures\echogpt\echogpt\main_window_v1.py", line 1477, in display_frame
    raise RuntimeError(
        "FrameDisplayWidget has no supported frame display method"
    )
RuntimeError: FrameDisplayWidget has no supported frame display method
2026-10-07 16:34:56,711 - ultrasound - ERROR - Error displaying video frame: FrameDisplayWidget has no supported frame display method
Traceback (most recent call last):
  File "C:\Users\Laptopi-Homs\Pictures\echogpt\echogpt\main_window_v1.py", line 1477, in display_frame
    raise RuntimeError(
        "FrameDisplayWidget has no supported frame display method"
    )
RuntimeError: FrameDisplayWidget has no supported frame display method
2026-10-07 16:34:56,759 - ultrasound - ERROR - Error displaying video frame: FrameDisplayWidget has no supported frame display method
Traceback (most recent call last):
  File "C:\Users\Laptopi-Homs\Pictures\echogpt\echogpt\main_window_v1.py", line 1477, in display_frame
    raise RuntimeError(
        "FrameDisplayWidget has no supported frame display method"
    )
RuntimeError: FrameDisplayWidget has no supported frame display method
2026-10-07 16:34:56,806 - ultrasound - ERROR - Error displaying video frame: FrameDisplayWidget has no supported frame display method
Traceback (most recent call last):
  File "C:\Users\Laptopi-Homs\Pictures\echogpt\echogpt\main_window_v1.py", line 1477, in display_frame
    raise RuntimeError(
        "FrameDisplayWidget has no supported frame display method"
    )
RuntimeError: FrameDisplayWidget has no supported frame display method
2026-10-07 16:34:56,852 - ultrasound - ERROR - Error displaying video frame: FrameDisplayWidget has no supported frame display method
Traceback (most recent call last):
  File "C:\Users\Laptopi-Homs\Pictures\echogpt\echogpt\main_window_v1.py", line 1477, in display_frame
    raise RuntimeError(
        "FrameDisplayWidget has no supported frame display method"
    )
RuntimeError: FrameDisplayWidget has no supported frame display method
2026-10-07 16:34:56,898 - ultrasound - ERROR - Error displaying video frame: FrameDisplayWidget has no supported frame display method
Traceback (most recent call last):
  File "C:\Users\Laptopi-Homs\Pictures\echogpt\echogpt\main_window_v1.py", line 1477, in display_frame
    raise RuntimeError(
        "FrameDisplayWidget has no supported frame display method"
    )
RuntimeError: FrameDisplayWidget has no supported frame display method
2026-10-07 16:34:56,945 - ultrasound - ERROR - Error displaying video frame: FrameDisplayWidget has no supported frame display method
Traceback (most recent call last):
  File "C:\Users\Laptopi-Homs\Pictures\echogpt\echogpt\main_window_v1.py", line 1477, in display_frame
    raise RuntimeError(
        "FrameDisplayWidget has no supported frame display method"
    )
RuntimeError: FrameDisplayWidget has no supported frame display method
2026-10-07 16:34:56,992 - ultrasound - ERROR - Error displaying video frame: FrameDisplayWidget has no supported frame display method
Traceback (most recent call last):
  File "C:\Users\Laptopi-Homs\Pictures\echogpt\echogpt\main_window_v1.py", line 1477, in display_frame
    raise RuntimeError(
        "FrameDisplayWidget has no supported frame display method"
    )
RuntimeError: FrameDisplayWidget has no supported frame display method
2026-10-07 16:34:57,039 - ultrasound - ERROR - Error displaying video frame: FrameDisplayWidget has no supported frame display method
Traceback (most recent call last):
  File "C:\Users\Laptopi-Homs\Pictures\echogpt\echogpt\main_window_v1.py", line 1477, in display_frame
    raise RuntimeError(
        "FrameDisplayWidget has no supported frame display method"
    )
RuntimeError: FrameDisplayWidget has no supported frame display method
2026-10-07 16:34:57,086 - ultrasound - ERROR - Error displaying video frame: FrameDisplayWidget has no supported frame display method
Traceback (most recent call last):
  File "C:\Users\Laptopi-Homs\Pictures\echogpt\echogpt\main_window_v1.py", line 1477, in display_frame
    raise RuntimeError(
        "FrameDisplayWidget has no supported frame display method"
    )
RuntimeError: FrameDisplayWidget has no supported frame display method
2026-10-07 16:34:57,133 - ultrasound - ERROR - Error displaying video frame: FrameDisplayWidget has no supported frame display method
Traceback (most recent call last):
  File "C:\Users\Laptopi-Homs\Pictures\echogpt\echogpt\main_window_v1.py", line 1477, in display_frame
    raise RuntimeError(
        "FrameDisplayWidget has no supported frame display method"
    )
RuntimeError: FrameDisplayWidget has no supported frame display method
2026-10-07 16:34:57,180 - ultrasound - ERROR - Error displaying video frame: FrameDisplayWidget has no supported frame display method
Traceback (most recent call last):
  File "C:\Users\Laptopi-Homs\Pictures\echogpt\echogpt\main_window_v1.py", line 1477, in display_frame
    raise RuntimeError(
        "FrameDisplayWidget has no supported frame display method"
    )
RuntimeError: FrameDisplayWidget has no supported frame display method
2026-10-07 16:34:57,227 - ultrasound - ERROR - Error displaying video frame: FrameDisplayWidget has no supported frame display method
Traceback (most recent call last):
  File "C:\Users\Laptopi-Homs\Pictures\echogpt\echogpt\main_window_v1.py", line 1477, in display_frame
    raise RuntimeError(
        "FrameDisplayWidget has no supported frame display method"
    )
RuntimeError: FrameDisplayWidget has no supported frame display method
2026-10-07 16:34:57,279 - ultrasound - ERROR - Error displaying video frame: FrameDisplayWidget has no supported frame display method
Traceback (most recent call last):
  File "C:\Users\Laptopi-Homs\Pictures\echogpt\echogpt\main_window_v1.py", line 1477, in display_frame
    raise RuntimeError(
        "FrameDisplayWidget has no supported frame display method"
    )
RuntimeError: FrameDisplayWidget has no supported frame display method
2026-10-07 16:34:57,325 - ultrasound - ERROR - Error displaying video frame: FrameDisplayWidget has no supported frame display method
Traceback (most recent call last):
  File "C:\Users\Laptopi-Homs\Pictures\echogpt\echogpt\main_window_v1.py", line 1477, in display_frame
    raise RuntimeError(
        "FrameDisplayWidget has no supported frame display method"
    )
RuntimeError: FrameDisplayWidget has no supported frame display method
2026-10-07 16:34:57,372 - ultrasound - ERROR - Error displaying video frame: FrameDisplayWidget has no supported frame display method
Traceback (most recent call last):
  File "C:\Users\Laptopi-Homs\Pictures\echogpt\echogpt\main_window_v1.py", line 1477, in display_frame
    raise RuntimeError(
        "FrameDisplayWidget has no supported frame display method"
    )
RuntimeError: FrameDisplayWidget has no supported frame display method
2026-10-07 16:34:57,419 - ultrasound - ERROR - Error displaying video frame: FrameDisplayWidget has no supported frame display method
Traceback (most recent call last):
  File "C:\Users\Laptopi-Homs\Pictures\echogpt\echogpt\main_window_v1.py", line 1477, in display_frame
    raise RuntimeError(
        "FrameDisplayWidget has no supported frame display method"
    )
RuntimeError: FrameDisplayWidget has no supported frame display method
2026-10-07 16:34:57,466 - ultrasound - ERROR - Error displaying video frame: FrameDisplayWidget has no supported frame display method
Traceback (most recent call last):
  File "C:\Users\Laptopi-Homs\Pictures\echogpt\echogpt\main_window_v1.py", line 1477, in display_frame
    raise RuntimeError(
        "FrameDisplayWidget has no supported frame display method"
    )
RuntimeError: FrameDisplayWidget has no supported frame display method
2026-10-07 16:34:57,513 - ultrasound - ERROR - Error displaying video frame: FrameDisplayWidget has no supported frame display method
Traceback (most recent call last):
  File "C:\Users\Laptopi-Homs\Pictures\echogpt\echogpt\main_window_v1.py", line 1477, in display_frame
    raise RuntimeError(
        "FrameDisplayWidget has no supported frame display method"
    )
RuntimeError: FrameDisplayWidget has no supported frame display method
2026-10-07 16:34:57,559 - ultrasound - ERROR - Error displaying video frame: FrameDisplayWidget has no supported frame display method
Traceback (most recent call last):
  File "C:\Users\Laptopi-Homs\Pictures\echogpt\echogpt\main_window_v1.py", line 1477, in display_frame
    raise RuntimeError(
        "FrameDisplayWidget has no supported frame display method"
    )
RuntimeError: FrameDisplayWidget has no supported frame display method
2026-10-07 16:34:57,607 - ultrasound - ERROR - Error displaying video frame: FrameDisplayWidget has no supported frame display method
Traceback (most recent call last):
  File "C:\Users\Laptopi-Homs\Pictures\echogpt\echogpt\main_window_v1.py", line 1477, in display_frame
    raise RuntimeError(
        "FrameDisplayWidget has no supported frame display method"
    )
RuntimeError: FrameDisplayWidget has no supported frame display method
2026-10-07 16:34:57,653 - ultrasound - ERROR - Error displaying video frame: FrameDisplayWidget has no supported frame display method
Traceback (most recent call last):
  File "C:\Users\Laptopi-Homs\Pictures\echogpt\echogpt\main_window_v1.py", line 1477, in display_frame
    raise RuntimeError(
        "FrameDisplayWidget has no supported frame display method"
    )
RuntimeError: FrameDisplayWidget has no supported frame display method
2026-10-07 16:34:57,700 - ultrasound - ERROR - Error displaying video frame: FrameDisplayWidget has no supported frame display method
Traceback (most recent call last):
  File "C:\Users\Laptopi-Homs\Pictures\echogpt\echogpt\main_window_v1.py", line 1477, in display_frame
    raise RuntimeError(
        "FrameDisplayWidget has no supported frame display method"
    )
RuntimeError: FrameDisplayWidget has no supported frame display method
2026-10-07 16:34:57,747 - ultrasound - ERROR - Error displaying video frame: FrameDisplayWidget has no supported frame display method
Traceback (most recent call last):
  File "C:\Users\Laptopi-Homs\Pictures\echogpt\echogpt\main_window_v1.py", line 1477, in display_frame
    raise RuntimeError(
        "FrameDisplayWidget has no supported frame display method"
    )
RuntimeError: FrameDisplayWidget has no supported frame display method
2026-10-07 16:34:57,794 - ultrasound - ERROR - Error displaying video frame: FrameDisplayWidget has no supported frame display method
Traceback (most recent call last):
  File "C:\Users\Laptopi-Homs\Pictures\echogpt\echogpt\main_window_v1.py", line 1477, in display_frame
    raise RuntimeError(
        "FrameDisplayWidget has no supported frame display method"
    )
RuntimeError: FrameDisplayWidget has no supported frame display method
2026-10-07 16:34:57,840 - ultrasound - ERROR - Error displaying video frame: FrameDisplayWidget has no supported frame display method
Traceback (most recent call last):
  File "C:\Users\Laptopi-Homs\Pictures\echogpt\echogpt\main_window_v1.py", line 1477, in display_frame
    raise RuntimeError(
        "FrameDisplayWidget has no supported frame display method"
    )
RuntimeError: FrameDisplayWidget has no supported frame display method
2026-10-07 16:34:57,887 - ultrasound - ERROR - Error displaying video frame: FrameDisplayWidget has no supported frame display method
Traceback (most recent call last):
  File "C:\Users\Laptopi-Homs\Pictures\echogpt\echogpt\main_window_v1.py", line 1477, in display_frame
    raise RuntimeError(
        "FrameDisplayWidget has no supported frame display method"
    )
RuntimeError: FrameDisplayWidget has no supported frame display method
2026-10-07 16:34:57,927 - ultrasound - ERROR - Error displaying video frame: FrameDisplayWidget has no supported frame display method
Traceback (most recent call last):
  File "C:\Users\Laptopi-Homs\Pictures\echogpt\echogpt\main_window_v1.py", line 1477, in display_frame
    raise RuntimeError(
        "FrameDisplayWidget has no supported frame display method"
    )
RuntimeError: FrameDisplayWidget has no supported frame display method
2026-10-07 16:34:57,974 - ultrasound - ERROR - Error displaying video frame: FrameDisplayWidget has no supported frame display method
Traceback (most recent call last):
  File "C:\Users\Laptopi-Homs\Pictures\echogpt\echogpt\main_window_v1.py", line 1477, in display_frame
    raise RuntimeError(
        "FrameDisplayWidget has no supported frame display method"
    )
RuntimeError: FrameDisplayWidget has no supported frame display method
2026-10-07 16:34:58,031 - ultrasound - ERROR - Error displaying video frame: FrameDisplayWidget has no supported frame display method
Traceback (most recent call last):
  File "C:\Users\Laptopi-Homs\Pictures\echogpt\echogpt\main_window_v1.py", line 1477, in display_frame
    raise RuntimeError(
        "FrameDisplayWidget has no supported frame display method"
    )
RuntimeError: FrameDisplayWidget has no supported frame display method
2026-10-07 16:34:58,078 - ultrasound - ERROR - Error displaying video frame: FrameDisplayWidget has no supported frame display method
Traceback (most recent call last):
  File "C:\Users\Laptopi-Homs\Pictures\echogpt\echogpt\main_window_v1.py", line 1477, in display_frame
    raise RuntimeError(
        "FrameDisplayWidget has no supported frame display method"
    )
RuntimeError: FrameDisplayWidget has no supported frame display method
2026-10-07 16:34:58,125 - ultrasound - ERROR - Error displaying video frame: FrameDisplayWidget has no supported frame display method
Traceback (most recent call last):
  File "C:\Users\Laptopi-Homs\Pictures\echogpt\echogpt\main_window_v1.py", line 1477, in display_frame
    raise RuntimeError(
        "FrameDisplayWidget has no supported frame display method"
    )
RuntimeError: FrameDisplayWidget has no supported frame display method
2026-10-07 16:34:58,172 - ultrasound - ERROR - Error displaying video frame: FrameDisplayWidget has no supported frame display method
Traceback (most recent call last):
  File "C:\Users\Laptopi-Homs\Pictures\echogpt\echogpt\main_window_v1.py", line 1477, in display_frame
    raise RuntimeError(
        "FrameDisplayWidget has no supported frame display method"
    )
RuntimeError: FrameDisplayWidget has no supported frame display method
2026-10-07 16:34:58,219 - ultrasound - ERROR - Error displaying video frame: FrameDisplayWidget has no supported frame display method
Traceback (most recent call last):
  File "C:\Users\Laptopi-Homs\Pictures\echogpt\echogpt\main_window_v1.py", line 1477, in display_frame
    raise RuntimeError(
        "FrameDisplayWidget has no supported frame display method"
    )
RuntimeError: FrameDisplayWidget has no supported frame display method
2026-10-07 16:34:58,262 - ultrasound - ERROR - Error displaying video frame: FrameDisplayWidget has no supported frame display method
Traceback (most recent call last):
  File "C:\Users\Laptopi-Homs\Pictures\echogpt\echogpt\main_window_v1.py", line 1477, in display_frame
    raise RuntimeError(
        "FrameDisplayWidget has no supported frame display method"
    )
RuntimeError: FrameDisplayWidget has no supported frame display method
2026-10-07 16:34:58,308 - ultrasound - ERROR - Error displaying video frame: FrameDisplayWidget has no supported frame display method
Traceback (most recent call last):
  File "C:\Users\Laptopi-Homs\Pictures\echogpt\echogpt\main_window_v1.py", line 1477, in display_frame
    raise RuntimeError(
        "FrameDisplayWidget has no supported frame display method"
    )
RuntimeError: FrameDisplayWidget has no supported frame display method
2026-10-07 16:34:58,355 - ultrasound - ERROR - Error displaying video frame: FrameDisplayWidget has no supported frame display method
Traceback (most recent call last):
  File "C:\Users\Laptopi-Homs\Pictures\echogpt\echogpt\main_window_v1.py", line 1477, in display_frame
    raise RuntimeError(
        "FrameDisplayWidget has no supported frame display method"
    )
RuntimeError: FrameDisplayWidget has no supported frame display method
2026-10-07 16:34:58,402 - ultrasound - ERROR - Error displaying video frame: FrameDisplayWidget has no supported frame display method
Traceback (most recent call last):
  File "C:\Users\Laptopi-Homs\Pictures\echogpt\echogpt\main_window_v1.py", line 1477, in display_frame
    raise RuntimeError(
        "FrameDisplayWidget has no supported frame display method"
    )
RuntimeError: FrameDisplayWidget has no supported frame display method
2026-10-07 16:34:58,449 - ultrasound - ERROR - Error displaying video frame: FrameDisplayWidget has no supported frame display method
Traceback (most recent call last):
  File "C:\Users\Laptopi-Homs\Pictures\echogpt\echogpt\main_window_v1.py", line 1477, in display_frame
    raise RuntimeError(
        "FrameDisplayWidget has no supported frame display method"
    )
RuntimeError: FrameDisplayWidget has no supported frame display method
2026-10-07 16:34:58,496 - ultrasound - ERROR - Error displaying video frame: FrameDisplayWidget has no supported frame display method
Traceback (most recent call last):
  File "C:\Users\Laptopi-Homs\Pictures\echogpt\echogpt\main_window_v1.py", line 1477, in display_frame
    raise RuntimeError(
        "FrameDisplayWidget has no supported frame display method"
    )
RuntimeError: FrameDisplayWidget has no supported frame display method
2026-10-07 16:34:58,543 - ultrasound - ERROR - Error displaying video frame: FrameDisplayWidget has no supported frame display method
Traceback (most recent call last):
  File "C:\Users\Laptopi-Homs\Pictures\echogpt\echogpt\main_window_v1.py", line 1477, in display_frame
    raise RuntimeError(
        "FrameDisplayWidget has no supported frame display method"
    )
RuntimeError: FrameDisplayWidget has no supported frame display method
2026-10-07 16:34:58,589 - ultrasound - ERROR - Error displaying video frame: FrameDisplayWidget has no supported frame display method
Traceback (most recent call last):
  File "C:\Users\Laptopi-Homs\Pictures\echogpt\echogpt\main_window_v1.py", line 1477, in display_frame
    raise RuntimeError(
        "FrameDisplayWidget has no supported frame display method"
    )
RuntimeError: FrameDisplayWidget has no supported frame display method
2026-10-07 16:34:58,637 - ultrasound - ERROR - Error displaying video frame: FrameDisplayWidget has no supported frame display method
Traceback (most recent call last):
  File "C:\Users\Laptopi-Homs\Pictures\echogpt\echogpt\main_window_v1.py", line 1477, in display_frame
    raise RuntimeError(
        "FrameDisplayWidget has no supported frame display method"
    )
RuntimeError: FrameDisplayWidget has no supported frame display method
2026-10-07 16:34:58,683 - ultrasound - ERROR - Error displaying video frame: FrameDisplayWidget has no supported frame display method
Traceback (most recent call last):
  File "C:\Users\Laptopi-Homs\Pictures\echogpt\echogpt\main_window_v1.py", line 1477, in display_frame
    raise RuntimeError(
        "FrameDisplayWidget has no supported frame display method"
    )
RuntimeError: FrameDisplayWidget has no supported frame display method
2026-10-07 16:34:58,729 - ultrasound - ERROR - Error displaying video frame: FrameDisplayWidget has no supported frame display method
Traceback (most recent call last):
  File "C:\Users\Laptopi-Homs\Pictures\echogpt\echogpt\main_window_v1.py", line 1477, in display_frame
    raise RuntimeError(
        "FrameDisplayWidget has no supported frame display method"
    )
RuntimeError: FrameDisplayWidget has no supported frame display method
2026-10-07 16:34:58,777 - ultrasound - ERROR - Error displaying video frame: FrameDisplayWidget has no supported frame display method
Traceback (most recent call last):
  File "C:\Users\Laptopi-Homs\Pictures\echogpt\echogpt\main_window_v1.py", line 1477, in display_frame
    raise RuntimeError(
        "FrameDisplayWidget has no supported frame display method"
    )
RuntimeError: FrameDisplayWidget has no supported frame display method
2026-10-07 16:34:58,823 - ultrasound - ERROR - Error displaying video frame: FrameDisplayWidget has no supported frame display method
Traceback (most recent call last):
  File "C:\Users\Laptopi-Homs\Pictures\echogpt\echogpt\main_window_v1.py", line 1477, in display_frame
    raise RuntimeError(
        "FrameDisplayWidget has no supported frame display method"
    )
RuntimeError: FrameDisplayWidget has no supported frame display method
2026-10-07 16:34:58,870 - ultrasound - ERROR - Error displaying video frame: FrameDisplayWidget has no supported frame display method
Traceback (most recent call last):
  File "C:\Users\Laptopi-Homs\Pictures\echogpt\echogpt\main_window_v1.py", line 1477, in display_frame
    raise RuntimeError(
        "FrameDisplayWidget has no supported frame display method"
    )
RuntimeError: FrameDisplayWidget has no supported frame display method
2026-10-07 16:34:58,917 - ultrasound - ERROR - Error displaying video frame: FrameDisplayWidget has no supported frame display method
Traceback (most recent call last):
  File "C:\Users\Laptopi-Homs\Pictures\echogpt\echogpt\main_window_v1.py", line 1477, in display_frame
    raise RuntimeError(
        "FrameDisplayWidget has no supported frame display method"
    )
RuntimeError: FrameDisplayWidget has no supported frame display method
2026-10-07 16:34:58,964 - ultrasound - ERROR - Error displaying video frame: FrameDisplayWidget has no supported frame display method
Traceback (most recent call last):
  File "C:\Users\Laptopi-Homs\Pictures\echogpt\echogpt\main_window_v1.py", line 1477, in display_frame
    raise RuntimeError(
        "FrameDisplayWidget has no supported frame display method"
    )
RuntimeError: FrameDisplayWidget has no supported frame display method
2026-10-07 16:34:59,011 - ultrasound - ERROR - Error displaying video frame: FrameDisplayWidget has no supported frame display method
Traceback (most recent call last):
  File "C:\Users\Laptopi-Homs\Pictures\echogpt\echogpt\main_window_v1.py", line 1477, in display_frame
    raise RuntimeError(
        "FrameDisplayWidget has no supported frame display method"
    )
RuntimeError: FrameDisplayWidget has no supported frame display method
2026-10-07 16:34:59,058 - ultrasound - ERROR - Error displaying video frame: FrameDisplayWidget has no supported frame display method
Traceback (most recent call last):
  File "C:\Users\Laptopi-Homs\Pictures\echogpt\echogpt\main_window_v1.py", line 1477, in display_frame
    raise RuntimeError(
        "FrameDisplayWidget has no supported frame display method"
    )
RuntimeError: FrameDisplayWidget has no supported frame display method
2026-10-07 16:34:59,105 - ultrasound - ERROR - Error displaying video frame: FrameDisplayWidget has no supported frame display method
Traceback (most recent call last):
  File "C:\Users\Laptopi-Homs\Pictures\echogpt\echogpt\main_window_v1.py", line 1477, in display_frame
    raise RuntimeError(
        "FrameDisplayWidget has no supported frame display method"
    )
RuntimeError: FrameDisplayWidget has no supported frame display method
2026-10-07 16:34:59,152 - ultrasound - ERROR - Error displaying video frame: FrameDisplayWidget has no supported frame display method
Traceback (most recent call last):
  File "C:\Users\Laptopi-Homs\Pictures\echogpt\echogpt\main_window_v1.py", line 1477, in display_frame
    raise RuntimeError(
        "FrameDisplayWidget has no supported frame display method"
    )
RuntimeError: FrameDisplayWidget has no supported frame display method
2026-10-07 16:34:59,198 - ultrasound - ERROR - Error displaying video frame: FrameDisplayWidget has no supported frame display method
Traceback (most recent call last):
  File "C:\Users\Laptopi-Homs\Pictures\echogpt\echogpt\main_window_v1.py", line 1477, in display_frame
    raise RuntimeError(
        "FrameDisplayWidget has no supported frame display method"
    )
RuntimeError: FrameDisplayWidget has no supported frame display method
2026-10-07 16:34:59,245 - ultrasound - ERROR - Error displaying video frame: FrameDisplayWidget has no supported frame display method
Traceback (most recent call last):
  File "C:\Users\Laptopi-Homs\Pictures\echogpt\echogpt\main_window_v1.py", line 1477, in display_frame
    raise RuntimeError(
        "FrameDisplayWidget has no supported frame display method"
    )
RuntimeError: FrameDisplayWidget has no supported frame display method
2026-10-07 16:34:59,284 - ultrasound - ERROR - Error displaying video frame: FrameDisplayWidget has no supported frame display method
Traceback (most recent call last):
  File "C:\Users\Laptopi-Homs\Pictures\echogpt\echogpt\main_window_v1.py", line 1477, in display_frame
    raise RuntimeError(
        "FrameDisplayWidget has no supported frame display method"
    )
RuntimeError: FrameDisplayWidget has no supported frame display method
2026-10-07 16:34:59,331 - ultrasound - ERROR - Error displaying video frame: FrameDisplayWidget has no supported frame display method
Traceback (most recent call last):
  File "C:\Users\Laptopi-Homs\Pictures\echogpt\echogpt\main_window_v1.py", line 1477, in display_frame
    raise RuntimeError(
        "FrameDisplayWidget has no supported frame display method"
    )
RuntimeError: FrameDisplayWidget has no supported frame display method
2026-10-07 16:34:59,378 - ultrasound - ERROR - Error displaying video frame: FrameDisplayWidget has no supported frame display method
Traceback (most recent call last):
  File "C:\Users\Laptopi-Homs\Pictures\echogpt\echogpt\main_window_v1.py", line 1477, in display_frame
    raise RuntimeError(
        "FrameDisplayWidget has no supported frame display method"
    )
RuntimeError: FrameDisplayWidget has no supported frame display method
2026-10-07 16:34:59,425 - ultrasound - ERROR - Error displaying video frame: FrameDisplayWidget has no supported frame display method
Traceback (most recent call last):
  File "C:\Users\Laptopi-Homs\Pictures\echogpt\echogpt\main_window_v1.py", line 1477, in display_frame
    raise RuntimeError(
        "FrameDisplayWidget has no supported frame display method"
    )
RuntimeError: FrameDisplayWidget has no supported frame display method
2026-10-07 16:34:59,471 - ultrasound - ERROR - Error displaying video frame: FrameDisplayWidget has no supported frame display method
Traceback (most recent call last):
  File "C:\Users\Laptopi-Homs\Pictures\echogpt\echogpt\main_window_v1.py", line 1477, in display_frame
    raise RuntimeError(
        "FrameDisplayWidget has no supported frame display method"
    )
RuntimeError: FrameDisplayWidget has no supported frame display method
2026-10-07 16:34:59,519 - ultrasound - ERROR - Error displaying video frame: FrameDisplayWidget has no supported frame display method
Traceback (most recent call last):
  File "C:\Users\Laptopi-Homs\Pictures\echogpt\echogpt\main_window_v1.py", line 1477, in display_frame
    raise RuntimeError(
        "FrameDisplayWidget has no supported frame display method"
    )
RuntimeError: FrameDisplayWidget has no supported frame display method
2026-10-07 16:34:59,565 - ultrasound - ERROR - Error displaying video frame: FrameDisplayWidget has no supported frame display method
Traceback (most recent call last):
  File "C:\Users\Laptopi-Homs\Pictures\echogpt\echogpt\main_window_v1.py", line 1477, in display_frame
    raise RuntimeError(
        "FrameDisplayWidget has no supported frame display method"
    )
RuntimeError: FrameDisplayWidget has no supported frame display method
2026-10-07 16:34:59,612 - ultrasound - ERROR - Error displaying video frame: FrameDisplayWidget has no supported frame display method
Traceback (most recent call last):
  File "C:\Users\Laptopi-Homs\Pictures\echogpt\echogpt\main_window_v1.py", line 1477, in display_frame
    raise RuntimeError(
        "FrameDisplayWidget has no supported frame display method"
    )
RuntimeError: FrameDisplayWidget has no supported frame display method
2026-10-07 16:34:59,689 - ultrasound - ERROR - Error displaying video frame: FrameDisplayWidget has no supported frame display method
Traceback (most recent call last):
  File "C:\Users\Laptopi-Homs\Pictures\echogpt\echogpt\main_window_v1.py", line 1477, in display_frame
    raise RuntimeError(
        "FrameDisplayWidget has no supported frame display method"
    )
RuntimeError: FrameDisplayWidget has no supported frame display method
2026-10-07 16:34:59,728 - ultrasound - ERROR - Error displaying video frame: FrameDisplayWidget has no supported frame display method
Traceback (most recent call last):
  File "C:\Users\Laptopi-Homs\Pictures\echogpt\echogpt\main_window_v1.py", line 1477, in display_frame
    raise RuntimeError(
        "FrameDisplayWidget has no supported frame display method"
    )
RuntimeError: FrameDisplayWidget has no supported frame display method
2026-10-07 16:34:59,773 - ultrasound - ERROR - Error displaying video frame: FrameDisplayWidget has no supported frame display method
Traceback (most recent call last):
  File "C:\Users\Laptopi-Homs\Pictures\echogpt\echogpt\main_window_v1.py", line 1477, in display_frame
    raise RuntimeError(
        "FrameDisplayWidget has no supported frame display method"
    )
RuntimeError: FrameDisplayWidget has no supported frame display method
2026-10-07 16:34:59,812 - ultrasound - ERROR - Error displaying video frame: FrameDisplayWidget has no supported frame display method
Traceback (most recent call last):
  File "C:\Users\Laptopi-Homs\Pictures\echogpt\echogpt\main_window_v1.py", line 1477, in display_frame
    raise RuntimeError(
        "FrameDisplayWidget has no supported frame display method"
    )
RuntimeError: FrameDisplayWidget has no supported frame display method
2026-10-07 16:34:59,870 - ultrasound - ERROR - Error displaying video frame: FrameDisplayWidget has no supported frame display method
Traceback (most recent call last):
  File "C:\Users\Laptopi-Homs\Pictures\echogpt\echogpt\main_window_v1.py", line 1477, in display_frame
    raise RuntimeError(
        "FrameDisplayWidget has no supported frame display method"
    )
RuntimeError: FrameDisplayWidget has no supported frame display method
2026-10-07 16:34:59,956 - ultrasound - ERROR - Error displaying video frame: FrameDisplayWidget has no supported frame display method
Traceback (most recent call last):
  File "C:\Users\Laptopi-Homs\Pictures\echogpt\echogpt\main_window_v1.py", line 1477, in display_frame
    raise RuntimeError(
        "FrameDisplayWidget has no supported frame display method"
    )
RuntimeError: FrameDisplayWidget has no supported frame display method
2026-10-07 16:34:59,988 - ultrasound - ERROR - Error displaying video frame: FrameDisplayWidget has no supported frame display method
Traceback (most recent call last):
  File "C:\Users\Laptopi-Homs\Pictures\echogpt\echogpt\main_window_v1.py", line 1477, in display_frame
    raise RuntimeError(
        "FrameDisplayWidget has no supported frame display method"
    )
RuntimeError: FrameDisplayWidget has no supported frame display method
2026-10-07 16:35:00,035 - ultrasound - ERROR - Error displaying video frame: FrameDisplayWidget has no supported frame display method
Traceback (most recent call last):
  File "C:\Users\Laptopi-Homs\Pictures\echogpt\echogpt\main_window_v1.py", line 1477, in display_frame
    raise RuntimeError(
        "FrameDisplayWidget has no supported frame display method"
    )
RuntimeError: FrameDisplayWidget has no supported frame display method
2026-10-07 16:35:00,080 - ultrasound - ERROR - Error displaying video frame: FrameDisplayWidget has no supported frame display method
Traceback (most recent call last):
  File "C:\Users\Laptopi-Homs\Pictures\echogpt\echogpt\main_window_v1.py", line 1477, in display_frame
    raise RuntimeError(
        "FrameDisplayWidget has no supported frame display method"
    )
RuntimeError: FrameDisplayWidget has no supported frame display method
2026-10-07 16:35:00,127 - ultrasound - ERROR - Error displaying video frame: FrameDisplayWidget has no supported frame display method
Traceback (most recent call last):
  File "C:\Users\Laptopi-Homs\Pictures\echogpt\echogpt\main_window_v1.py", line 1477, in display_frame
    raise RuntimeError(
        "FrameDisplayWidget has no supported frame display method"
    )
RuntimeError: FrameDisplayWidget has no supported frame display method
2026-10-07 16:35:00,175 - ultrasound - ERROR - Error displaying video frame: FrameDisplayWidget has no supported frame display method
Traceback (most recent call last):
  File "C:\Users\Laptopi-Homs\Pictures\echogpt\echogpt\main_window_v1.py", line 1477, in display_frame
    raise RuntimeError(
        "FrameDisplayWidget has no supported frame display method"
    )
RuntimeError: FrameDisplayWidget has no supported frame display method
2026-10-07 16:35:00,221 - ultrasound - ERROR - Error displaying video frame: FrameDisplayWidget has no supported frame display method
Traceback (most recent call last):
  File "C:\Users\Laptopi-Homs\Pictures\echogpt\echogpt\main_window_v1.py", line 1477, in display_frame
    raise RuntimeError(
        "FrameDisplayWidget has no supported frame display method"
    )
RuntimeError: FrameDisplayWidget has no supported frame display method
2026-10-07 16:35:00,270 - ultrasound - ERROR - Error displaying video frame: FrameDisplayWidget has no supported frame display method
Traceback (most recent call last):
  File "C:\Users\Laptopi-Homs\Pictures\echogpt\echogpt\main_window_v1.py", line 1477, in display_frame
    raise RuntimeError(
        "FrameDisplayWidget has no supported frame display method"
    )
RuntimeError: FrameDisplayWidget has no supported frame display method
2026-10-07 16:35:00,318 - ultrasound - ERROR - Error displaying video frame: FrameDisplayWidget has no supported frame display method
Traceback (most recent call last):
  File "C:\Users\Laptopi-Homs\Pictures\echogpt\echogpt\main_window_v1.py", line 1477, in display_frame
    raise RuntimeError(
        "FrameDisplayWidget has no supported frame display method"
    )
RuntimeError: FrameDisplayWidget has no supported frame display method
2026-10-07 16:35:00,364 - ultrasound - ERROR - Error displaying video frame: FrameDisplayWidget has no supported frame display method
Traceback (most recent call last):
  File "C:\Users\Laptopi-Homs\Pictures\echogpt\echogpt\main_window_v1.py", line 1477, in display_frame
    raise RuntimeError(
        "FrameDisplayWidget has no supported frame display method"
    )
RuntimeError: FrameDisplayWidget has no supported frame display method
2026-10-07 16:35:00,411 - ultrasound - ERROR - Error displaying video frame: FrameDisplayWidget has no supported frame display method
Traceback (most recent call last):
  File "C:\Users\Laptopi-Homs\Pictures\echogpt\echogpt\main_window_v1.py", line 1477, in display_frame
    raise RuntimeError(
        "FrameDisplayWidget has no supported frame display method"
    )
RuntimeError: FrameDisplayWidget has no supported frame display method
2026-10-07 16:35:00,469 - ultrasound - ERROR - Error displaying video frame: FrameDisplayWidget has no supported frame display method
Traceback (most recent call last):
  File "C:\Users\Laptopi-Homs\Pictures\echogpt\echogpt\main_window_v1.py", line 1477, in display_frame
    raise RuntimeError(
        "FrameDisplayWidget has no supported frame display method"
    )
RuntimeError: FrameDisplayWidget has no supported frame display method
2026-10-07 16:35:00,516 - ultrasound - ERROR - Error displaying video frame: FrameDisplayWidget has no supported frame display method
Traceback (most recent call last):
  File "C:\Users\Laptopi-Homs\Pictures\echogpt\echogpt\main_window_v1.py", line 1477, in display_frame
    raise RuntimeError(
        "FrameDisplayWidget has no supported frame display method"
    )
RuntimeError: FrameDisplayWidget has no supported frame display method
2026-10-07 16:35:00,556 - ultrasound - ERROR - Error displaying video frame: FrameDisplayWidget has no supported frame display method
Traceback (most recent call last):
  File "C:\Users\Laptopi-Homs\Pictures\echogpt\echogpt\main_window_v1.py", line 1477, in display_frame
    raise RuntimeError(
        "FrameDisplayWidget has no supported frame display method"
    )
RuntimeError: FrameDisplayWidget has no supported frame display method
2026-10-07 16:35:00,605 - ultrasound - ERROR - Error displaying video frame: FrameDisplayWidget has no supported frame display method
Traceback (most recent call last):
  File "C:\Users\Laptopi-Homs\Pictures\echogpt\echogpt\main_window_v1.py", line 1477, in display_frame
    raise RuntimeError(
        "FrameDisplayWidget has no supported frame display method"
    )
RuntimeError: FrameDisplayWidget has no supported frame display method
2026-10-07 16:35:00,650 - ultrasound - ERROR - Error displaying video frame: FrameDisplayWidget has no supported frame display method
Traceback (most recent call last):
  File "C:\Users\Laptopi-Homs\Pictures\echogpt\echogpt\main_window_v1.py", line 1477, in display_frame
    raise RuntimeError(
        "FrameDisplayWidget has no supported frame display method"
    )
RuntimeError: FrameDisplayWidget has no supported frame display method
2026-10-07 16:35:00,696 - ultrasound - ERROR - Error displaying video frame: FrameDisplayWidget has no supported frame display method
Traceback (most recent call last):
  File "C:\Users\Laptopi-Homs\Pictures\echogpt\echogpt\main_window_v1.py", line 1477, in display_frame
    raise RuntimeError(
        "FrameDisplayWidget has no supported frame display method"
    )
RuntimeError: FrameDisplayWidget has no supported frame display method
2026-10-07 16:35:00,743 - ultrasound - ERROR - Error displaying video frame: FrameDisplayWidget has no supported frame display method
Traceback (most recent call last):
  File "C:\Users\Laptopi-Homs\Pictures\echogpt\echogpt\main_window_v1.py", line 1477, in display_frame
    raise RuntimeError(
        "FrameDisplayWidget has no supported frame display method"
    )
RuntimeError: FrameDisplayWidget has no supported frame display method
2026-10-07 16:35:00,791 - ultrasound - ERROR - Error displaying video frame: FrameDisplayWidget has no supported frame display method
Traceback (most recent call last):
  File "C:\Users\Laptopi-Homs\Pictures\echogpt\echogpt\main_window_v1.py", line 1477, in display_frame
    raise RuntimeError(
        "FrameDisplayWidget has no supported frame display method"
    )
RuntimeError: FrameDisplayWidget has no supported frame display method
2026-10-07 16:35:00,837 - ultrasound - ERROR - Error displaying video frame: FrameDisplayWidget has no supported frame display method
Traceback (most recent call last):
  File "C:\Users\Laptopi-Homs\Pictures\echogpt\echogpt\main_window_v1.py", line 1477, in display_frame
    raise RuntimeError(
        "FrameDisplayWidget has no supported frame display method"
    )
RuntimeError: FrameDisplayWidget has no supported frame display method
2026-10-07 16:35:00,885 - ultrasound - ERROR - Error displaying video frame: FrameDisplayWidget has no supported frame display method
Traceback (most recent call last):
  File "C:\Users\Laptopi-Homs\Pictures\echogpt\echogpt\main_window_v1.py", line 1477, in display_frame
    raise RuntimeError(
        "FrameDisplayWidget has no supported frame display method"
    )
RuntimeError: FrameDisplayWidget has no supported frame display method
2026-10-07 16:35:00,931 - ultrasound - ERROR - Error displaying video frame: FrameDisplayWidget has no supported frame display method
Traceback (most recent call last):
  File "C:\Users\Laptopi-Homs\Pictures\echogpt\echogpt\main_window_v1.py", line 1477, in display_frame
    raise RuntimeError(
        "FrameDisplayWidget has no supported frame display method"
    )
RuntimeError: FrameDisplayWidget has no supported frame display method
2026-10-07 16:35:00,978 - ultrasound - ERROR - Error displaying video frame: FrameDisplayWidget has no supported frame display method
Traceback (most recent call last):
  File "C:\Users\Laptopi-Homs\Pictures\echogpt\echogpt\main_window_v1.py", line 1477, in display_frame
    raise RuntimeError(
        "FrameDisplayWidget has no supported frame display method"
    )
RuntimeError: FrameDisplayWidget has no supported frame display method
2026-10-07 16:35:01,025 - ultrasound - ERROR - Error displaying video frame: FrameDisplayWidget has no supported frame display method
Traceback (most recent call last):
  File "C:\Users\Laptopi-Homs\Pictures\echogpt\echogpt\main_window_v1.py", line 1477, in display_frame
    raise RuntimeError(
        "FrameDisplayWidget has no supported frame display method"
    )
RuntimeError: FrameDisplayWidget has no supported frame display method
2026-10-07 16:35:01,072 - ultrasound - ERROR - Error displaying video frame: FrameDisplayWidget has no supported frame display method
Traceback (most recent call last):
  File "C:\Users\Laptopi-Homs\Pictures\echogpt\echogpt\main_window_v1.py", line 1477, in display_frame
    raise RuntimeError(
        "FrameDisplayWidget has no supported frame display method"
    )
RuntimeError: FrameDisplayWidget has no supported frame display method
2026-10-07 16:35:01,119 - ultrasound - ERROR - Error displaying video frame: FrameDisplayWidget has no supported frame display method
Traceback (most recent call last):
  File "C:\Users\Laptopi-Homs\Pictures\echogpt\echogpt\main_window_v1.py", line 1477, in display_frame
    raise RuntimeError(
        "FrameDisplayWidget has no supported frame display method"
    )
RuntimeError: FrameDisplayWidget has no supported frame display method
2026-10-07 16:35:01,166 - ultrasound - ERROR - Error displaying video frame: FrameDisplayWidget has no supported frame display method
Traceback (most recent call last):
  File "C:\Users\Laptopi-Homs\Pictures\echogpt\echogpt\main_window_v1.py", line 1477, in display_frame
    raise RuntimeError(
        "FrameDisplayWidget has no supported frame display method"
    )
RuntimeError: FrameDisplayWidget has no supported frame display method
2026-10-07 16:35:01,212 - ultrasound - ERROR - Error displaying video frame: FrameDisplayWidget has no supported frame display method
Traceback (most recent call last):
  File "C:\Users\Laptopi-Homs\Pictures\echogpt\echogpt\main_window_v1.py", line 1477, in display_frame
    raise RuntimeError(
        "FrameDisplayWidget has no supported frame display method"
    )
RuntimeError: FrameDisplayWidget has no supported frame display method
2026-10-07 16:35:01,259 - ultrasound - ERROR - Error displaying video frame: FrameDisplayWidget has no supported frame display method
Traceback (most recent call last):
  File "C:\Users\Laptopi-Homs\Pictures\echogpt\echogpt\main_window_v1.py", line 1477, in display_frame
    raise RuntimeError(
        "FrameDisplayWidget has no supported frame display method"
    )
RuntimeError: FrameDisplayWidget has no supported frame display method
2026-10-07 16:35:01,302 - ultrasound - ERROR - Error displaying video frame: FrameDisplayWidget has no supported frame display method
Traceback (most recent call last):
  File "C:\Users\Laptopi-Homs\Pictures\echogpt\echogpt\main_window_v1.py", line 1477, in display_frame
    raise RuntimeError(
        "FrameDisplayWidget has no supported frame display method"
    )
RuntimeError: FrameDisplayWidget has no supported frame display method
2026-10-07 16:35:01,348 - ultrasound - ERROR - Error displaying video frame: FrameDisplayWidget has no supported frame display method
Traceback (most recent call last):
  File "C:\Users\Laptopi-Homs\Pictures\echogpt\echogpt\main_window_v1.py", line 1477, in display_frame
    raise RuntimeError(
        "FrameDisplayWidget has no supported frame display method"
    )
RuntimeError: FrameDisplayWidget has no supported frame display method
2026-10-07 16:35:01,395 - ultrasound - ERROR - Error displaying video frame: FrameDisplayWidget has no supported frame display method
Traceback (most recent call last):
  File "C:\Users\Laptopi-Homs\Pictures\echogpt\echogpt\main_window_v1.py", line 1477, in display_frame
    raise RuntimeError(
        "FrameDisplayWidget has no supported frame display method"
    )
RuntimeError: FrameDisplayWidget has no supported frame display method
2026-10-07 16:35:01,442 - ultrasound - ERROR - Error displaying video frame: FrameDisplayWidget has no supported frame display method
Traceback (most recent call last):
  File "C:\Users\Laptopi-Homs\Pictures\echogpt\echogpt\main_window_v1.py", line 1477, in display_frame
    raise RuntimeError(
        "FrameDisplayWidget has no supported frame display method"
    )
RuntimeError: FrameDisplayWidget has no supported frame display method
2026-10-07 16:35:01,489 - ultrasound - ERROR - Error displaying video frame: FrameDisplayWidget has no supported frame display method
Traceback (most recent call last):
  File "C:\Users\Laptopi-Homs\Pictures\echogpt\echogpt\main_window_v1.py", line 1477, in display_frame
    raise RuntimeError(
        "FrameDisplayWidget has no supported frame display method"
    )
RuntimeError: FrameDisplayWidget has no supported frame display method
2026-10-07 16:35:01,536 - ultrasound - ERROR - Error displaying video frame: FrameDisplayWidget has no supported frame display method
Traceback (most recent call last):
  File "C:\Users\Laptopi-Homs\Pictures\echogpt\echogpt\main_window_v1.py", line 1477, in display_frame
    raise RuntimeError(
        "FrameDisplayWidget has no supported frame display method"
    )
RuntimeError: FrameDisplayWidget has no supported frame display method
2026-10-07 16:35:01,583 - ultrasound - ERROR - Error displaying video frame: FrameDisplayWidget has no supported frame display method
Traceback (most recent call last):
  File "C:\Users\Laptopi-Homs\Pictures\echogpt\echogpt\main_window_v1.py", line 1477, in display_frame
    raise RuntimeError(
        "FrameDisplayWidget has no supported frame display method"
    )
RuntimeError: FrameDisplayWidget has no supported frame display method
2026-10-07 16:35:01,629 - ultrasound - ERROR - Error displaying video frame: FrameDisplayWidget has no supported frame display method
Traceback (most recent call last):
  File "C:\Users\Laptopi-Homs\Pictures\echogpt\echogpt\main_window_v1.py", line 1477, in display_frame
    raise RuntimeError(
        "FrameDisplayWidget has no supported frame display method"
    )
RuntimeError: FrameDisplayWidget has no supported frame display method
2026-10-07 16:35:01,676 - ultrasound - ERROR - Error displaying video frame: FrameDisplayWidget has no supported frame display method
Traceback (most recent call last):
  File "C:\Users\Laptopi-Homs\Pictures\echogpt\echogpt\main_window_v1.py", line 1477, in display_frame
    raise RuntimeError(
        "FrameDisplayWidget has no supported frame display method"
    )
RuntimeError: FrameDisplayWidget has no supported frame display method
2026-10-07 16:35:01,724 - ultrasound - ERROR - Error displaying video frame: FrameDisplayWidget has no supported frame display method
Traceback (most recent call last):
  File "C:\Users\Laptopi-Homs\Pictures\echogpt\echogpt\main_window_v1.py", line 1477, in display_frame
    raise RuntimeError(
        "FrameDisplayWidget has no supported frame display method"
    )
RuntimeError: FrameDisplayWidget has no supported frame display method
2026-10-07 16:35:01,770 - ultrasound - ERROR - Error displaying video frame: FrameDisplayWidget has no supported frame display method
Traceback (most recent call last):
  File "C:\Users\Laptopi-Homs\Pictures\echogpt\echogpt\main_window_v1.py", line 1477, in display_frame
    raise RuntimeError(
        "FrameDisplayWidget has no supported frame display method"
    )
RuntimeError: FrameDisplayWidget has no supported frame display method
2026-10-07 16:35:01,818 - ultrasound - ERROR - Error displaying video frame: FrameDisplayWidget has no supported frame display method
Traceback (most recent call last):
  File "C:\Users\Laptopi-Homs\Pictures\echogpt\echogpt\main_window_v1.py", line 1477, in display_frame
    raise RuntimeError(
        "FrameDisplayWidget has no supported frame display method"
    )
RuntimeError: FrameDisplayWidget has no supported frame display method
2026-10-07 16:35:01,864 - ultrasound - ERROR - Error displaying video frame: FrameDisplayWidget has no supported frame display method
Traceback (most recent call last):
  File "C:\Users\Laptopi-Homs\Pictures\echogpt\echogpt\main_window_v1.py", line 1477, in display_frame
    raise RuntimeError(
        "FrameDisplayWidget has no supported frame display method"
    )
RuntimeError: FrameDisplayWidget has no supported frame display method
2026-10-07 16:35:01,911 - ultrasound - ERROR - Error displaying video frame: FrameDisplayWidget has no supported frame display method
Traceback (most recent call last):
  File "C:\Users\Laptopi-Homs\Pictures\echogpt\echogpt\main_window_v1.py", line 1477, in display_frame
    raise RuntimeError(
        "FrameDisplayWidget has no supported frame display method"
    )
RuntimeError: FrameDisplayWidget has no supported frame display method
2026-10-07 16:35:01,958 - ultrasound - ERROR - Error displaying video frame: FrameDisplayWidget has no supported frame display method
Traceback (most recent call last):
  File "C:\Users\Laptopi-Homs\Pictures\echogpt\echogpt\main_window_v1.py", line 1477, in display_frame
    raise RuntimeError(
        "FrameDisplayWidget has no supported frame display method"
    )
RuntimeError: FrameDisplayWidget has no supported frame display method
2026-10-07 16:35:02,004 - ultrasound - ERROR - Error displaying video frame: FrameDisplayWidget has no supported frame display method
Traceback (most recent call last):
  File "C:\Users\Laptopi-Homs\Pictures\echogpt\echogpt\main_window_v1.py", line 1477, in display_frame
    raise RuntimeError(
        "FrameDisplayWidget has no supported frame display method"
    )
RuntimeError: FrameDisplayWidget has no supported frame display method
2026-10-07 16:35:02,051 - ultrasound - ERROR - Error displaying video frame: FrameDisplayWidget has no supported frame display method
Traceback (most recent call last):
  File "C:\Users\Laptopi-Homs\Pictures\echogpt\echogpt\main_window_v1.py", line 1477, in display_frame
    raise RuntimeError(
        "FrameDisplayWidget has no supported frame display method"
    )
RuntimeError: FrameDisplayWidget has no supported frame display method
2026-10-07 16:35:02,098 - ultrasound - ERROR - Error displaying video frame: FrameDisplayWidget has no supported frame display method
Traceback (most recent call last):
  File "C:\Users\Laptopi-Homs\Pictures\echogpt\echogpt\main_window_v1.py", line 1477, in display_frame
    raise RuntimeError(
        "FrameDisplayWidget has no supported frame display method"
    )
RuntimeError: FrameDisplayWidget has no supported frame display method
2026-10-07 16:35:02,145 - ultrasound - ERROR - Error displaying video frame: FrameDisplayWidget has no supported frame display method
Traceback (most recent call last):
  File "C:\Users\Laptopi-Homs\Pictures\echogpt\echogpt\main_window_v1.py", line 1477, in display_frame
    raise RuntimeError(
        "FrameDisplayWidget has no supported frame display method"
    )
RuntimeError: FrameDisplayWidget has no supported frame display method
2026-10-07 16:35:02,192 - ultrasound - ERROR - Error displaying video frame: FrameDisplayWidget has no supported frame display method
Traceback (most recent call last):
  File "C:\Users\Laptopi-Homs\Pictures\echogpt\echogpt\main_window_v1.py", line 1477, in display_frame
    raise RuntimeError(
        "FrameDisplayWidget has no supported frame display method"
    )
RuntimeError: FrameDisplayWidget has no supported frame display method
2026-10-07 16:35:02,239 - ultrasound - ERROR - Error displaying video frame: FrameDisplayWidget has no supported frame display method
Traceback (most recent call last):
  File "C:\Users\Laptopi-Homs\Pictures\echogpt\echogpt\main_window_v1.py", line 1477, in display_frame
    raise RuntimeError(
        "FrameDisplayWidget has no supported frame display method"
    )
RuntimeError: FrameDisplayWidget has no supported frame display method
2026-10-07 16:35:02,287 - ultrasound - ERROR - Error displaying video frame: FrameDisplayWidget has no supported frame display method
Traceback (most recent call last):
  File "C:\Users\Laptopi-Homs\Pictures\echogpt\echogpt\main_window_v1.py", line 1477, in display_frame
    raise RuntimeError(
        "FrameDisplayWidget has no supported frame display method"
    )
RuntimeError: FrameDisplayWidget has no supported frame display method
2026-10-07 16:35:02,335 - ultrasound - ERROR - Error displaying video frame: FrameDisplayWidget has no supported frame display method
Traceback (most recent call last):
  File "C:\Users\Laptopi-Homs\Pictures\echogpt\echogpt\main_window_v1.py", line 1477, in display_frame
    raise RuntimeError(
        "FrameDisplayWidget has no supported frame display method"
    )
RuntimeError: FrameDisplayWidget has no supported frame display method
2026-10-07 16:35:02,381 - ultrasound - ERROR - Error displaying video frame: FrameDisplayWidget has no supported frame display method
Traceback (most recent call last):
  File "C:\Users\Laptopi-Homs\Pictures\echogpt\echogpt\main_window_v1.py", line 1477, in display_frame
    raise RuntimeError(
        "FrameDisplayWidget has no supported frame display method"
    )
RuntimeError: FrameDisplayWidget has no supported frame display method
2026-10-07 16:35:02,428 - ultrasound - ERROR - Error displaying video frame: FrameDisplayWidget has no supported frame display method
Traceback (most recent call last):
  File "C:\Users\Laptopi-Homs\Pictures\echogpt\echogpt\main_window_v1.py", line 1477, in display_frame
    raise RuntimeError(
        "FrameDisplayWidget has no supported frame display method"
    )
RuntimeError: FrameDisplayWidget has no supported frame display method
2026-10-07 16:35:02,475 - ultrasound - ERROR - Error displaying video frame: FrameDisplayWidget has no supported frame display method
Traceback (most recent call last):
  File "C:\Users\Laptopi-Homs\Pictures\echogpt\echogpt\main_window_v1.py", line 1477, in display_frame
    raise RuntimeError(
        "FrameDisplayWidget has no supported frame display method"
    )
RuntimeError: FrameDisplayWidget has no supported frame display method
2026-10-07 16:35:02,526 - ultrasound - ERROR - Error displaying video frame: FrameDisplayWidget has no supported frame display method
Traceback (most recent call last):
  File "C:\Users\Laptopi-Homs\Pictures\echogpt\echogpt\main_window_v1.py", line 1477, in display_frame
    raise RuntimeError(
        "FrameDisplayWidget has no supported frame display method"
    )
RuntimeError: FrameDisplayWidget has no supported frame display method
2026-10-07 16:35:02,573 - ultrasound - ERROR - Error displaying video frame: FrameDisplayWidget has no supported frame display method
Traceback (most recent call last):
  File "C:\Users\Laptopi-Homs\Pictures\echogpt\echogpt\main_window_v1.py", line 1477, in display_frame
    raise RuntimeError(
        "FrameDisplayWidget has no supported frame display method"
    )
RuntimeError: FrameDisplayWidget has no supported frame display method
2026-10-07 16:35:02,619 - ultrasound - ERROR - Error displaying video frame: FrameDisplayWidget has no supported frame display method
Traceback (most recent call last):
  File "C:\Users\Laptopi-Homs\Pictures\echogpt\echogpt\main_window_v1.py", line 1477, in display_frame
    raise RuntimeError(
        "FrameDisplayWidget has no supported frame display method"
    )
RuntimeError: FrameDisplayWidget has no supported frame display method
2026-10-07 16:35:02,667 - ultrasound - ERROR - Error displaying video frame: FrameDisplayWidget has no supported frame display method
Traceback (most recent call last):
  File "C:\Users\Laptopi-Homs\Pictures\echogpt\echogpt\main_window_v1.py", line 1477, in display_frame
    raise RuntimeError(
        "FrameDisplayWidget has no supported frame display method"
    )
RuntimeError: FrameDisplayWidget has no supported frame display method
2026-10-07 16:35:02,713 - ultrasound - ERROR - Error displaying video frame: FrameDisplayWidget has no supported frame display method
Traceback (most recent call last):
  File "C:\Users\Laptopi-Homs\Pictures\echogpt\echogpt\main_window_v1.py", line 1477, in display_frame
    raise RuntimeError(
        "FrameDisplayWidget has no supported frame display method"
    )
RuntimeError: FrameDisplayWidget has no supported frame display method
2026-10-07 16:35:02,760 - ultrasound - ERROR - Error displaying video frame: FrameDisplayWidget has no supported frame display method
Traceback (most recent call last):
  File "C:\Users\Laptopi-Homs\Pictures\echogpt\echogpt\main_window_v1.py", line 1477, in display_frame
    raise RuntimeError(
        "FrameDisplayWidget has no supported frame display method"
    )
RuntimeError: FrameDisplayWidget has no supported frame display method
2026-10-07 16:35:02,807 - ultrasound - ERROR - Error displaying video frame: FrameDisplayWidget has no supported frame display method
Traceback (most recent call last):
  File "C:\Users\Laptopi-Homs\Pictures\echogpt\echogpt\main_window_v1.py", line 1477, in display_frame
    raise RuntimeError(
        "FrameDisplayWidget has no supported frame display method"
    )
RuntimeError: FrameDisplayWidget has no supported frame display method
2026-10-07 16:35:02,854 - ultrasound - ERROR - Error displaying video frame: FrameDisplayWidget has no supported frame display method
Traceback (most recent call last):
  File "C:\Users\Laptopi-Homs\Pictures\echogpt\echogpt\main_window_v1.py", line 1477, in display_frame
    raise RuntimeError(
        "FrameDisplayWidget has no supported frame display method"
    )
RuntimeError: FrameDisplayWidget has no supported frame display method
2026-10-07 16:35:02,900 - ultrasound - ERROR - Error displaying video frame: FrameDisplayWidget has no supported frame display method
Traceback (most recent call last):
  File "C:\Users\Laptopi-Homs\Pictures\echogpt\echogpt\main_window_v1.py", line 1477, in display_frame
    raise RuntimeError(
        "FrameDisplayWidget has no supported frame display method"
    )
RuntimeError: FrameDisplayWidget has no supported frame display method
2026-10-07 16:35:02,947 - ultrasound - ERROR - Error displaying video frame: FrameDisplayWidget has no supported frame display method
Traceback (most recent call last):
  File "C:\Users\Laptopi-Homs\Pictures\echogpt\echogpt\main_window_v1.py", line 1477, in display_frame
    raise RuntimeError(
        "FrameDisplayWidget has no supported frame display method"
    )
RuntimeError: FrameDisplayWidget has no supported frame display method
2026-10-07 16:35:02,994 - ultrasound - ERROR - Error displaying video frame: FrameDisplayWidget has no supported frame display method
Traceback (most recent call last):
  File "C:\Users\Laptopi-Homs\Pictures\echogpt\echogpt\main_window_v1.py", line 1477, in display_frame
    raise RuntimeError(
        "FrameDisplayWidget has no supported frame display method"
    )
RuntimeError: FrameDisplayWidget has no supported frame display method
2026-10-07 16:35:03,041 - ultrasound - ERROR - Error displaying video frame: FrameDisplayWidget has no supported frame display method
Traceback (most recent call last):
  File "C:\Users\Laptopi-Homs\Pictures\echogpt\echogpt\main_window_v1.py", line 1477, in display_frame
    raise RuntimeError(
        "FrameDisplayWidget has no supported frame display method"
    )
RuntimeError: FrameDisplayWidget has no supported frame display method
2026-10-07 16:35:03,088 - ultrasound - ERROR - Error displaying video frame: FrameDisplayWidget has no supported frame display method
Traceback (most recent call last):
  File "C:\Users\Laptopi-Homs\Pictures\echogpt\echogpt\main_window_v1.py", line 1477, in display_frame
    raise RuntimeError(
        "FrameDisplayWidget has no supported frame display method"
    )
RuntimeError: FrameDisplayWidget has no supported frame display method
2026-10-07 16:35:03,141 - ultrasound - ERROR - Error displaying video frame: FrameDisplayWidget has no supported frame display method
Traceback (most recent call last):
  File "C:\Users\Laptopi-Homs\Pictures\echogpt\echogpt\main_window_v1.py", line 1477, in display_frame
    raise RuntimeError(
        "FrameDisplayWidget has no supported frame display method"
    )
RuntimeError: FrameDisplayWidget has no supported frame display method
2026-10-07 16:35:03,189 - ultrasound - ERROR - Error displaying video frame: FrameDisplayWidget has no supported frame display method
Traceback (most recent call last):
  File "C:\Users\Laptopi-Homs\Pictures\echogpt\echogpt\main_window_v1.py", line 1477, in display_frame
    raise RuntimeError(
        "FrameDisplayWidget has no supported frame display method"
    )
RuntimeError: FrameDisplayWidget has no supported frame display method
2026-10-07 16:35:03,236 - ultrasound - ERROR - Error displaying video frame: FrameDisplayWidget has no supported frame display method
Traceback (most recent call last):
  File "C:\Users\Laptopi-Homs\Pictures\echogpt\echogpt\main_window_v1.py", line 1477, in display_frame
    raise RuntimeError(
        "FrameDisplayWidget has no supported frame display method"
    )
RuntimeError: FrameDisplayWidget has no supported frame display method
2026-10-07 16:35:03,283 - ultrasound - ERROR - Error displaying video frame: FrameDisplayWidget has no supported frame display method
Traceback (most recent call last):
  File "C:\Users\Laptopi-Homs\Pictures\echogpt\echogpt\main_window_v1.py", line 1477, in display_frame
    raise RuntimeError(
        "FrameDisplayWidget has no supported frame display method"
    )
RuntimeError: FrameDisplayWidget has no supported frame display method
2026-10-07 16:35:03,324 - ultrasound - ERROR - Error displaying video frame: FrameDisplayWidget has no supported frame display method
Traceback (most recent call last):
  File "C:\Users\Laptopi-Homs\Pictures\echogpt\echogpt\main_window_v1.py", line 1477, in display_frame
    raise RuntimeError(
        "FrameDisplayWidget has no supported frame display method"
    )
RuntimeError: FrameDisplayWidget has no supported frame display method
2026-10-07 16:35:03,371 - ultrasound - ERROR - Error displaying video frame: FrameDisplayWidget has no supported frame display method
Traceback (most recent call last):
  File "C:\Users\Laptopi-Homs\Pictures\echogpt\echogpt\main_window_v1.py", line 1477, in display_frame
    raise RuntimeError(
        "FrameDisplayWidget has no supported frame display method"
    )
RuntimeError: FrameDisplayWidget has no supported frame display method
2026-10-07 16:35:03,418 - ultrasound - ERROR - Error displaying video frame: FrameDisplayWidget has no supported frame display method
Traceback (most recent call last):
  File "C:\Users\Laptopi-Homs\Pictures\echogpt\echogpt\main_window_v1.py", line 1477, in display_frame
    raise RuntimeError(
        "FrameDisplayWidget has no supported frame display method"
    )
RuntimeError: FrameDisplayWidget has no supported frame display method
2026-10-07 16:35:03,465 - ultrasound - ERROR - Error displaying video frame: FrameDisplayWidget has no supported frame display method
Traceback (most recent call last):
  File "C:\Users\Laptopi-Homs\Pictures\echogpt\echogpt\main_window_v1.py", line 1477, in display_frame
    raise RuntimeError(
        "FrameDisplayWidget has no supported frame display method"
    )
RuntimeError: FrameDisplayWidget has no supported frame display method
2026-10-07 16:35:03,511 - ultrasound - ERROR - Error displaying video frame: FrameDisplayWidget has no supported frame display method
Traceback (most recent call last):
  File "C:\Users\Laptopi-Homs\Pictures\echogpt\echogpt\main_window_v1.py", line 1477, in display_frame
    raise RuntimeError(
        "FrameDisplayWidget has no supported frame display method"
    )
RuntimeError: FrameDisplayWidget has no supported frame display method
2026-10-07 16:35:03,558 - ultrasound - ERROR - Error displaying video frame: FrameDisplayWidget has no supported frame display method
Traceback (most recent call last):
  File "C:\Users\Laptopi-Homs\Pictures\echogpt\echogpt\main_window_v1.py", line 1477, in display_frame
    raise RuntimeError(
        "FrameDisplayWidget has no supported frame display method"
    )
RuntimeError: FrameDisplayWidget has no supported frame display method
2026-10-07 16:35:03,606 - ultrasound - ERROR - Error displaying video frame: FrameDisplayWidget has no supported frame display method
Traceback (most recent call last):
  File "C:\Users\Laptopi-Homs\Pictures\echogpt\echogpt\main_window_v1.py", line 1477, in display_frame
    raise RuntimeError(
        "FrameDisplayWidget has no supported frame display method"
    )
RuntimeError: FrameDisplayWidget has no supported frame display method
2026-10-07 16:35:03,652 - ultrasound - ERROR - Error displaying video frame: FrameDisplayWidget has no supported frame display method
Traceback (most recent call last):
  File "C:\Users\Laptopi-Homs\Pictures\echogpt\echogpt\main_window_v1.py", line 1477, in display_frame
    raise RuntimeError(
        "FrameDisplayWidget has no supported frame display method"
    )
RuntimeError: FrameDisplayWidget has no supported frame display method
2026-10-07 16:35:03,699 - ultrasound - ERROR - Error displaying video frame: FrameDisplayWidget has no supported frame display method
Traceback (most recent call last):
  File "C:\Users\Laptopi-Homs\Pictures\echogpt\echogpt\main_window_v1.py", line 1477, in display_frame
    raise RuntimeError(
        "FrameDisplayWidget has no supported frame display method"
    )
RuntimeError: FrameDisplayWidget has no supported frame display method
2026-10-07 16:35:03,746 - ultrasound - ERROR - Error displaying video frame: FrameDisplayWidget has no supported frame display method
Traceback (most recent call last):
  File "C:\Users\Laptopi-Homs\Pictures\echogpt\echogpt\main_window_v1.py", line 1477, in display_frame
    raise RuntimeError(
        "FrameDisplayWidget has no supported frame display method"
    )
RuntimeError: FrameDisplayWidget has no supported frame display method
2026-10-07 16:35:03,792 - ultrasound - ERROR - Error displaying video frame: FrameDisplayWidget has no supported frame display method
Traceback (most recent call last):
  File "C:\Users\Laptopi-Homs\Pictures\echogpt\echogpt\main_window_v1.py", line 1477, in display_frame
    raise RuntimeError(
        "FrameDisplayWidget has no supported frame display method"
    )
RuntimeError: FrameDisplayWidget has no supported frame display method
2026-10-07 16:35:03,840 - ultrasound - ERROR - Error displaying video frame: FrameDisplayWidget has no supported frame display method
Traceback (most recent call last):
  File "C:\Users\Laptopi-Homs\Pictures\echogpt\echogpt\main_window_v1.py", line 1477, in display_frame
    raise RuntimeError(
        "FrameDisplayWidget has no supported frame display method"
    )
RuntimeError: FrameDisplayWidget has no supported frame display method
2026-10-07 16:35:03,886 - ultrasound - ERROR - Error displaying video frame: FrameDisplayWidget has no supported frame display method
Traceback (most recent call last):
  File "C:\Users\Laptopi-Homs\Pictures\echogpt\echogpt\main_window_v1.py", line 1477, in display_frame
    raise RuntimeError(
        "FrameDisplayWidget has no supported frame display method"
    )
RuntimeError: FrameDisplayWidget has no supported frame display method
2026-10-07 16:35:03,933 - ultrasound - ERROR - Error displaying video frame: FrameDisplayWidget has no supported frame display method
Traceback (most recent call last):
  File "C:\Users\Laptopi-Homs\Pictures\echogpt\echogpt\main_window_v1.py", line 1477, in display_frame
    raise RuntimeError(
        "FrameDisplayWidget has no supported frame display method"
    )
RuntimeError: FrameDisplayWidget has no supported frame display method
2026-10-07 16:35:03,980 - ultrasound - ERROR - Error displaying video frame: FrameDisplayWidget has no supported frame display method
Traceback (most recent call last):
  File "C:\Users\Laptopi-Homs\Pictures\echogpt\echogpt\main_window_v1.py", line 1477, in display_frame
    raise RuntimeError(
        "FrameDisplayWidget has no supported frame display method"
    )
RuntimeError: FrameDisplayWidget has no supported frame display method
2026-10-07 16:35:04,027 - ultrasound - ERROR - Error displaying video frame: FrameDisplayWidget has no supported frame display method
Traceback (most recent call last):
  File "C:\Users\Laptopi-Homs\Pictures\echogpt\echogpt\main_window_v1.py", line 1477, in display_frame
    raise RuntimeError(
        "FrameDisplayWidget has no supported frame display method"
    )
RuntimeError: FrameDisplayWidget has no supported frame display method
2026-10-07 16:35:04,074 - ultrasound - ERROR - Error displaying video frame: FrameDisplayWidget has no supported frame display method
Traceback (most recent call last):
  File "C:\Users\Laptopi-Homs\Pictures\echogpt\echogpt\main_window_v1.py", line 1477, in display_frame
    raise RuntimeError(
        "FrameDisplayWidget has no supported frame display method"
    )
RuntimeError: FrameDisplayWidget has no supported frame display method
2026-10-07 16:35:04,122 - ultrasound - ERROR - Error displaying video frame: FrameDisplayWidget has no supported frame display method
Traceback (most recent call last):
  File "C:\Users\Laptopi-Homs\Pictures\echogpt\echogpt\main_window_v1.py", line 1477, in display_frame
    raise RuntimeError(
        "FrameDisplayWidget has no supported frame display method"
    )
RuntimeError: FrameDisplayWidget has no supported frame display method
2026-10-07 16:35:04,167 - ultrasound - ERROR - Error displaying video frame: FrameDisplayWidget has no supported frame display method
Traceback (most recent call last):
  File "C:\Users\Laptopi-Homs\Pictures\echogpt\echogpt\main_window_v1.py", line 1477, in display_frame
    raise RuntimeError(
        "FrameDisplayWidget has no supported frame display method"
    )
RuntimeError: FrameDisplayWidget has no supported frame display method
2026-10-07 16:35:04,215 - ultrasound - ERROR - Error displaying video frame: FrameDisplayWidget has no supported frame display method
Traceback (most recent call last):
  File "C:\Users\Laptopi-Homs\Pictures\echogpt\echogpt\main_window_v1.py", line 1477, in display_frame
    raise RuntimeError(
        "FrameDisplayWidget has no supported frame display method"
    )
RuntimeError: FrameDisplayWidget has no supported frame display method
2026-10-07 16:35:04,261 - ultrasound - ERROR - Error displaying video frame: FrameDisplayWidget has no supported frame display method
Traceback (most recent call last):
  File "C:\Users\Laptopi-Homs\Pictures\echogpt\echogpt\main_window_v1.py", line 1477, in display_frame
    raise RuntimeError(
        "FrameDisplayWidget has no supported frame display method"
    )
RuntimeError: FrameDisplayWidget has no supported frame display method
2026-10-07 16:35:04,309 - ultrasound - ERROR - Error displaying video frame: FrameDisplayWidget has no supported frame display method
Traceback (most recent call last):
  File "C:\Users\Laptopi-Homs\Pictures\echogpt\echogpt\main_window_v1.py", line 1477, in display_frame
    raise RuntimeError(
        "FrameDisplayWidget has no supported frame display method"
    )
RuntimeError: FrameDisplayWidget has no supported frame display method
2026-10-07 16:35:04,356 - ultrasound - ERROR - Error displaying video frame: FrameDisplayWidget has no supported frame display method
Traceback (most recent call last):
  File "C:\Users\Laptopi-Homs\Pictures\echogpt\echogpt\main_window_v1.py", line 1477, in display_frame
    raise RuntimeError(
        "FrameDisplayWidget has no supported frame display method"
    )
RuntimeError: FrameDisplayWidget has no supported frame display method
2026-10-07 16:35:04,403 - ultrasound - ERROR - Error displaying video frame: FrameDisplayWidget has no supported frame display method
Traceback (most recent call last):
  File "C:\Users\Laptopi-Homs\Pictures\echogpt\echogpt\main_window_v1.py", line 1477, in display_frame
    raise RuntimeError(
        "FrameDisplayWidget has no supported frame display method"
    )
RuntimeError: FrameDisplayWidget has no supported frame display method
2026-10-07 16:35:04,450 - ultrasound - ERROR - Error displaying video frame: FrameDisplayWidget has no supported frame display method
Traceback (most recent call last):
  File "C:\Users\Laptopi-Homs\Pictures\echogpt\echogpt\main_window_v1.py", line 1477, in display_frame
    raise RuntimeError(
        "FrameDisplayWidget has no supported frame display method"
    )
RuntimeError: FrameDisplayWidget has no supported frame display method
2026-10-07 16:35:04,497 - ultrasound - ERROR - Error displaying video frame: FrameDisplayWidget has no supported frame display method
Traceback (most recent call last):
  File "C:\Users\Laptopi-Homs\Pictures\echogpt\echogpt\main_window_v1.py", line 1477, in display_frame
    raise RuntimeError(
        "FrameDisplayWidget has no supported frame display method"
    )
RuntimeError: FrameDisplayWidget has no supported frame display method
2026-10-07 16:35:04,544 - ultrasound - ERROR - Error displaying video frame: FrameDisplayWidget has no supported frame display method
Traceback (most recent call last):
  File "C:\Users\Laptopi-Homs\Pictures\echogpt\echogpt\main_window_v1.py", line 1477, in display_frame
    raise RuntimeError(
        "FrameDisplayWidget has no supported frame display method"
    )
RuntimeError: FrameDisplayWidget has no supported frame display method
2026-10-07 16:35:04,590 - ultrasound - ERROR - Error displaying video frame: FrameDisplayWidget has no supported frame display method
Traceback (most recent call last):
  File "C:\Users\Laptopi-Homs\Pictures\echogpt\echogpt\main_window_v1.py", line 1477, in display_frame
    raise RuntimeError(
        "FrameDisplayWidget has no supported frame display method"
    )
RuntimeError: FrameDisplayWidget has no supported frame display method
2026-10-07 16:35:04,638 - ultrasound - ERROR - Error displaying video frame: FrameDisplayWidget has no supported frame display method
Traceback (most recent call last):
  File "C:\Users\Laptopi-Homs\Pictures\echogpt\echogpt\main_window_v1.py", line 1477, in display_frame
    raise RuntimeError(
        "FrameDisplayWidget has no supported frame display method"
    )
RuntimeError: FrameDisplayWidget has no supported frame display method
2026-10-07 16:35:04,677 - ultrasound - ERROR - Error displaying video frame: FrameDisplayWidget has no supported frame display method
Traceback (most recent call last):
  File "C:\Users\Laptopi-Homs\Pictures\echogpt\echogpt\main_window_v1.py", line 1477, in display_frame
    raise RuntimeError(
        "FrameDisplayWidget has no supported frame display method"
    )
RuntimeError: FrameDisplayWidget has no supported frame display method
2026-10-07 16:35:04,722 - ultrasound - ERROR - Error displaying video frame: FrameDisplayWidget has no supported frame display method
Traceback (most recent call last):
  File "C:\Users\Laptopi-Homs\Pictures\echogpt\echogpt\main_window_v1.py", line 1477, in display_frame
    raise RuntimeError(
        "FrameDisplayWidget has no supported frame display method"
    )
RuntimeError: FrameDisplayWidget has no supported frame display method
2026-10-07 16:35:04,769 - ultrasound - ERROR - Error displaying video frame: FrameDisplayWidget has no supported frame display method
Traceback (most recent call last):
  File "C:\Users\Laptopi-Homs\Pictures\echogpt\echogpt\main_window_v1.py", line 1477, in display_frame
    raise RuntimeError(
        "FrameDisplayWidget has no supported frame display method"
    )
RuntimeError: FrameDisplayWidget has no supported frame display method
2026-10-07 16:35:04,816 - ultrasound - ERROR - Error displaying video frame: FrameDisplayWidget has no supported frame display method
Traceback (most recent call last):
  File "C:\Users\Laptopi-Homs\Pictures\echogpt\echogpt\main_window_v1.py", line 1477, in display_frame
    raise RuntimeError(
        "FrameDisplayWidget has no supported frame display method"
    )
RuntimeError: FrameDisplayWidget has no supported frame display method
2026-10-07 16:35:04,863 - ultrasound - ERROR - Error displaying video frame: FrameDisplayWidget has no supported frame display method
Traceback (most recent call last):
  File "C:\Users\Laptopi-Homs\Pictures\echogpt\echogpt\main_window_v1.py", line 1477, in display_frame
    raise RuntimeError(
        "FrameDisplayWidget has no supported frame display method"
    )
RuntimeError: FrameDisplayWidget has no supported frame display method
2026-10-07 16:35:04,909 - ultrasound - ERROR - Error displaying video frame: FrameDisplayWidget has no supported frame display method
Traceback (most recent call last):
  File "C:\Users\Laptopi-Homs\Pictures\echogpt\echogpt\main_window_v1.py", line 1477, in display_frame
    raise RuntimeError(
        "FrameDisplayWidget has no supported frame display method"
    )
RuntimeError: FrameDisplayWidget has no supported frame display method
2026-10-07 16:35:04,956 - ultrasound - ERROR - Error displaying video frame: FrameDisplayWidget has no supported frame display method
Traceback (most recent call last):
  File "C:\Users\Laptopi-Homs\Pictures\echogpt\echogpt\main_window_v1.py", line 1477, in display_frame
    raise RuntimeError(
        "FrameDisplayWidget has no supported frame display method"
    )
RuntimeError: FrameDisplayWidget has no supported frame display method
2026-10-07 16:35:05,004 - ultrasound - ERROR - Error displaying video frame: FrameDisplayWidget has no supported frame display method
Traceback (most recent call last):
  File "C:\Users\Laptopi-Homs\Pictures\echogpt\echogpt\main_window_v1.py", line 1477, in display_frame
    raise RuntimeError(
        "FrameDisplayWidget has no supported frame display method"
    )
RuntimeError: FrameDisplayWidget has no supported frame display method
2026-10-07 16:35:05,050 - ultrasound - ERROR - Error displaying video frame: FrameDisplayWidget has no supported frame display method
Traceback (most recent call last):
  File "C:\Users\Laptopi-Homs\Pictures\echogpt\echogpt\main_window_v1.py", line 1477, in display_frame
    raise RuntimeError(
        "FrameDisplayWidget has no supported frame display method"
    )
RuntimeError: FrameDisplayWidget has no supported frame display method
2026-10-07 16:35:05,099 - ultrasound - ERROR - Error displaying video frame: FrameDisplayWidget has no supported frame display method
Traceback (most recent call last):
  File "C:\Users\Laptopi-Homs\Pictures\echogpt\echogpt\main_window_v1.py", line 1477, in display_frame
    raise RuntimeError(
        "FrameDisplayWidget has no supported frame display method"
    )
RuntimeError: FrameDisplayWidget has no supported frame display method
2026-10-07 16:35:05,144 - ultrasound - ERROR - Error displaying video frame: FrameDisplayWidget has no supported frame display method
Traceback (most recent call last):
  File "C:\Users\Laptopi-Homs\Pictures\echogpt\echogpt\main_window_v1.py", line 1477, in display_frame
    raise RuntimeError(
        "FrameDisplayWidget has no supported frame display method"
    )
RuntimeError: FrameDisplayWidget has no supported frame display method
2026-10-07 16:35:05,191 - ultrasound - ERROR - Error displaying video frame: FrameDisplayWidget has no supported frame display method
Traceback (most recent call last):
  File "C:\Users\Laptopi-Homs\Pictures\echogpt\echogpt\main_window_v1.py", line 1477, in display_frame
    raise RuntimeError(
        "FrameDisplayWidget has no supported frame display method"
    )
RuntimeError: FrameDisplayWidget has no supported frame display method
2026-10-07 16:35:05,238 - ultrasound - ERROR - Error displaying video frame: FrameDisplayWidget has no supported frame display method
Traceback (most recent call last):
  File "C:\Users\Laptopi-Homs\Pictures\echogpt\echogpt\main_window_v1.py", line 1477, in display_frame
    raise RuntimeError(
        "FrameDisplayWidget has no supported frame display method"
    )
RuntimeError: FrameDisplayWidget has no supported frame display method
2026-10-07 16:35:05,284 - ultrasound - ERROR - Error displaying video frame: FrameDisplayWidget has no supported frame display method
Traceback (most recent call last):
  File "C:\Users\Laptopi-Homs\Pictures\echogpt\echogpt\main_window_v1.py", line 1477, in display_frame
    raise RuntimeError(
        "FrameDisplayWidget has no supported frame display method"
    )
RuntimeError: FrameDisplayWidget has no supported frame display method
2026-10-07 16:35:05,335 - ultrasound - ERROR - Error displaying video frame: FrameDisplayWidget has no supported frame display method
Traceback (most recent call last):
  File "C:\Users\Laptopi-Homs\Pictures\echogpt\echogpt\main_window_v1.py", line 1477, in display_frame
    raise RuntimeError(
        "FrameDisplayWidget has no supported frame display method"
    )
RuntimeError: FrameDisplayWidget has no supported frame display method
2026-10-07 16:35:05,382 - ultrasound - ERROR - Error displaying video frame: FrameDisplayWidget has no supported frame display method
Traceback (most recent call last):
  File "C:\Users\Laptopi-Homs\Pictures\echogpt\echogpt\main_window_v1.py", line 1477, in display_frame
    raise RuntimeError(
        "FrameDisplayWidget has no supported frame display method"
    )
RuntimeError: FrameDisplayWidget has no supported frame display method
2026-10-07 16:35:05,429 - ultrasound - ERROR - Error displaying video frame: FrameDisplayWidget has no supported frame display method
Traceback (most recent call last):
  File "C:\Users\Laptopi-Homs\Pictures\echogpt\echogpt\main_window_v1.py", line 1477, in display_frame
    raise RuntimeError(
        "FrameDisplayWidget has no supported frame display method"
    )
RuntimeError: FrameDisplayWidget has no supported frame display method
2026-10-07 16:35:05,475 - ultrasound - ERROR - Error displaying video frame: FrameDisplayWidget has no supported frame display method
Traceback (most recent call last):
  File "C:\Users\Laptopi-Homs\Pictures\echogpt\echogpt\main_window_v1.py", line 1477, in display_frame
    raise RuntimeError(
        "FrameDisplayWidget has no supported frame display method"
    )
RuntimeError: FrameDisplayWidget has no supported frame display method
2026-10-07 16:35:05,522 - ultrasound - ERROR - Error displaying video frame: FrameDisplayWidget has no supported frame display method
Traceback (most recent call last):
  File "C:\Users\Laptopi-Homs\Pictures\echogpt\echogpt\main_window_v1.py", line 1477, in display_frame
    raise RuntimeError(
        "FrameDisplayWidget has no supported frame display method"
    )
RuntimeError: FrameDisplayWidget has no supported frame display method
2026-10-07 16:35:05,570 - ultrasound - ERROR - Error displaying video frame: FrameDisplayWidget has no supported frame display method
Traceback (most recent call last):
  File "C:\Users\Laptopi-Homs\Pictures\echogpt\echogpt\main_window_v1.py", line 1477, in display_frame
    raise RuntimeError(
        "FrameDisplayWidget has no supported frame display method"
    )
RuntimeError: FrameDisplayWidget has no supported frame display method
2026-10-07 16:35:05,616 - ultrasound - ERROR - Error displaying video frame: FrameDisplayWidget has no supported frame display method
Traceback (most recent call last):
  File "C:\Users\Laptopi-Homs\Pictures\echogpt\echogpt\main_window_v1.py", line 1477, in display_frame
    raise RuntimeError(
        "FrameDisplayWidget has no supported frame display method"
    )
RuntimeError: FrameDisplayWidget has no supported frame display method
2026-10-07 16:35:05,759 - ultrasound - ERROR - Error displaying video frame: FrameDisplayWidget has no supported frame display method
Traceback (most recent call last):
  File "C:\Users\Laptopi-Homs\Pictures\echogpt\echogpt\main_window_v1.py", line 1477, in display_frame
    raise RuntimeError(
        "FrameDisplayWidget has no supported frame display method"
    )
RuntimeError: FrameDisplayWidget has no supported frame display method
2026-10-07 16:35:05,803 - ultrasound - ERROR - Error displaying video frame: FrameDisplayWidget has no supported frame display method
Traceback (most recent call last):
  File "C:\Users\Laptopi-Homs\Pictures\echogpt\echogpt\main_window_v1.py", line 1477, in display_frame
    raise RuntimeError(
        "FrameDisplayWidget has no supported frame display method"
    )
RuntimeError: FrameDisplayWidget has no supported frame display method
2026-10-07 16:35:05,850 - ultrasound - ERROR - Error displaying video frame: FrameDisplayWidget has no supported frame display method
Traceback (most recent call last):
  File "C:\Users\Laptopi-Homs\Pictures\echogpt\echogpt\main_window_v1.py", line 1477, in display_frame
    raise RuntimeError(
        "FrameDisplayWidget has no supported frame display method"
    )
RuntimeError: FrameDisplayWidget has no supported frame display method
2026-10-07 16:35:05,898 - ultrasound - ERROR - Error displaying video frame: FrameDisplayWidget has no supported frame display method
Traceback (most recent call last):
  File "C:\Users\Laptopi-Homs\Pictures\echogpt\echogpt\main_window_v1.py", line 1477, in display_frame
    raise RuntimeError(
        "FrameDisplayWidget has no supported frame display method"
    )
RuntimeError: FrameDisplayWidget has no supported frame display method
2026-10-07 16:35:05,944 - ultrasound - ERROR - Error displaying video frame: FrameDisplayWidget has no supported frame display method
Traceback (most recent call last):
  File "C:\Users\Laptopi-Homs\Pictures\echogpt\echogpt\main_window_v1.py", line 1477, in display_frame
    raise RuntimeError(
        "FrameDisplayWidget has no supported frame display method"
    )
RuntimeError: FrameDisplayWidget has no supported frame display method
2026-10-07 16:35:05,991 - ultrasound - ERROR - Error displaying video frame: FrameDisplayWidget has no supported frame display method
Traceback (most recent call last):
  File "C:\Users\Laptopi-Homs\Pictures\echogpt\echogpt\main_window_v1.py", line 1477, in display_frame
    raise RuntimeError(
        "FrameDisplayWidget has no supported frame display method"
    )
RuntimeError: FrameDisplayWidget has no supported frame display method
2026-10-07 16:35:06,038 - ultrasound - ERROR - Error displaying video frame: FrameDisplayWidget has no supported frame display method
Traceback (most recent call last):
  File "C:\Users\Laptopi-Homs\Pictures\echogpt\echogpt\main_window_v1.py", line 1477, in display_frame
    raise RuntimeError(
        "FrameDisplayWidget has no supported frame display method"
    )
RuntimeError: FrameDisplayWidget has no supported frame display method
2026-10-07 16:35:06,085 - ultrasound - ERROR - Error displaying video frame: FrameDisplayWidget has no supported frame display method
Traceback (most recent call last):
  File "C:\Users\Laptopi-Homs\Pictures\echogpt\echogpt\main_window_v1.py", line 1477, in display_frame
    raise RuntimeError(
        "FrameDisplayWidget has no supported frame display method"
    )
RuntimeError: FrameDisplayWidget has no supported frame display method
2026-10-07 16:35:06,131 - ultrasound - ERROR - Error displaying video frame: FrameDisplayWidget has no supported frame display method
Traceback (most recent call last):
  File "C:\Users\Laptopi-Homs\Pictures\echogpt\echogpt\main_window_v1.py", line 1477, in display_frame
    raise RuntimeError(
        "FrameDisplayWidget has no supported frame display method"
    )
RuntimeError: FrameDisplayWidget has no supported frame display method
2026-10-07 16:35:06,179 - ultrasound - ERROR - Error displaying video frame: FrameDisplayWidget has no supported frame display method
Traceback (most recent call last):
  File "C:\Users\Laptopi-Homs\Pictures\echogpt\echogpt\main_window_v1.py", line 1477, in display_frame
    raise RuntimeError(
        "FrameDisplayWidget has no supported frame display method"
    )
RuntimeError: FrameDisplayWidget has no supported frame display method
2026-10-07 16:35:06,225 - ultrasound - ERROR - Error displaying video frame: FrameDisplayWidget has no supported frame display method
Traceback (most recent call last):
  File "C:\Users\Laptopi-Homs\Pictures\echogpt\echogpt\main_window_v1.py", line 1477, in display_frame
    raise RuntimeError(
        "FrameDisplayWidget has no supported frame display method"
    )
RuntimeError: FrameDisplayWidget has no supported frame display method
2026-10-07 16:35:06,272 - ultrasound - ERROR - Error displaying video frame: FrameDisplayWidget has no supported frame display method
Traceback (most recent call last):
  File "C:\Users\Laptopi-Homs\Pictures\echogpt\echogpt\main_window_v1.py", line 1477, in display_frame
    raise RuntimeError(
        "FrameDisplayWidget has no supported frame display method"
    )
RuntimeError: FrameDisplayWidget has no supported frame display method
2026-10-07 16:35:06,319 - ultrasound - ERROR - Error displaying video frame: FrameDisplayWidget has no supported frame display method
Traceback (most recent call last):
  File "C:\Users\Laptopi-Homs\Pictures\echogpt\echogpt\main_window_v1.py", line 1477, in display_frame
    raise RuntimeError(
        "FrameDisplayWidget has no supported frame display method"
    )
RuntimeError: FrameDisplayWidget has no supported frame display method
2026-10-07 16:35:06,370 - ultrasound - ERROR - Error displaying video frame: FrameDisplayWidget has no supported frame display method
Traceback (most recent call last):
  File "C:\Users\Laptopi-Homs\Pictures\echogpt\echogpt\main_window_v1.py", line 1477, in display_frame
    raise RuntimeError(
        "FrameDisplayWidget has no supported frame display method"
    )
RuntimeError: FrameDisplayWidget has no supported frame display method
2026-10-07 16:35:06,417 - ultrasound - ERROR - Error displaying video frame: FrameDisplayWidget has no supported frame display method
Traceback (most recent call last):
  File "C:\Users\Laptopi-Homs\Pictures\echogpt\echogpt\main_window_v1.py", line 1477, in display_frame
    raise RuntimeError(
        "FrameDisplayWidget has no supported frame display method"
    )
RuntimeError: FrameDisplayWidget has no supported frame display method
2026-10-07 16:35:06,464 - ultrasound - ERROR - Error displaying video frame: FrameDisplayWidget has no supported frame display method
Traceback (most recent call last):
  File "C:\Users\Laptopi-Homs\Pictures\echogpt\echogpt\main_window_v1.py", line 1477, in display_frame
    raise RuntimeError(
        "FrameDisplayWidget has no supported frame display method"
    )
RuntimeError: FrameDisplayWidget has no supported frame display method
2026-10-07 16:35:06,511 - ultrasound - ERROR - Error displaying video frame: FrameDisplayWidget has no supported frame display method
Traceback (most recent call last):
  File "C:\Users\Laptopi-Homs\Pictures\echogpt\echogpt\main_window_v1.py", line 1477, in display_frame
    raise RuntimeError(
        "FrameDisplayWidget has no supported frame display method"
    )
RuntimeError: FrameDisplayWidget has no supported frame display method
2026-10-07 16:35:06,557 - ultrasound - ERROR - Error displaying video frame: FrameDisplayWidget has no supported frame display method
Traceback (most recent call last):
  File "C:\Users\Laptopi-Homs\Pictures\echogpt\echogpt\main_window_v1.py", line 1477, in display_frame
    raise RuntimeError(
        "FrameDisplayWidget has no supported frame display method"
    )
RuntimeError: FrameDisplayWidget has no supported frame display method
2026-10-07 16:35:06,605 - ultrasound - ERROR - Error displaying video frame: FrameDisplayWidget has no supported frame display method
Traceback (most recent call last):
  File "C:\Users\Laptopi-Homs\Pictures\echogpt\echogpt\main_window_v1.py", line 1477, in display_frame
    raise RuntimeError(
        "FrameDisplayWidget has no supported frame display method"
    )
RuntimeError: FrameDisplayWidget has no supported frame display method
2026-10-07 16:35:06,651 - ultrasound - ERROR - Error displaying video frame: FrameDisplayWidget has no supported frame display method
Traceback (most recent call last):
  File "C:\Users\Laptopi-Homs\Pictures\echogpt\echogpt\main_window_v1.py", line 1477, in display_frame
    raise RuntimeError(
        "FrameDisplayWidget has no supported frame display method"
    )
RuntimeError: FrameDisplayWidget has no supported frame display method
2026-10-07 16:35:06,698 - ultrasound - ERROR - Error displaying video frame: FrameDisplayWidget has no supported frame display method
Traceback (most recent call last):
  File "C:\Users\Laptopi-Homs\Pictures\echogpt\echogpt\main_window_v1.py", line 1477, in display_frame
    raise RuntimeError(
        "FrameDisplayWidget has no supported frame display method"
    )
RuntimeError: FrameDisplayWidget has no supported frame display method
2026-10-07 16:35:06,745 - ultrasound - ERROR - Error displaying video frame: FrameDisplayWidget has no supported frame display method
Traceback (most recent call last):
  File "C:\Users\Laptopi-Homs\Pictures\echogpt\echogpt\main_window_v1.py", line 1477, in display_frame
    raise RuntimeError(
        "FrameDisplayWidget has no supported frame display method"
    )
RuntimeError: FrameDisplayWidget has no supported frame display method
2026-10-07 16:35:06,792 - ultrasound - ERROR - Error displaying video frame: FrameDisplayWidget has no supported frame display method
Traceback (most recent call last):
  File "C:\Users\Laptopi-Homs\Pictures\echogpt\echogpt\main_window_v1.py", line 1477, in display_frame
    raise RuntimeError(
        "FrameDisplayWidget has no supported frame display method"
    )
RuntimeError: FrameDisplayWidget has no supported frame display method
2026-10-07 16:35:06,839 - ultrasound - ERROR - Error displaying video frame: FrameDisplayWidget has no supported frame display method
Traceback (most recent call last):
  File "C:\Users\Laptopi-Homs\Pictures\echogpt\echogpt\main_window_v1.py", line 1477, in display_frame
    raise RuntimeError(
        "FrameDisplayWidget has no supported frame display method"
    )
RuntimeError: FrameDisplayWidget has no supported frame display method
2026-10-07 16:35:06,886 - ultrasound - ERROR - Error displaying video frame: FrameDisplayWidget has no supported frame display method
Traceback (most recent call last):
  File "C:\Users\Laptopi-Homs\Pictures\echogpt\echogpt\main_window_v1.py", line 1477, in display_frame
    raise RuntimeError(
        "FrameDisplayWidget has no supported frame display method"
    )
RuntimeError: FrameDisplayWidget has no supported frame display method
2026-10-07 16:35:06,932 - ultrasound - ERROR - Error displaying video frame: FrameDisplayWidget has no supported frame display method
Traceback (most recent call last):
  File "C:\Users\Laptopi-Homs\Pictures\echogpt\echogpt\main_window_v1.py", line 1477, in display_frame
    raise RuntimeError(
        "FrameDisplayWidget has no supported frame display method"
    )
RuntimeError: FrameDisplayWidget has no supported frame display method
2026-10-07 16:35:06,980 - ultrasound - ERROR - Error displaying video frame: FrameDisplayWidget has no supported frame display method
Traceback (most recent call last):
  File "C:\Users\Laptopi-Homs\Pictures\echogpt\echogpt\main_window_v1.py", line 1477, in display_frame
    raise RuntimeError(
        "FrameDisplayWidget has no supported frame display method"
    )
RuntimeError: FrameDisplayWidget has no supported frame display method
2026-10-07 16:35:07,026 - ultrasound - ERROR - Error displaying video frame: FrameDisplayWidget has no supported frame display method
Traceback (most recent call last):
  File "C:\Users\Laptopi-Homs\Pictures\echogpt\echogpt\main_window_v1.py", line 1477, in display_frame
    raise RuntimeError(
        "FrameDisplayWidget has no supported frame display method"
    )
RuntimeError: FrameDisplayWidget has no supported frame display method
2026-10-07 16:35:07,073 - ultrasound - ERROR - Error displaying video frame: FrameDisplayWidget has no supported frame display method
Traceback (most recent call last):
  File "C:\Users\Laptopi-Homs\Pictures\echogpt\echogpt\main_window_v1.py", line 1477, in display_frame
    raise RuntimeError(
        "FrameDisplayWidget has no supported frame display method"
    )
RuntimeError: FrameDisplayWidget has no supported frame display method
2026-10-07 16:35:07,121 - ultrasound - ERROR - Error displaying video frame: FrameDisplayWidget has no supported frame display method
Traceback (most recent call last):
  File "C:\Users\Laptopi-Homs\Pictures\echogpt\echogpt\main_window_v1.py", line 1477, in display_frame
    raise RuntimeError(
        "FrameDisplayWidget has no supported frame display method"
    )
RuntimeError: FrameDisplayWidget has no supported frame display method
2026-10-07 16:35:07,219 - ultrasound - ERROR - Error displaying video frame: FrameDisplayWidget has no supported frame display method
Traceback (most recent call last):
  File "C:\Users\Laptopi-Homs\Pictures\echogpt\echogpt\main_window_v1.py", line 1477, in display_frame
    raise RuntimeError(
        "FrameDisplayWidget has no supported frame display method"
    )
RuntimeError: FrameDisplayWidget has no supported frame display method
2026-10-07 16:35:07,275 - ultrasound - ERROR - Error displaying video frame: FrameDisplayWidget has no supported frame display method
Traceback (most recent call last):
  File "C:\Users\Laptopi-Homs\Pictures\echogpt\echogpt\main_window_v1.py", line 1477, in display_frame
    raise RuntimeError(
        "FrameDisplayWidget has no supported frame display method"
    )
RuntimeError: FrameDisplayWidget has no supported frame display method
2026-10-07 16:35:07,380 - ultrasound - ERROR - Error displaying video frame: FrameDisplayWidget has no supported frame display method
Traceback (most recent call last):
  File "C:\Users\Laptopi-Homs\Pictures\echogpt\echogpt\main_window_v1.py", line 1477, in display_frame
    raise RuntimeError(
        "FrameDisplayWidget has no supported frame display method"
    )
RuntimeError: FrameDisplayWidget has no supported frame display method
2026-10-07 16:35:07,465 - ultrasound - ERROR - Error displaying video frame: FrameDisplayWidget has no supported frame display method
Traceback (most recent call last):
  File "C:\Users\Laptopi-Homs\Pictures\echogpt\echogpt\main_window_v1.py", line 1477, in display_frame
    raise RuntimeError(
        "FrameDisplayWidget has no supported frame display method"
    )
RuntimeError: FrameDisplayWidget has no supported frame display method
2026-10-07 16:35:07,541 - ultrasound - ERROR - Error displaying video frame: FrameDisplayWidget has no supported frame display method
Traceback (most recent call last):
  File "C:\Users\Laptopi-Homs\Pictures\echogpt\echogpt\main_window_v1.py", line 1477, in display_frame
    raise RuntimeError(
        "FrameDisplayWidget has no supported frame display method"
    )
RuntimeError: FrameDisplayWidget has no supported frame display method
2026-10-07 16:35:07,590 - ultrasound - ERROR - Error displaying video frame: FrameDisplayWidget has no supported frame display method
Traceback (most recent call last):
  File "C:\Users\Laptopi-Homs\Pictures\echogpt\echogpt\main_window_v1.py", line 1477, in display_frame
    raise RuntimeError(
        "FrameDisplayWidget has no supported frame display method"
    )
RuntimeError: FrameDisplayWidget has no supported frame display method
2026-10-07 16:35:07,635 - ultrasound - ERROR - Error displaying video frame: FrameDisplayWidget has no supported frame display method
Traceback (most recent call last):
  File "C:\Users\Laptopi-Homs\Pictures\echogpt\echogpt\main_window_v1.py", line 1477, in display_frame
    raise RuntimeError(
        "FrameDisplayWidget has no supported frame display method"
    )
RuntimeError: FrameDisplayWidget has no supported frame display method
2026-10-07 16:35:07,680 - ultrasound - ERROR - Error displaying video frame: FrameDisplayWidget has no supported frame display method
Traceback (most recent call last):
  File "C:\Users\Laptopi-Homs\Pictures\echogpt\echogpt\main_window_v1.py", line 1477, in display_frame
    raise RuntimeError(
        "FrameDisplayWidget has no supported frame display method"
    )
RuntimeError: FrameDisplayWidget has no supported frame display method
2026-10-07 16:35:07,727 - ultrasound - ERROR - Error displaying video frame: FrameDisplayWidget has no supported frame display method
Traceback (most recent call last):
  File "C:\Users\Laptopi-Homs\Pictures\echogpt\echogpt\main_window_v1.py", line 1477, in display_frame
    raise RuntimeError(
        "FrameDisplayWidget has no supported frame display method"
    )
RuntimeError: FrameDisplayWidget has no supported frame display method
2026-10-07 16:35:07,774 - ultrasound - ERROR - Error displaying video frame: FrameDisplayWidget has no supported frame display method
Traceback (most recent call last):
  File "C:\Users\Laptopi-Homs\Pictures\echogpt\echogpt\main_window_v1.py", line 1477, in display_frame
    raise RuntimeError(
        "FrameDisplayWidget has no supported frame display method"
    )
RuntimeError: FrameDisplayWidget has no supported frame display method
2026-10-07 16:35:07,820 - ultrasound - ERROR - Error displaying video frame: FrameDisplayWidget has no supported frame display method
Traceback (most recent call last):
  File "C:\Users\Laptopi-Homs\Pictures\echogpt\echogpt\main_window_v1.py", line 1477, in display_frame
    raise RuntimeError(
        "FrameDisplayWidget has no supported frame display method"
    )
RuntimeError: FrameDisplayWidget has no supported frame display method
2026-10-07 16:35:07,868 - ultrasound - ERROR - Error displaying video frame: FrameDisplayWidget has no supported frame display method
Traceback (most recent call last):
  File "C:\Users\Laptopi-Homs\Pictures\echogpt\echogpt\main_window_v1.py", line 1477, in display_frame
    raise RuntimeError(
        "FrameDisplayWidget has no supported frame display method"
    )
RuntimeError: FrameDisplayWidget has no supported frame display method
2026-10-07 16:35:07,914 - ultrasound - ERROR - Error displaying video frame: FrameDisplayWidget has no supported frame display method
Traceback (most recent call last):
  File "C:\Users\Laptopi-Homs\Pictures\echogpt\echogpt\main_window_v1.py", line 1477, in display_frame
    raise RuntimeError(
        "FrameDisplayWidget has no supported frame display method"
    )
RuntimeError: FrameDisplayWidget has no supported frame display method
2026-10-07 16:35:07,962 - ultrasound - ERROR - Error displaying video frame: FrameDisplayWidget has no supported frame display method
Traceback (most recent call last):
  File "C:\Users\Laptopi-Homs\Pictures\echogpt\echogpt\main_window_v1.py", line 1477, in display_frame
    raise RuntimeError(
        "FrameDisplayWidget has no supported frame display method"
    )
RuntimeError: FrameDisplayWidget has no supported frame display method
2026-10-07 16:35:08,008 - ultrasound - ERROR - Error displaying video frame: FrameDisplayWidget has no supported frame display method
Traceback (most recent call last):
  File "C:\Users\Laptopi-Homs\Pictures\echogpt\echogpt\main_window_v1.py", line 1477, in display_frame
    raise RuntimeError(
        "FrameDisplayWidget has no supported frame display method"
    )
RuntimeError: FrameDisplayWidget has no supported frame display method
2026-10-07 16:35:08,055 - ultrasound - ERROR - Error displaying video frame: FrameDisplayWidget has no supported frame display method
Traceback (most recent call last):
  File "C:\Users\Laptopi-Homs\Pictures\echogpt\echogpt\main_window_v1.py", line 1477, in display_frame
    raise RuntimeError(
        "FrameDisplayWidget has no supported frame display method"
    )
RuntimeError: FrameDisplayWidget has no supported frame display method
2026-10-07 16:35:08,102 - ultrasound - ERROR - Error displaying video frame: FrameDisplayWidget has no supported frame display method
Traceback (most recent call last):
  File "C:\Users\Laptopi-Homs\Pictures\echogpt\echogpt\main_window_v1.py", line 1477, in display_frame
    raise RuntimeError(
        "FrameDisplayWidget has no supported frame display method"
    )
RuntimeError: FrameDisplayWidget has no supported frame display method
2026-10-07 16:35:08,149 - ultrasound - ERROR - Error displaying video frame: FrameDisplayWidget has no supported frame display method
Traceback (most recent call last):
  File "C:\Users\Laptopi-Homs\Pictures\echogpt\echogpt\main_window_v1.py", line 1477, in display_frame
    raise RuntimeError(
        "FrameDisplayWidget has no supported frame display method"
    )
RuntimeError: FrameDisplayWidget has no supported frame display method
2026-10-07 16:35:08,196 - ultrasound - ERROR - Error displaying video frame: FrameDisplayWidget has no supported frame display method
Traceback (most recent call last):
  File "C:\Users\Laptopi-Homs\Pictures\echogpt\echogpt\main_window_v1.py", line 1477, in display_frame
    raise RuntimeError(
        "FrameDisplayWidget has no supported frame display method"
    )
RuntimeError: FrameDisplayWidget has no supported frame display method
2026-10-07 16:35:08,243 - ultrasound - ERROR - Error displaying video frame: FrameDisplayWidget has no supported frame display method
Traceback (most recent call last):
  File "C:\Users\Laptopi-Homs\Pictures\echogpt\echogpt\main_window_v1.py", line 1477, in display_frame
    raise RuntimeError(
        "FrameDisplayWidget has no supported frame display method"
    )
RuntimeError: FrameDisplayWidget has no supported frame display method
2026-10-07 16:35:08,289 - ultrasound - ERROR - Error displaying video frame: FrameDisplayWidget has no supported frame display method
Traceback (most recent call last):
  File "C:\Users\Laptopi-Homs\Pictures\echogpt\echogpt\main_window_v1.py", line 1477, in display_frame
    raise RuntimeError(
        "FrameDisplayWidget has no supported frame display method"
    )
RuntimeError: FrameDisplayWidget has no supported frame display method
2026-10-07 16:35:08,336 - ultrasound - ERROR - Error displaying video frame: FrameDisplayWidget has no supported frame display method
Traceback (most recent call last):
  File "C:\Users\Laptopi-Homs\Pictures\echogpt\echogpt\main_window_v1.py", line 1477, in display_frame
    raise RuntimeError(
        "FrameDisplayWidget has no supported frame display method"
    )
RuntimeError: FrameDisplayWidget has no supported frame display method
2026-10-07 16:35:08,385 - ultrasound - ERROR - Error displaying video frame: FrameDisplayWidget has no supported frame display method
Traceback (most recent call last):
  File "C:\Users\Laptopi-Homs\Pictures\echogpt\echogpt\main_window_v1.py", line 1477, in display_frame
    raise RuntimeError(
        "FrameDisplayWidget has no supported frame display method"
    )
RuntimeError: FrameDisplayWidget has no supported frame display method
2026-10-07 16:35:08,431 - ultrasound - ERROR - Error displaying video frame: FrameDisplayWidget has no supported frame display method
Traceback (most recent call last):
  File "C:\Users\Laptopi-Homs\Pictures\echogpt\echogpt\main_window_v1.py", line 1477, in display_frame
    raise RuntimeError(
        "FrameDisplayWidget has no supported frame display method"
    )
RuntimeError: FrameDisplayWidget has no supported frame display method
2026-10-07 16:35:08,478 - ultrasound - ERROR - Error displaying video frame: FrameDisplayWidget has no supported frame display method
Traceback (most recent call last):
  File "C:\Users\Laptopi-Homs\Pictures\echogpt\echogpt\main_window_v1.py", line 1477, in display_frame
    raise RuntimeError(
        "FrameDisplayWidget has no supported frame display method"
    )
RuntimeError: FrameDisplayWidget has no supported frame display method
2026-10-07 16:35:08,525 - ultrasound - ERROR - Error displaying video frame: FrameDisplayWidget has no supported frame display method
Traceback (most recent call last):
  File "C:\Users\Laptopi-Homs\Pictures\echogpt\echogpt\main_window_v1.py", line 1477, in display_frame
    raise RuntimeError(
        "FrameDisplayWidget has no supported frame display method"
    )
RuntimeError: FrameDisplayWidget has no supported frame display method
2026-10-07 16:35:08,572 - ultrasound - ERROR - Error displaying video frame: FrameDisplayWidget has no supported frame display method
Traceback (most recent call last):
  File "C:\Users\Laptopi-Homs\Pictures\echogpt\echogpt\main_window_v1.py", line 1477, in display_frame
    raise RuntimeError(
        "FrameDisplayWidget has no supported frame display method"
    )
RuntimeError: FrameDisplayWidget has no supported frame display method
2026-10-07 16:35:08,619 - ultrasound - ERROR - Error displaying video frame: FrameDisplayWidget has no supported frame display method
Traceback (most recent call last):
  File "C:\Users\Laptopi-Homs\Pictures\echogpt\echogpt\main_window_v1.py", line 1477, in display_frame
    raise RuntimeError(
        "FrameDisplayWidget has no supported frame display method"
    )
RuntimeError: FrameDisplayWidget has no supported frame display method
2026-10-07 16:35:08,666 - ultrasound - ERROR - Error displaying video frame: FrameDisplayWidget has no supported frame display method
Traceback (most recent call last):
  File "C:\Users\Laptopi-Homs\Pictures\echogpt\echogpt\main_window_v1.py", line 1477, in display_frame
    raise RuntimeError(
        "FrameDisplayWidget has no supported frame display method"
    )
RuntimeError: FrameDisplayWidget has no supported frame display method
2026-10-07 16:35:08,712 - ultrasound - ERROR - Error displaying video frame: FrameDisplayWidget has no supported frame display method
Traceback (most recent call last):
  File "C:\Users\Laptopi-Homs\Pictures\echogpt\echogpt\main_window_v1.py", line 1477, in display_frame
    raise RuntimeError(
        "FrameDisplayWidget has no supported frame display method"
    )
RuntimeError: FrameDisplayWidget has no supported frame display method
2026-10-07 16:35:08,759 - ultrasound - ERROR - Error displaying video frame: FrameDisplayWidget has no supported frame display method
Traceback (most recent call last):
  File "C:\Users\Laptopi-Homs\Pictures\echogpt\echogpt\main_window_v1.py", line 1477, in display_frame
    raise RuntimeError(
        "FrameDisplayWidget has no supported frame display method"
    )
RuntimeError: FrameDisplayWidget has no supported frame display method
2026-10-07 16:35:08,806 - ultrasound - ERROR - Error displaying video frame: FrameDisplayWidget has no supported frame display method
Traceback (most recent call last):
  File "C:\Users\Laptopi-Homs\Pictures\echogpt\echogpt\main_window_v1.py", line 1477, in display_frame
    raise RuntimeError(
        "FrameDisplayWidget has no supported frame display method"
    )
RuntimeError: FrameDisplayWidget has no supported frame display method
2026-10-07 16:35:08,853 - ultrasound - ERROR - Error displaying video frame: FrameDisplayWidget has no supported frame display method
Traceback (most recent call last):
  File "C:\Users\Laptopi-Homs\Pictures\echogpt\echogpt\main_window_v1.py", line 1477, in display_frame
    raise RuntimeError(
        "FrameDisplayWidget has no supported frame display method"
    )
RuntimeError: FrameDisplayWidget has no supported frame display method
2026-10-07 16:35:08,990 - ultrasound - ERROR - Error displaying video frame: FrameDisplayWidget has no supported frame display method
Traceback (most recent call last):
  File "C:\Users\Laptopi-Homs\Pictures\echogpt\echogpt\main_window_v1.py", line 1477, in display_frame
    raise RuntimeError(
        "FrameDisplayWidget has no supported frame display method"
    )
RuntimeError: FrameDisplayWidget has no supported frame display method
2026-10-07 16:35:09,037 - ultrasound - ERROR - Error displaying video frame: FrameDisplayWidget has no supported frame display method
Traceback (most recent call last):
  File "C:\Users\Laptopi-Homs\Pictures\echogpt\echogpt\main_window_v1.py", line 1477, in display_frame
    raise RuntimeError(
        "FrameDisplayWidget has no supported frame display method"
    )
RuntimeError: FrameDisplayWidget has no supported frame display method
2026-10-07 16:35:09,077 - ultrasound - ERROR - Error displaying video frame: FrameDisplayWidget has no supported frame display method
Traceback (most recent call last):
  File "C:\Users\Laptopi-Homs\Pictures\echogpt\echogpt\main_window_v1.py", line 1477, in display_frame
    raise RuntimeError(
        "FrameDisplayWidget has no supported frame display method"
    )
RuntimeError: FrameDisplayWidget has no supported frame display method
2026-10-07 16:35:09,093 - ultrasound - ERROR - Error displaying video frame: FrameDisplayWidget has no supported frame display method
Traceback (most recent call last):
  File "C:\Users\Laptopi-Homs\Pictures\echogpt\echogpt\main_window_v1.py", line 1477, in display_frame
    raise RuntimeError(
        "FrameDisplayWidget has no supported frame display method"
    )
RuntimeError: FrameDisplayWidget has no supported frame display method
2026-10-07 16:35:09,134 - ultrasound - ERROR - Error displaying video frame: FrameDisplayWidget has no supported frame display method
Traceback (most recent call last):
  File "C:\Users\Laptopi-Homs\Pictures\echogpt\echogpt\main_window_v1.py", line 1477, in display_frame
    raise RuntimeError(
        "FrameDisplayWidget has no supported frame display method"
    )
RuntimeError: FrameDisplayWidget has no supported frame display method
2026-10-07 16:35:09,181 - ultrasound - ERROR - Error displaying video frame: FrameDisplayWidget has no supported frame display method
Traceback (most recent call last):
  File "C:\Users\Laptopi-Homs\Pictures\echogpt\echogpt\main_window_v1.py", line 1477, in display_frame
    raise RuntimeError(
        "FrameDisplayWidget has no supported frame display method"
    )
RuntimeError: FrameDisplayWidget has no supported frame display method
2026-10-07 16:35:09,228 - ultrasound - ERROR - Error displaying video frame: FrameDisplayWidget has no supported frame display method
Traceback (most recent call last):
  File "C:\Users\Laptopi-Homs\Pictures\echogpt\echogpt\main_window_v1.py", line 1477, in display_frame
    raise RuntimeError(
        "FrameDisplayWidget has no supported frame display method"
    )
RuntimeError: FrameDisplayWidget has no supported frame display method
2026-10-07 16:35:09,275 - ultrasound - ERROR - Error displaying video frame: FrameDisplayWidget has no supported frame display method
Traceback (most recent call last):
  File "C:\Users\Laptopi-Homs\Pictures\echogpt\echogpt\main_window_v1.py", line 1477, in display_frame
    raise RuntimeError(
        "FrameDisplayWidget has no supported frame display method"
    )
RuntimeError: FrameDisplayWidget has no supported frame display method
2026-10-07 16:35:09,321 - ultrasound - ERROR - Error displaying video frame: FrameDisplayWidget has no supported frame display method
Traceback (most recent call last):
  File "C:\Users\Laptopi-Homs\Pictures\echogpt\echogpt\main_window_v1.py", line 1477, in display_frame
    raise RuntimeError(
        "FrameDisplayWidget has no supported frame display method"
    )
RuntimeError: FrameDisplayWidget has no supported frame display method
2026-10-07 16:35:09,369 - ultrasound - ERROR - Error displaying video frame: FrameDisplayWidget has no supported frame display method
Traceback (most recent call last):
  File "C:\Users\Laptopi-Homs\Pictures\echogpt\echogpt\main_window_v1.py", line 1477, in display_frame
    raise RuntimeError(
        "FrameDisplayWidget has no supported frame display method"
    )
RuntimeError: FrameDisplayWidget has no supported frame display method
2026-10-07 16:35:09,417 - ultrasound - ERROR - Error displaying video frame: FrameDisplayWidget has no supported frame display method
Traceback (most recent call last):
  File "C:\Users\Laptopi-Homs\Pictures\echogpt\echogpt\main_window_v1.py", line 1477, in display_frame
    raise RuntimeError(
        "FrameDisplayWidget has no supported frame display method"
    )
RuntimeError: FrameDisplayWidget has no supported frame display method
2026-10-07 16:35:09,463 - ultrasound - ERROR - Error displaying video frame: FrameDisplayWidget has no supported frame display method
Traceback (most recent call last):
  File "C:\Users\Laptopi-Homs\Pictures\echogpt\echogpt\main_window_v1.py", line 1477, in display_frame
    raise RuntimeError(
        "FrameDisplayWidget has no supported frame display method"
    )
RuntimeError: FrameDisplayWidget has no supported frame display method
2026-10-07 16:35:09,510 - ultrasound - ERROR - Error displaying video frame: FrameDisplayWidget has no supported frame display method
Traceback (most recent call last):
  File "C:\Users\Laptopi-Homs\Pictures\echogpt\echogpt\main_window_v1.py", line 1477, in display_frame
    raise RuntimeError(
        "FrameDisplayWidget has no supported frame display method"
    )
RuntimeError: FrameDisplayWidget has no supported frame display method
2026-10-07 16:35:09,557 - ultrasound - ERROR - Error displaying video frame: FrameDisplayWidget has no supported frame display method
Traceback (most recent call last):
  File "C:\Users\Laptopi-Homs\Pictures\echogpt\echogpt\main_window_v1.py", line 1477, in display_frame
    raise RuntimeError(
        "FrameDisplayWidget has no supported frame display method"
    )
RuntimeError: FrameDisplayWidget has no supported frame display method
2026-10-07 16:35:09,605 - ultrasound - ERROR - Error displaying video frame: FrameDisplayWidget has no supported frame display method
Traceback (most recent call last):
  File "C:\Users\Laptopi-Homs\Pictures\echogpt\echogpt\main_window_v1.py", line 1477, in display_frame
    raise RuntimeError(
        "FrameDisplayWidget has no supported frame display method"
    )
RuntimeError: FrameDisplayWidget has no supported frame display method
2026-10-07 16:35:09,650 - ultrasound - ERROR - Error displaying video frame: FrameDisplayWidget has no supported frame display method
Traceback (most recent call last):
  File "C:\Users\Laptopi-Homs\Pictures\echogpt\echogpt\main_window_v1.py", line 1477, in display_frame
    raise RuntimeError(
        "FrameDisplayWidget has no supported frame display method"
    )
RuntimeError: FrameDisplayWidget has no supported frame display method
2026-10-07 16:35:09,697 - ultrasound - ERROR - Error displaying video frame: FrameDisplayWidget has no supported frame display method
Traceback (most recent call last):
  File "C:\Users\Laptopi-Homs\Pictures\echogpt\echogpt\main_window_v1.py", line 1477, in display_frame
    raise RuntimeError(
        "FrameDisplayWidget has no supported frame display method"
    )
RuntimeError: FrameDisplayWidget has no supported frame display method
2026-10-07 16:35:09,744 - ultrasound - ERROR - Error displaying video frame: FrameDisplayWidget has no supported frame display method
Traceback (most recent call last):
  File "C:\Users\Laptopi-Homs\Pictures\echogpt\echogpt\main_window_v1.py", line 1477, in display_frame
    raise RuntimeError(
        "FrameDisplayWidget has no supported frame display method"
    )
RuntimeError: FrameDisplayWidget has no supported frame display method
2026-10-07 16:35:09,791 - ultrasound - ERROR - Error displaying video frame: FrameDisplayWidget has no supported frame display method
Traceback (most recent call last):
  File "C:\Users\Laptopi-Homs\Pictures\echogpt\echogpt\main_window_v1.py", line 1477, in display_frame
    raise RuntimeError(
        "FrameDisplayWidget has no supported frame display method"
    )
RuntimeError: FrameDisplayWidget has no supported frame display method
2026-10-07 16:35:09,838 - ultrasound - ERROR - Error displaying video frame: FrameDisplayWidget has no supported frame display method
Traceback (most recent call last):
  File "C:\Users\Laptopi-Homs\Pictures\echogpt\echogpt\main_window_v1.py", line 1477, in display_frame
    raise RuntimeError(
        "FrameDisplayWidget has no supported frame display method"
    )
RuntimeError: FrameDisplayWidget has no supported frame display method
2026-10-07 16:35:09,885 - ultrasound - ERROR - Error displaying video frame: FrameDisplayWidget has no supported frame display method
Traceback (most recent call last):
  File "C:\Users\Laptopi-Homs\Pictures\echogpt\echogpt\main_window_v1.py", line 1477, in display_frame
    raise RuntimeError(
        "FrameDisplayWidget has no supported frame display method"
    )
RuntimeError: FrameDisplayWidget has no supported frame display method
2026-10-07 16:35:09,932 - ultrasound - ERROR - Error displaying video frame: FrameDisplayWidget has no supported frame display method
Traceback (most recent call last):
  File "C:\Users\Laptopi-Homs\Pictures\echogpt\echogpt\main_window_v1.py", line 1477, in display_frame
    raise RuntimeError(
        "FrameDisplayWidget has no supported frame display method"
    )
RuntimeError: FrameDisplayWidget has no supported frame display method
2026-10-07 16:35:09,979 - ultrasound - ERROR - Error displaying video frame: FrameDisplayWidget has no supported frame display method
Traceback (most recent call last):
  File "C:\Users\Laptopi-Homs\Pictures\echogpt\echogpt\main_window_v1.py", line 1477, in display_frame
    raise RuntimeError(
        "FrameDisplayWidget has no supported frame display method"
    )
RuntimeError: FrameDisplayWidget has no supported frame display method
2026-10-07 16:35:10,026 - ultrasound - ERROR - Error displaying video frame: FrameDisplayWidget has no supported frame display method
Traceback (most recent call last):
  File "C:\Users\Laptopi-Homs\Pictures\echogpt\echogpt\main_window_v1.py", line 1477, in display_frame
    raise RuntimeError(
        "FrameDisplayWidget has no supported frame display method"
    )
RuntimeError: FrameDisplayWidget has no supported frame display method
2026-10-07 16:35:10,072 - ultrasound - ERROR - Error displaying video frame: FrameDisplayWidget has no supported frame display method
Traceback (most recent call last):
  File "C:\Users\Laptopi-Homs\Pictures\echogpt\echogpt\main_window_v1.py", line 1477, in display_frame
    raise RuntimeError(
        "FrameDisplayWidget has no supported frame display method"
    )
RuntimeError: FrameDisplayWidget has no supported frame display method
2026-10-07 16:35:10,119 - ultrasound - ERROR - Error displaying video frame: FrameDisplayWidget has no supported frame display method
Traceback (most recent call last):
  File "C:\Users\Laptopi-Homs\Pictures\echogpt\echogpt\main_window_v1.py", line 1477, in display_frame
    raise RuntimeError(
        "FrameDisplayWidget has no supported frame display method"
    )
RuntimeError: FrameDisplayWidget has no supported frame display method
2026-10-07 16:35:10,166 - ultrasound - ERROR - Error displaying video frame: FrameDisplayWidget has no supported frame display method
Traceback (most recent call last):
  File "C:\Users\Laptopi-Homs\Pictures\echogpt\echogpt\main_window_v1.py", line 1477, in display_frame
    raise RuntimeError(
        "FrameDisplayWidget has no supported frame display method"
    )
RuntimeError: FrameDisplayWidget has no supported frame display method
2026-10-07 16:35:10,213 - ultrasound - ERROR - Error displaying video frame: FrameDisplayWidget has no supported frame display method
Traceback (most recent call last):
  File "C:\Users\Laptopi-Homs\Pictures\echogpt\echogpt\main_window_v1.py", line 1477, in display_frame
    raise RuntimeError(
        "FrameDisplayWidget has no supported frame display method"
    )
RuntimeError: FrameDisplayWidget has no supported frame display method
2026-10-07 16:35:10,260 - ultrasound - ERROR - Error displaying video frame: FrameDisplayWidget has no supported frame display method
Traceback (most recent call last):
  File "C:\Users\Laptopi-Homs\Pictures\echogpt\echogpt\main_window_v1.py", line 1477, in display_frame
    raise RuntimeError(
        "FrameDisplayWidget has no supported frame display method"
    )
RuntimeError: FrameDisplayWidget has no supported frame display method
2026-10-07 16:35:10,306 - ultrasound - ERROR - Error displaying video frame: FrameDisplayWidget has no supported frame display method
Traceback (most recent call last):
  File "C:\Users\Laptopi-Homs\Pictures\echogpt\echogpt\main_window_v1.py", line 1477, in display_frame
    raise RuntimeError(
        "FrameDisplayWidget has no supported frame display method"
    )
RuntimeError: FrameDisplayWidget has no supported frame display method
2026-10-07 16:35:10,353 - ultrasound - ERROR - Error displaying video frame: FrameDisplayWidget has no supported frame display method
Traceback (most recent call last):
  File "C:\Users\Laptopi-Homs\Pictures\echogpt\echogpt\main_window_v1.py", line 1477, in display_frame
    raise RuntimeError(
        "FrameDisplayWidget has no supported frame display method"
    )
RuntimeError: FrameDisplayWidget has no supported frame display method
2026-10-07 16:35:10,401 - ultrasound - ERROR - Error displaying video frame: FrameDisplayWidget has no supported frame display method
Traceback (most recent call last):
  File "C:\Users\Laptopi-Homs\Pictures\echogpt\echogpt\main_window_v1.py", line 1477, in display_frame
    raise RuntimeError(
        "FrameDisplayWidget has no supported frame display method"
    )
RuntimeError: FrameDisplayWidget has no supported frame display method
2026-10-07 16:35:10,448 - ultrasound - ERROR - Error displaying video frame: FrameDisplayWidget has no supported frame display method
Traceback (most recent call last):
  File "C:\Users\Laptopi-Homs\Pictures\echogpt\echogpt\main_window_v1.py", line 1477, in display_frame
    raise RuntimeError(
        "FrameDisplayWidget has no supported frame display method"
    )
RuntimeError: FrameDisplayWidget has no supported frame display method
2026-10-07 16:35:10,495 - ultrasound - ERROR - Error displaying video frame: FrameDisplayWidget has no supported frame display method
Traceback (most recent call last):
  File "C:\Users\Laptopi-Homs\Pictures\echogpt\echogpt\main_window_v1.py", line 1477, in display_frame
    raise RuntimeError(
        "FrameDisplayWidget has no supported frame display method"
    )
RuntimeError: FrameDisplayWidget has no supported frame display method
2026-10-07 16:35:10,548 - ultrasound - ERROR - Error displaying video frame: FrameDisplayWidget has no supported frame display method
Traceback (most recent call last):
  File "C:\Users\Laptopi-Homs\Pictures\echogpt\echogpt\main_window_v1.py", line 1477, in display_frame
    raise RuntimeError(
        "FrameDisplayWidget has no supported frame display method"
    )
RuntimeError: FrameDisplayWidget has no supported frame display method
2026-10-07 16:35:10,595 - ultrasound - ERROR - Error displaying video frame: FrameDisplayWidget has no supported frame display method
Traceback (most recent call last):
  File "C:\Users\Laptopi-Homs\Pictures\echogpt\echogpt\main_window_v1.py", line 1477, in display_frame
    raise RuntimeError(
        "FrameDisplayWidget has no supported frame display method"
    )
RuntimeError: FrameDisplayWidget has no supported frame display method
2026-10-07 16:35:10,642 - ultrasound - ERROR - Error displaying video frame: FrameDisplayWidget has no supported frame display method
Traceback (most recent call last):
  File "C:\Users\Laptopi-Homs\Pictures\echogpt\echogpt\main_window_v1.py", line 1477, in display_frame
    raise RuntimeError(
        "FrameDisplayWidget has no supported frame display method"
    )
RuntimeError: FrameDisplayWidget has no supported frame display method
2026-10-07 16:35:10,688 - ultrasound - ERROR - Error displaying video frame: FrameDisplayWidget has no supported frame display method
Traceback (most recent call last):
  File "C:\Users\Laptopi-Homs\Pictures\echogpt\echogpt\main_window_v1.py", line 1477, in display_frame
    raise RuntimeError(
        "FrameDisplayWidget has no supported frame display method"
    )
RuntimeError: FrameDisplayWidget has no supported frame display method
2026-10-07 16:35:10,735 - ultrasound - ERROR - Error displaying video frame: FrameDisplayWidget has no supported frame display method
Traceback (most recent call last):
  File "C:\Users\Laptopi-Homs\Pictures\echogpt\echogpt\main_window_v1.py", line 1477, in display_frame
    raise RuntimeError(
        "FrameDisplayWidget has no supported frame display method"
    )
RuntimeError: FrameDisplayWidget has no supported frame display method
2026-10-07 16:35:10,782 - ultrasound - ERROR - Error displaying video frame: FrameDisplayWidget has no supported frame display method
Traceback (most recent call last):
  File "C:\Users\Laptopi-Homs\Pictures\echogpt\echogpt\main_window_v1.py", line 1477, in display_frame
    raise RuntimeError(
        "FrameDisplayWidget has no supported frame display method"
    )
RuntimeError: FrameDisplayWidget has no supported frame display method
2026-10-07 16:35:10,829 - ultrasound - ERROR - Error displaying video frame: FrameDisplayWidget has no supported frame display method
Traceback (most recent call last):
  File "C:\Users\Laptopi-Homs\Pictures\echogpt\echogpt\main_window_v1.py", line 1477, in display_frame
    raise RuntimeError(
        "FrameDisplayWidget has no supported frame display method"
    )
RuntimeError: FrameDisplayWidget has no supported frame display method
2026-10-07 16:35:10,876 - ultrasound - ERROR - Error displaying video frame: FrameDisplayWidget has no supported frame display method
Traceback (most recent call last):
  File "C:\Users\Laptopi-Homs\Pictures\echogpt\echogpt\main_window_v1.py", line 1477, in display_frame
    raise RuntimeError(
        "FrameDisplayWidget has no supported frame display method"
    )
RuntimeError: FrameDisplayWidget has no supported frame display method
2026-10-07 16:35:10,923 - ultrasound - ERROR - Error displaying video frame: FrameDisplayWidget has no supported frame display method
Traceback (most recent call last):
  File "C:\Users\Laptopi-Homs\Pictures\echogpt\echogpt\main_window_v1.py", line 1477, in display_frame
    raise RuntimeError(
        "FrameDisplayWidget has no supported frame display method"
    )
RuntimeError: FrameDisplayWidget has no supported frame display method
2026-10-07 16:35:10,969 - ultrasound - ERROR - Error displaying video frame: FrameDisplayWidget has no supported frame display method
Traceback (most recent call last):
  File "C:\Users\Laptopi-Homs\Pictures\echogpt\echogpt\main_window_v1.py", line 1477, in display_frame
    raise RuntimeError(
        "FrameDisplayWidget has no supported frame display method"
    )
RuntimeError: FrameDisplayWidget has no supported frame display method
2026-10-07 16:35:11,016 - ultrasound - ERROR - Error displaying video frame: FrameDisplayWidget has no supported frame display method
Traceback (most recent call last):
  File "C:\Users\Laptopi-Homs\Pictures\echogpt\echogpt\main_window_v1.py", line 1477, in display_frame
    raise RuntimeError(
        "FrameDisplayWidget has no supported frame display method"
    )
RuntimeError: FrameDisplayWidget has no supported frame display method
2026-10-07 16:35:11,063 - ultrasound - ERROR - Error displaying video frame: FrameDisplayWidget has no supported frame display method
Traceback (most recent call last):
  File "C:\Users\Laptopi-Homs\Pictures\echogpt\echogpt\main_window_v1.py", line 1477, in display_frame
    raise RuntimeError(
        "FrameDisplayWidget has no supported frame display method"
    )
RuntimeError: FrameDisplayWidget has no supported frame display method
2026-10-07 16:35:11,110 - ultrasound - ERROR - Error displaying video frame: FrameDisplayWidget has no supported frame display method
Traceback (most recent call last):
  File "C:\Users\Laptopi-Homs\Pictures\echogpt\echogpt\main_window_v1.py", line 1477, in display_frame
    raise RuntimeError(
        "FrameDisplayWidget has no supported frame display method"
    )
RuntimeError: FrameDisplayWidget has no supported frame display method
2026-10-07 16:35:11,157 - ultrasound - ERROR - Error displaying video frame: FrameDisplayWidget has no supported frame display method
Traceback (most recent call last):
  File "C:\Users\Laptopi-Homs\Pictures\echogpt\echogpt\main_window_v1.py", line 1477, in display_frame
    raise RuntimeError(
        "FrameDisplayWidget has no supported frame display method"
    )
RuntimeError: FrameDisplayWidget has no supported frame display method
2026-10-07 16:35:11,204 - ultrasound - ERROR - Error displaying video frame: FrameDisplayWidget has no supported frame display method
Traceback (most recent call last):
  File "C:\Users\Laptopi-Homs\Pictures\echogpt\echogpt\main_window_v1.py", line 1477, in display_frame
    raise RuntimeError(
        "FrameDisplayWidget has no supported frame display method"
    )
RuntimeError: FrameDisplayWidget has no supported frame display method
2026-10-07 16:35:11,247 - ultrasound - ERROR - Error displaying video frame: FrameDisplayWidget has no supported frame display method
Traceback (most recent call last):
  File "C:\Users\Laptopi-Homs\Pictures\echogpt\echogpt\main_window_v1.py", line 1477, in display_frame
    raise RuntimeError(
        "FrameDisplayWidget has no supported frame display method"
    )
RuntimeError: FrameDisplayWidget has no supported frame display method
2026-10-07 16:35:11,294 - ultrasound - ERROR - Error displaying video frame: FrameDisplayWidget has no supported frame display method
Traceback (most recent call last):
  File "C:\Users\Laptopi-Homs\Pictures\echogpt\echogpt\main_window_v1.py", line 1477, in display_frame
    raise RuntimeError(
        "FrameDisplayWidget has no supported frame display method"
    )
RuntimeError: FrameDisplayWidget has no supported frame display method
2026-10-07 16:35:11,341 - ultrasound - ERROR - Error displaying video frame: FrameDisplayWidget has no supported frame display method
Traceback (most recent call last):
  File "C:\Users\Laptopi-Homs\Pictures\echogpt\echogpt\main_window_v1.py", line 1477, in display_frame
    raise RuntimeError(
        "FrameDisplayWidget has no supported frame display method"
    )
RuntimeError: FrameDisplayWidget has no supported frame display method
2026-10-07 16:35:11,388 - ultrasound - ERROR - Error displaying video frame: FrameDisplayWidget has no supported frame display method
Traceback (most recent call last):
  File "C:\Users\Laptopi-Homs\Pictures\echogpt\echogpt\main_window_v1.py", line 1477, in display_frame
    raise RuntimeError(
        "FrameDisplayWidget has no supported frame display method"
    )
RuntimeError: FrameDisplayWidget has no supported frame display method
2026-10-07 16:35:11,436 - ultrasound - ERROR - Error displaying video frame: FrameDisplayWidget has no supported frame display method
Traceback (most recent call last):
  File "C:\Users\Laptopi-Homs\Pictures\echogpt\echogpt\main_window_v1.py", line 1477, in display_frame
    raise RuntimeError(
        "FrameDisplayWidget has no supported frame display method"
    )
RuntimeError: FrameDisplayWidget has no supported frame display method
2026-10-07 16:35:11,482 - ultrasound - ERROR - Error displaying video frame: FrameDisplayWidget has no supported frame display method
Traceback (most recent call last):
  File "C:\Users\Laptopi-Homs\Pictures\echogpt\echogpt\main_window_v1.py", line 1477, in display_frame
    raise RuntimeError(
        "FrameDisplayWidget has no supported frame display method"
    )
RuntimeError: FrameDisplayWidget has no supported frame display method
2026-10-07 16:35:11,529 - ultrasound - ERROR - Error displaying video frame: FrameDisplayWidget has no supported frame display method
Traceback (most recent call last):
  File "C:\Users\Laptopi-Homs\Pictures\echogpt\echogpt\main_window_v1.py", line 1477, in display_frame
    raise RuntimeError(
        "FrameDisplayWidget has no supported frame display method"
    )
RuntimeError: FrameDisplayWidget has no supported frame display method
2026-10-07 16:35:11,576 - ultrasound - ERROR - Error displaying video frame: FrameDisplayWidget has no supported frame display method
Traceback (most recent call last):
  File "C:\Users\Laptopi-Homs\Pictures\echogpt\echogpt\main_window_v1.py", line 1477, in display_frame
    raise RuntimeError(
        "FrameDisplayWidget has no supported frame display method"
    )
RuntimeError: FrameDisplayWidget has no supported frame display method
2026-10-07 16:35:11,623 - ultrasound - ERROR - Error displaying video frame: FrameDisplayWidget has no supported frame display method
Traceback (most recent call last):
  File "C:\Users\Laptopi-Homs\Pictures\echogpt\echogpt\main_window_v1.py", line 1477, in display_frame
    raise RuntimeError(
        "FrameDisplayWidget has no supported frame display method"
    )
RuntimeError: FrameDisplayWidget has no supported frame display method
2026-10-07 16:35:11,670 - ultrasound - ERROR - Error displaying video frame: FrameDisplayWidget has no supported frame display method
Traceback (most recent call last):
  File "C:\Users\Laptopi-Homs\Pictures\echogpt\echogpt\main_window_v1.py", line 1477, in display_frame
    raise RuntimeError(
        "FrameDisplayWidget has no supported frame display method"
    )
RuntimeError: FrameDisplayWidget has no supported frame display method
2026-10-07 16:35:11,717 - ultrasound - ERROR - Error displaying video frame: FrameDisplayWidget has no supported frame display method
Traceback (most recent call last):
  File "C:\Users\Laptopi-Homs\Pictures\echogpt\echogpt\main_window_v1.py", line 1477, in display_frame
    raise RuntimeError(
        "FrameDisplayWidget has no supported frame display method"
    )
RuntimeError: FrameDisplayWidget has no supported frame display method
2026-10-07 16:35:11,763 - ultrasound - ERROR - Error displaying video frame: FrameDisplayWidget has no supported frame display method
Traceback (most recent call last):
  File "C:\Users\Laptopi-Homs\Pictures\echogpt\echogpt\main_window_v1.py", line 1477, in display_frame
    raise RuntimeError(
        "FrameDisplayWidget has no supported frame display method"
    )
RuntimeError: FrameDisplayWidget has no supported frame display method
2026-10-07 16:35:11,810 - ultrasound - ERROR - Error displaying video frame: FrameDisplayWidget has no supported frame display method
Traceback (most recent call last):
  File "C:\Users\Laptopi-Homs\Pictures\echogpt\echogpt\main_window_v1.py", line 1477, in display_frame
    raise RuntimeError(
        "FrameDisplayWidget has no supported frame display method"
    )
RuntimeError: FrameDisplayWidget has no supported frame display method
2026-10-07 16:35:11,857 - ultrasound - ERROR - Error displaying video frame: FrameDisplayWidget has no supported frame display method
Traceback (most recent call last):
  File "C:\Users\Laptopi-Homs\Pictures\echogpt\echogpt\main_window_v1.py", line 1477, in display_frame
    raise RuntimeError(
        "FrameDisplayWidget has no supported frame display method"
    )
RuntimeError: FrameDisplayWidget has no supported frame display method
2026-10-07 16:35:11,904 - ultrasound - ERROR - Error displaying video frame: FrameDisplayWidget has no supported frame display method
Traceback (most recent call last):
  File "C:\Users\Laptopi-Homs\Pictures\echogpt\echogpt\main_window_v1.py", line 1477, in display_frame
    raise RuntimeError(
        "FrameDisplayWidget has no supported frame display method"
    )
RuntimeError: FrameDisplayWidget has no supported frame display method
2026-10-07 16:35:11,951 - ultrasound - ERROR - Error displaying video frame: FrameDisplayWidget has no supported frame display method
Traceback (most recent call last):
  File "C:\Users\Laptopi-Homs\Pictures\echogpt\echogpt\main_window_v1.py", line 1477, in display_frame
    raise RuntimeError(
        "FrameDisplayWidget has no supported frame display method"
    )
RuntimeError: FrameDisplayWidget has no supported frame display method
2026-10-07 16:35:11,997 - ultrasound - ERROR - Error displaying video frame: FrameDisplayWidget has no supported frame display method
Traceback (most recent call last):
  File "C:\Users\Laptopi-Homs\Pictures\echogpt\echogpt\main_window_v1.py", line 1477, in display_frame
    raise RuntimeError(
        "FrameDisplayWidget has no supported frame display method"
    )
RuntimeError: FrameDisplayWidget has no supported frame display method
2026-10-07 16:35:12,045 - ultrasound - ERROR - Error displaying video frame: FrameDisplayWidget has no supported frame display method
Traceback (most recent call last):
  File "C:\Users\Laptopi-Homs\Pictures\echogpt\echogpt\main_window_v1.py", line 1477, in display_frame
    raise RuntimeError(
        "FrameDisplayWidget has no supported frame display method"
    )
RuntimeError: FrameDisplayWidget has no supported frame display method
2026-10-07 16:35:12,092 - ultrasound - ERROR - Error displaying video frame: FrameDisplayWidget has no supported frame display method
Traceback (most recent call last):
  File "C:\Users\Laptopi-Homs\Pictures\echogpt\echogpt\main_window_v1.py", line 1477, in display_frame
    raise RuntimeError(
        "FrameDisplayWidget has no supported frame display method"
    )
RuntimeError: FrameDisplayWidget has no supported frame display method
2026-10-07 16:35:12,138 - ultrasound - ERROR - Error displaying video frame: FrameDisplayWidget has no supported frame display method
Traceback (most recent call last):
  File "C:\Users\Laptopi-Homs\Pictures\echogpt\echogpt\main_window_v1.py", line 1477, in display_frame
    raise RuntimeError(
        "FrameDisplayWidget has no supported frame display method"
    )
RuntimeError: FrameDisplayWidget has no supported frame display method
2026-10-07 16:35:12,185 - ultrasound - ERROR - Error displaying video frame: FrameDisplayWidget has no supported frame display method
Traceback (most recent call last):
  File "C:\Users\Laptopi-Homs\Pictures\echogpt\echogpt\main_window_v1.py", line 1477, in display_frame
    raise RuntimeError(
        "FrameDisplayWidget has no supported frame display method"
    )
RuntimeError: FrameDisplayWidget has no supported frame display method
2026-10-07 16:35:12,232 - ultrasound - ERROR - Error displaying video frame: FrameDisplayWidget has no supported frame display method
Traceback (most recent call last):
  File "C:\Users\Laptopi-Homs\Pictures\echogpt\echogpt\main_window_v1.py", line 1477, in display_frame
    raise RuntimeError(
        "FrameDisplayWidget has no supported frame display method"
    )
RuntimeError: FrameDisplayWidget has no supported frame display method
2026-10-07 16:35:12,279 - ultrasound - ERROR - Error displaying video frame: FrameDisplayWidget has no supported frame display method
Traceback (most recent call last):
  File "C:\Users\Laptopi-Homs\Pictures\echogpt\echogpt\main_window_v1.py", line 1477, in display_frame
    raise RuntimeError(
        "FrameDisplayWidget has no supported frame display method"
    )
RuntimeError: FrameDisplayWidget has no supported frame display method
2026-10-07 16:35:12,332 - ultrasound - ERROR - Error displaying video frame: FrameDisplayWidget has no supported frame display method
Traceback (most recent call last):
  File "C:\Users\Laptopi-Homs\Pictures\echogpt\echogpt\main_window_v1.py", line 1477, in display_frame
    raise RuntimeError(
        "FrameDisplayWidget has no supported frame display method"
    )
RuntimeError: FrameDisplayWidget has no supported frame display method
2026-10-07 16:35:12,373 - ultrasound - ERROR - Error displaying video frame: FrameDisplayWidget has no supported frame display method
Traceback (most recent call last):
  File "C:\Users\Laptopi-Homs\Pictures\echogpt\echogpt\main_window_v1.py", line 1477, in display_frame
    raise RuntimeError(
        "FrameDisplayWidget has no supported frame display method"
    )
RuntimeError: FrameDisplayWidget has no supported frame display method
2026-10-07 16:35:12,410 - ultrasound - ERROR - Error displaying video frame: FrameDisplayWidget has no supported frame display method
Traceback (most recent call last):
  File "C:\Users\Laptopi-Homs\Pictures\echogpt\echogpt\main_window_v1.py", line 1477, in display_frame
    raise RuntimeError(
        "FrameDisplayWidget has no supported frame display method"
    )
RuntimeError: FrameDisplayWidget has no supported frame display method
2026-10-07 16:35:12,458 - ultrasound - ERROR - Error displaying video frame: FrameDisplayWidget has no supported frame display method
Traceback (most recent call last):
  File "C:\Users\Laptopi-Homs\Pictures\echogpt\echogpt\main_window_v1.py", line 1477, in display_frame
    raise RuntimeError(
        "FrameDisplayWidget has no supported frame display method"
    )
RuntimeError: FrameDisplayWidget has no supported frame display method
2026-10-07 16:35:12,504 - ultrasound - ERROR - Error displaying video frame: FrameDisplayWidget has no supported frame display method
Traceback (most recent call last):
  File "C:\Users\Laptopi-Homs\Pictures\echogpt\echogpt\main_window_v1.py", line 1477, in display_frame
    raise RuntimeError(
        "FrameDisplayWidget has no supported frame display method"
    )
RuntimeError: FrameDisplayWidget has no supported frame display method
2026-10-07 16:35:12,551 - ultrasound - ERROR - Error displaying video frame: FrameDisplayWidget has no supported frame display method
Traceback (most recent call last):
  File "C:\Users\Laptopi-Homs\Pictures\echogpt\echogpt\main_window_v1.py", line 1477, in display_frame
    raise RuntimeError(
        "FrameDisplayWidget has no supported frame display method"
    )
RuntimeError: FrameDisplayWidget has no supported frame display method
2026-10-07 16:35:12,599 - ultrasound - ERROR - Error displaying video frame: FrameDisplayWidget has no supported frame display method
Traceback (most recent call last):
  File "C:\Users\Laptopi-Homs\Pictures\echogpt\echogpt\main_window_v1.py", line 1477, in display_frame
    raise RuntimeError(
        "FrameDisplayWidget has no supported frame display method"
    )
RuntimeError: FrameDisplayWidget has no supported frame display method
2026-10-07 16:35:12,644 - ultrasound - ERROR - Error displaying video frame: FrameDisplayWidget has no supported frame display method
Traceback (most recent call last):
  File "C:\Users\Laptopi-Homs\Pictures\echogpt\echogpt\main_window_v1.py", line 1477, in display_frame
    raise RuntimeError(
        "FrameDisplayWidget has no supported frame display method"
    )
RuntimeError: FrameDisplayWidget has no supported frame display method
2026-10-07 16:35:12,691 - ultrasound - ERROR - Error displaying video frame: FrameDisplayWidget has no supported frame display method
Traceback (most recent call last):
  File "C:\Users\Laptopi-Homs\Pictures\echogpt\echogpt\main_window_v1.py", line 1477, in display_frame
    raise RuntimeError(
        "FrameDisplayWidget has no supported frame display method"
    )
RuntimeError: FrameDisplayWidget has no supported frame display method
2026-10-07 16:35:12,738 - ultrasound - ERROR - Error displaying video frame: FrameDisplayWidget has no supported frame display method
Traceback (most recent call last):
  File "C:\Users\Laptopi-Homs\Pictures\echogpt\echogpt\main_window_v1.py", line 1477, in display_frame
    raise RuntimeError(
        "FrameDisplayWidget has no supported frame display method"
    )
RuntimeError: FrameDisplayWidget has no supported frame display method
2026-10-07 16:35:12,785 - ultrasound - ERROR - Error displaying video frame: FrameDisplayWidget has no supported frame display method
Traceback (most recent call last):
  File "C:\Users\Laptopi-Homs\Pictures\echogpt\echogpt\main_window_v1.py", line 1477, in display_frame
    raise RuntimeError(
        "FrameDisplayWidget has no supported frame display method"
    )
RuntimeError: FrameDisplayWidget has no supported frame display method
2026-10-07 16:35:12,832 - ultrasound - ERROR - Error displaying video frame: FrameDisplayWidget has no supported frame display method
Traceback (most recent call last):
  File "C:\Users\Laptopi-Homs\Pictures\echogpt\echogpt\main_window_v1.py", line 1477, in display_frame
    raise RuntimeError(
        "FrameDisplayWidget has no supported frame display method"
    )
RuntimeError: FrameDisplayWidget has no supported frame display method
2026-10-07 16:35:12,879 - ultrasound - ERROR - Error displaying video frame: FrameDisplayWidget has no supported frame display method
Traceback (most recent call last):
  File "C:\Users\Laptopi-Homs\Pictures\echogpt\echogpt\main_window_v1.py", line 1477, in display_frame
    raise RuntimeError(
        "FrameDisplayWidget has no supported frame display method"
    )
RuntimeError: FrameDisplayWidget has no supported frame display method
2026-10-07 16:35:12,925 - ultrasound - ERROR - Error displaying video frame: FrameDisplayWidget has no supported frame display method
Traceback (most recent call last):
  File "C:\Users\Laptopi-Homs\Pictures\echogpt\echogpt\main_window_v1.py", line 1477, in display_frame
    raise RuntimeError(
        "FrameDisplayWidget has no supported frame display method"
    )
RuntimeError: FrameDisplayWidget has no supported frame display method
2026-10-07 16:35:12,973 - ultrasound - ERROR - Error displaying video frame: FrameDisplayWidget has no supported frame display method
Traceback (most recent call last):
  File "C:\Users\Laptopi-Homs\Pictures\echogpt\echogpt\main_window_v1.py", line 1477, in display_frame
    raise RuntimeError(
        "FrameDisplayWidget has no supported frame display method"
    )
RuntimeError: FrameDisplayWidget has no supported frame display method
2026-10-07 16:35:13,022 - ultrasound - ERROR - Error displaying video frame: FrameDisplayWidget has no supported frame display method
Traceback (most recent call last):
  File "C:\Users\Laptopi-Homs\Pictures\echogpt\echogpt\main_window_v1.py", line 1477, in display_frame
    raise RuntimeError(
        "FrameDisplayWidget has no supported frame display method"
    )
RuntimeError: FrameDisplayWidget has no supported frame display method
2026-10-07 16:35:13,064 - ultrasound - ERROR - Error displaying video frame: FrameDisplayWidget has no supported frame display method
Traceback (most recent call last):
  File "C:\Users\Laptopi-Homs\Pictures\echogpt\echogpt\main_window_v1.py", line 1477, in display_frame
    raise RuntimeError(
        "FrameDisplayWidget has no supported frame display method"
    )
RuntimeError: FrameDisplayWidget has no supported frame display method
2026-10-07 16:35:13,111 - ultrasound - ERROR - Error displaying video frame: FrameDisplayWidget has no supported frame display method
Traceback (most recent call last):
  File "C:\Users\Laptopi-Homs\Pictures\echogpt\echogpt\main_window_v1.py", line 1477, in display_frame
    raise RuntimeError(
        "FrameDisplayWidget has no supported frame display method"
    )
RuntimeError: FrameDisplayWidget has no supported frame display method
2026-10-07 16:35:13,158 - ultrasound - ERROR - Error displaying video frame: FrameDisplayWidget has no supported frame display method
Traceback (most recent call last):
  File "C:\Users\Laptopi-Homs\Pictures\echogpt\echogpt\main_window_v1.py", line 1477, in display_frame
    raise RuntimeError(
        "FrameDisplayWidget has no supported frame display method"
    )
RuntimeError: FrameDisplayWidget has no supported frame display method
2026-10-07 16:35:13,205 - ultrasound - ERROR - Error displaying video frame: FrameDisplayWidget has no supported frame display method
Traceback (most recent call last):
  File "C:\Users\Laptopi-Homs\Pictures\echogpt\echogpt\main_window_v1.py", line 1477, in display_frame
    raise RuntimeError(
        "FrameDisplayWidget has no supported frame display method"
    )
RuntimeError: FrameDisplayWidget has no supported frame display method
2026-10-07 16:35:13,251 - ultrasound - ERROR - Error displaying video frame: FrameDisplayWidget has no supported frame display method
Traceback (most recent call last):
  File "C:\Users\Laptopi-Homs\Pictures\echogpt\echogpt\main_window_v1.py", line 1477, in display_frame
    raise RuntimeError(
        "FrameDisplayWidget has no supported frame display method"
    )
RuntimeError: FrameDisplayWidget has no supported frame display method
2026-10-07 16:35:13,298 - ultrasound - ERROR - Error displaying video frame: FrameDisplayWidget has no supported frame display method
Traceback (most recent call last):
  File "C:\Users\Laptopi-Homs\Pictures\echogpt\echogpt\main_window_v1.py", line 1477, in display_frame
    raise RuntimeError(
        "FrameDisplayWidget has no supported frame display method"
    )
RuntimeError: FrameDisplayWidget has no supported frame display method
2026-10-07 16:35:13,345 - ultrasound - ERROR - Error displaying video frame: FrameDisplayWidget has no supported frame display method
Traceback (most recent call last):
  File "C:\Users\Laptopi-Homs\Pictures\echogpt\echogpt\main_window_v1.py", line 1477, in display_frame
    raise RuntimeError(
        "FrameDisplayWidget has no supported frame display method"
    )
RuntimeError: FrameDisplayWidget has no supported frame display method
2026-10-07 16:35:13,392 - ultrasound - ERROR - Error displaying video frame: FrameDisplayWidget has no supported frame display method
Traceback (most recent call last):
  File "C:\Users\Laptopi-Homs\Pictures\echogpt\echogpt\main_window_v1.py", line 1477, in display_frame
    raise RuntimeError(
        "FrameDisplayWidget has no supported frame display method"
    )
RuntimeError: FrameDisplayWidget has no supported frame display method
2026-10-07 16:35:13,444 - ultrasound - ERROR - Error displaying video frame: FrameDisplayWidget has no supported frame display method
Traceback (most recent call last):
  File "C:\Users\Laptopi-Homs\Pictures\echogpt\echogpt\main_window_v1.py", line 1477, in display_frame
    raise RuntimeError(
        "FrameDisplayWidget has no supported frame display method"
    )
RuntimeError: FrameDisplayWidget has no supported frame display method
2026-10-07 16:35:13,491 - ultrasound - ERROR - Error displaying video frame: FrameDisplayWidget has no supported frame display method
Traceback (most recent call last):
  File "C:\Users\Laptopi-Homs\Pictures\echogpt\echogpt\main_window_v1.py", line 1477, in display_frame
    raise RuntimeError(
        "FrameDisplayWidget has no supported frame display method"
    )
RuntimeError: FrameDisplayWidget has no supported frame display method
2026-10-07 16:35:13,544 - ultrasound - ERROR - Error displaying video frame: FrameDisplayWidget has no supported frame display method
Traceback (most recent call last):
  File "C:\Users\Laptopi-Homs\Pictures\echogpt\echogpt\main_window_v1.py", line 1477, in display_frame
    raise RuntimeError(
        "FrameDisplayWidget has no supported frame display method"
    )
RuntimeError: FrameDisplayWidget has no supported frame display method
2026-10-07 16:35:13,590 - ultrasound - ERROR - Error displaying video frame: FrameDisplayWidget has no supported frame display method
Traceback (most recent call last):
  File "C:\Users\Laptopi-Homs\Pictures\echogpt\echogpt\main_window_v1.py", line 1477, in display_frame
    raise RuntimeError(
        "FrameDisplayWidget has no supported frame display method"
    )
RuntimeError: FrameDisplayWidget has no supported frame display method
2026-10-07 16:35:13,633 - ultrasound - ERROR - Error displaying video frame: FrameDisplayWidget has no supported frame display method
Traceback (most recent call last):
  File "C:\Users\Laptopi-Homs\Pictures\echogpt\echogpt\main_window_v1.py", line 1477, in display_frame
    raise RuntimeError(
        "FrameDisplayWidget has no supported frame display method"
    )
RuntimeError: FrameDisplayWidget has no supported frame display method
2026-10-07 16:35:13,680 - ultrasound - ERROR - Error displaying video frame: FrameDisplayWidget has no supported frame display method
Traceback (most recent call last):
  File "C:\Users\Laptopi-Homs\Pictures\echogpt\echogpt\main_window_v1.py", line 1477, in display_frame
    raise RuntimeError(
        "FrameDisplayWidget has no supported frame display method"
    )
RuntimeError: FrameDisplayWidget has no supported frame display method
2026-10-07 16:35:13,726 - ultrasound - ERROR - Error displaying video frame: FrameDisplayWidget has no supported frame display method
Traceback (most recent call last):
  File "C:\Users\Laptopi-Homs\Pictures\echogpt\echogpt\main_window_v1.py", line 1477, in display_frame
    raise RuntimeError(
        "FrameDisplayWidget has no supported frame display method"
    )
RuntimeError: FrameDisplayWidget has no supported frame display method
2026-10-07 16:35:13,773 - ultrasound - ERROR - Error displaying video frame: FrameDisplayWidget has no supported frame display method
Traceback (most recent call last):
  File "C:\Users\Laptopi-Homs\Pictures\echogpt\echogpt\main_window_v1.py", line 1477, in display_frame
    raise RuntimeError(
        "FrameDisplayWidget has no supported frame display method"
    )
RuntimeError: FrameDisplayWidget has no supported frame display method
2026-10-07 16:35:13,820 - ultrasound - ERROR - Error displaying video frame: FrameDisplayWidget has no supported frame display method
Traceback (most recent call last):
  File "C:\Users\Laptopi-Homs\Pictures\echogpt\echogpt\main_window_v1.py", line 1477, in display_frame
    raise RuntimeError(
        "FrameDisplayWidget has no supported frame display method"
    )
RuntimeError: FrameDisplayWidget has no supported frame display method
2026-10-07 16:35:13,867 - ultrasound - ERROR - Error displaying video frame: FrameDisplayWidget has no supported frame display method
Traceback (most recent call last):
  File "C:\Users\Laptopi-Homs\Pictures\echogpt\echogpt\main_window_v1.py", line 1477, in display_frame
    raise RuntimeError(
        "FrameDisplayWidget has no supported frame display method"
    )
RuntimeError: FrameDisplayWidget has no supported frame display method
2026-10-07 16:35:13,914 - ultrasound - ERROR - Error displaying video frame: FrameDisplayWidget has no supported frame display method
Traceback (most recent call last):
  File "C:\Users\Laptopi-Homs\Pictures\echogpt\echogpt\main_window_v1.py", line 1477, in display_frame
    raise RuntimeError(
        "FrameDisplayWidget has no supported frame display method"
    )
RuntimeError: FrameDisplayWidget has no supported frame display method
2026-10-07 16:35:13,961 - ultrasound - ERROR - Error displaying video frame: FrameDisplayWidget has no supported frame display method
Traceback (most recent call last):
  File "C:\Users\Laptopi-Homs\Pictures\echogpt\echogpt\main_window_v1.py", line 1477, in display_frame
    raise RuntimeError(
        "FrameDisplayWidget has no supported frame display method"
    )
RuntimeError: FrameDisplayWidget has no supported frame display method
2026-10-07 16:35:14,008 - ultrasound - ERROR - Error displaying video frame: FrameDisplayWidget has no supported frame display method
Traceback (most recent call last):
  File "C:\Users\Laptopi-Homs\Pictures\echogpt\echogpt\main_window_v1.py", line 1477, in display_frame
    raise RuntimeError(
        "FrameDisplayWidget has no supported frame display method"
    )
RuntimeError: FrameDisplayWidget has no supported frame display method
2026-10-07 16:35:14,054 - ultrasound - ERROR - Error displaying video frame: FrameDisplayWidget has no supported frame display method
Traceback (most recent call last):
  File "C:\Users\Laptopi-Homs\Pictures\echogpt\echogpt\main_window_v1.py", line 1477, in display_frame
    raise RuntimeError(
        "FrameDisplayWidget has no supported frame display method"
    )
RuntimeError: FrameDisplayWidget has no supported frame display method
2026-10-07 16:35:14,101 - ultrasound - ERROR - Error displaying video frame: FrameDisplayWidget has no supported frame display method
Traceback (most recent call last):
  File "C:\Users\Laptopi-Homs\Pictures\echogpt\echogpt\main_window_v1.py", line 1477, in display_frame
    raise RuntimeError(
        "FrameDisplayWidget has no supported frame display method"
    )
RuntimeError: FrameDisplayWidget has no supported frame display method
2026-10-07 16:35:14,148 - ultrasound - ERROR - Error displaying video frame: FrameDisplayWidget has no supported frame display method
Traceback (most recent call last):
  File "C:\Users\Laptopi-Homs\Pictures\echogpt\echogpt\main_window_v1.py", line 1477, in display_frame
    raise RuntimeError(
        "FrameDisplayWidget has no supported frame display method"
    )
RuntimeError: FrameDisplayWidget has no supported frame display method
2026-10-07 16:35:14,195 - ultrasound - ERROR - Error displaying video frame: FrameDisplayWidget has no supported frame display method
Traceback (most recent call last):
  File "C:\Users\Laptopi-Homs\Pictures\echogpt\echogpt\main_window_v1.py", line 1477, in display_frame
    raise RuntimeError(
        "FrameDisplayWidget has no supported frame display method"
    )
RuntimeError: FrameDisplayWidget has no supported frame display method
2026-10-07 16:35:14,242 - ultrasound - ERROR - Error displaying video frame: FrameDisplayWidget has no supported frame display method
Traceback (most recent call last):
  File "C:\Users\Laptopi-Homs\Pictures\echogpt\echogpt\main_window_v1.py", line 1477, in display_frame
    raise RuntimeError(
        "FrameDisplayWidget has no supported frame display method"
    )
RuntimeError: FrameDisplayWidget has no supported frame display method
2026-10-07 16:35:14,289 - ultrasound - ERROR - Error displaying video frame: FrameDisplayWidget has no supported frame display method
Traceback (most recent call last):
  File "C:\Users\Laptopi-Homs\Pictures\echogpt\echogpt\main_window_v1.py", line 1477, in display_frame
    raise RuntimeError(
        "FrameDisplayWidget has no supported frame display method"
    )
RuntimeError: FrameDisplayWidget has no supported frame display method
2026-10-07 16:35:14,335 - ultrasound - ERROR - Error displaying video frame: FrameDisplayWidget has no supported frame display method
Traceback (most recent call last):
  File "C:\Users\Laptopi-Homs\Pictures\echogpt\echogpt\main_window_v1.py", line 1477, in display_frame
    raise RuntimeError(
        "FrameDisplayWidget has no supported frame display method"
    )
RuntimeError: FrameDisplayWidget has no supported frame display method
2026-10-07 16:35:14,382 - ultrasound - ERROR - Error displaying video frame: FrameDisplayWidget has no supported frame display method
Traceback (most recent call last):
  File "C:\Users\Laptopi-Homs\Pictures\echogpt\echogpt\main_window_v1.py", line 1477, in display_frame
    raise RuntimeError(
        "FrameDisplayWidget has no supported frame display method"
    )
RuntimeError: FrameDisplayWidget has no supported frame display method
2026-10-07 16:35:14,425 - ultrasound - ERROR - Error displaying video frame: FrameDisplayWidget has no supported frame display method
Traceback (most recent call last):
  File "C:\Users\Laptopi-Homs\Pictures\echogpt\echogpt\main_window_v1.py", line 1477, in display_frame
    raise RuntimeError(
        "FrameDisplayWidget has no supported frame display method"
    )
RuntimeError: FrameDisplayWidget has no supported frame display method
2026-10-07 16:35:14,471 - ultrasound - ERROR - Error displaying video frame: FrameDisplayWidget has no supported frame display method
Traceback (most recent call last):
  File "C:\Users\Laptopi-Homs\Pictures\echogpt\echogpt\main_window_v1.py", line 1477, in display_frame
    raise RuntimeError(
        "FrameDisplayWidget has no supported frame display method"
    )
RuntimeError: FrameDisplayWidget has no supported frame display method
2026-10-07 16:35:14,518 - ultrasound - ERROR - Error displaying video frame: FrameDisplayWidget has no supported frame display method
Traceback (most recent call last):
  File "C:\Users\Laptopi-Homs\Pictures\echogpt\echogpt\main_window_v1.py", line 1477, in display_frame
    raise RuntimeError(
        "FrameDisplayWidget has no supported frame display method"
    )
RuntimeError: FrameDisplayWidget has no supported frame display method
2026-10-07 16:35:14,565 - ultrasound - ERROR - Error displaying video frame: FrameDisplayWidget has no supported frame display method
Traceback (most recent call last):
  File "C:\Users\Laptopi-Homs\Pictures\echogpt\echogpt\main_window_v1.py", line 1477, in display_frame
    raise RuntimeError(
        "FrameDisplayWidget has no supported frame display method"
    )
RuntimeError: FrameDisplayWidget has no supported frame display method
2026-10-07 16:35:14,612 - ultrasound - ERROR - Error displaying video frame: FrameDisplayWidget has no supported frame display method
Traceback (most recent call last):
  File "C:\Users\Laptopi-Homs\Pictures\echogpt\echogpt\main_window_v1.py", line 1477, in display_frame
    raise RuntimeError(
        "FrameDisplayWidget has no supported frame display method"
    )
RuntimeError: FrameDisplayWidget has no supported frame display method
2026-10-07 16:35:14,672 - ultrasound - ERROR - Error displaying video frame: FrameDisplayWidget has no supported frame display method
Traceback (most recent call last):
  File "C:\Users\Laptopi-Homs\Pictures\echogpt\echogpt\main_window_v1.py", line 1477, in display_frame
    raise RuntimeError(
        "FrameDisplayWidget has no supported frame display method"
    )
RuntimeError: FrameDisplayWidget has no supported frame display method
2026-10-07 16:35:14,719 - ultrasound - ERROR - Error displaying video frame: FrameDisplayWidget has no supported frame display method
Traceback (most recent call last):
  File "C:\Users\Laptopi-Homs\Pictures\echogpt\echogpt\main_window_v1.py", line 1477, in display_frame
    raise RuntimeError(
        "FrameDisplayWidget has no supported frame display method"
    )
RuntimeError: FrameDisplayWidget has no supported frame display method
2026-10-07 16:35:14,766 - ultrasound - ERROR - Error displaying video frame: FrameDisplayWidget has no supported frame display method
Traceback (most recent call last):
  File "C:\Users\Laptopi-Homs\Pictures\echogpt\echogpt\main_window_v1.py", line 1477, in display_frame
    raise RuntimeError(
        "FrameDisplayWidget has no supported frame display method"
    )
RuntimeError: FrameDisplayWidget has no supported frame display method
2026-10-07 16:35:14,800 - ultrasound - ERROR - Error displaying video frame: FrameDisplayWidget has no supported frame display method
Traceback (most recent call last):
  File "C:\Users\Laptopi-Homs\Pictures\echogpt\echogpt\main_window_v1.py", line 1477, in display_frame
    raise RuntimeError(
        "FrameDisplayWidget has no supported frame display method"
    )
RuntimeError: FrameDisplayWidget has no supported frame display method
2026-10-07 16:35:14,847 - ultrasound - ERROR - Error displaying video frame: FrameDisplayWidget has no supported frame display method
Traceback (most recent call last):
  File "C:\Users\Laptopi-Homs\Pictures\echogpt\echogpt\main_window_v1.py", line 1477, in display_frame
    raise RuntimeError(
        "FrameDisplayWidget has no supported frame display method"
    )
RuntimeError: FrameDisplayWidget has no supported frame display method
2026-10-07 16:35:14,894 - ultrasound - ERROR - Error displaying video frame: FrameDisplayWidget has no supported frame display method
Traceback (most recent call last):
  File "C:\Users\Laptopi-Homs\Pictures\echogpt\echogpt\main_window_v1.py", line 1477, in display_frame
    raise RuntimeError(
        "FrameDisplayWidget has no supported frame display method"
    )
RuntimeError: FrameDisplayWidget has no supported frame display method
2026-10-07 16:35:14,941 - ultrasound - ERROR - Error displaying video frame: FrameDisplayWidget has no supported frame display method
Traceback (most recent call last):
  File "C:\Users\Laptopi-Homs\Pictures\echogpt\echogpt\main_window_v1.py", line 1477, in display_frame
    raise RuntimeError(
        "FrameDisplayWidget has no supported frame display method"
    )
RuntimeError: FrameDisplayWidget has no supported frame display method
2026-10-07 16:35:14,987 - ultrasound - ERROR - Error displaying video frame: FrameDisplayWidget has no supported frame display method
Traceback (most recent call last):
  File "C:\Users\Laptopi-Homs\Pictures\echogpt\echogpt\main_window_v1.py", line 1477, in display_frame
    raise RuntimeError(
        "FrameDisplayWidget has no supported frame display method"
    )
RuntimeError: FrameDisplayWidget has no supported frame display method
2026-10-07 16:35:15,034 - ultrasound - ERROR - Error displaying video frame: FrameDisplayWidget has no supported frame display method
Traceback (most recent call last):
  File "C:\Users\Laptopi-Homs\Pictures\echogpt\echogpt\main_window_v1.py", line 1477, in display_frame
    raise RuntimeError(
        "FrameDisplayWidget has no supported frame display method"
    )
RuntimeError: FrameDisplayWidget has no supported frame display method
2026-10-07 16:35:15,081 - ultrasound - ERROR - Error displaying video frame: FrameDisplayWidget has no supported frame display method
Traceback (most recent call last):
  File "C:\Users\Laptopi-Homs\Pictures\echogpt\echogpt\main_window_v1.py", line 1477, in display_frame
    raise RuntimeError(
        "FrameDisplayWidget has no supported frame display method"
    )
RuntimeError: FrameDisplayWidget has no supported frame display method
2026-10-07 16:35:15,128 - ultrasound - ERROR - Error displaying video frame: FrameDisplayWidget has no supported frame display method
Traceback (most recent call last):
  File "C:\Users\Laptopi-Homs\Pictures\echogpt\echogpt\main_window_v1.py", line 1477, in display_frame
    raise RuntimeError(
        "FrameDisplayWidget has no supported frame display method"
    )
RuntimeError: FrameDisplayWidget has no supported frame display method
2026-10-07 16:35:15,175 - ultrasound - ERROR - Error displaying video frame: FrameDisplayWidget has no supported frame display method
Traceback (most recent call last):
  File "C:\Users\Laptopi-Homs\Pictures\echogpt\echogpt\main_window_v1.py", line 1477, in display_frame
    raise RuntimeError(
        "FrameDisplayWidget has no supported frame display method"
    )
RuntimeError: FrameDisplayWidget has no supported frame display method
2026-10-07 16:35:15,222 - ultrasound - ERROR - Error displaying video frame: FrameDisplayWidget has no supported frame display method
Traceback (most recent call last):
  File "C:\Users\Laptopi-Homs\Pictures\echogpt\echogpt\main_window_v1.py", line 1477, in display_frame
    raise RuntimeError(
        "FrameDisplayWidget has no supported frame display method"
    )
RuntimeError: FrameDisplayWidget has no supported frame display method
2026-10-07 16:35:15,269 - ultrasound - ERROR - Error displaying video frame: FrameDisplayWidget has no supported frame display method
Traceback (most recent call last):
  File "C:\Users\Laptopi-Homs\Pictures\echogpt\echogpt\main_window_v1.py", line 1477, in display_frame
    raise RuntimeError(
        "FrameDisplayWidget has no supported frame display method"
    )
RuntimeError: FrameDisplayWidget has no supported frame display method
2026-10-07 16:35:15,315 - ultrasound - ERROR - Error displaying video frame: FrameDisplayWidget has no supported frame display method
Traceback (most recent call last):
  File "C:\Users\Laptopi-Homs\Pictures\echogpt\echogpt\main_window_v1.py", line 1477, in display_frame
    raise RuntimeError(
        "FrameDisplayWidget has no supported frame display method"
    )
RuntimeError: FrameDisplayWidget has no supported frame display method
2026-10-07 16:35:15,362 - ultrasound - ERROR - Error displaying video frame: FrameDisplayWidget has no supported frame display method
Traceback (most recent call last):
  File "C:\Users\Laptopi-Homs\Pictures\echogpt\echogpt\main_window_v1.py", line 1477, in display_frame
    raise RuntimeError(
        "FrameDisplayWidget has no supported frame display method"
    )
RuntimeError: FrameDisplayWidget has no supported frame display method
2026-10-07 16:35:15,413 - ultrasound - ERROR - Error displaying video frame: FrameDisplayWidget has no supported frame display method
Traceback (most recent call last):
  File "C:\Users\Laptopi-Homs\Pictures\echogpt\echogpt\main_window_v1.py", line 1477, in display_frame
    raise RuntimeError(
        "FrameDisplayWidget has no supported frame display method"
    )
RuntimeError: FrameDisplayWidget has no supported frame display method
2026-10-07 16:35:15,458 - ultrasound - ERROR - Error displaying video frame: FrameDisplayWidget has no supported frame display method
Traceback (most recent call last):
  File "C:\Users\Laptopi-Homs\Pictures\echogpt\echogpt\main_window_v1.py", line 1477, in display_frame
    raise RuntimeError(
        "FrameDisplayWidget has no supported frame display method"
    )
RuntimeError: FrameDisplayWidget has no supported frame display method
2026-10-07 16:35:15,504 - ultrasound - ERROR - Error displaying video frame: FrameDisplayWidget has no supported frame display method
Traceback (most recent call last):
  File "C:\Users\Laptopi-Homs\Pictures\echogpt\echogpt\main_window_v1.py", line 1477, in display_frame
    raise RuntimeError(
        "FrameDisplayWidget has no supported frame display method"
    )
RuntimeError: FrameDisplayWidget has no supported frame display method
2026-10-07 16:35:15,555 - ultrasound - ERROR - Error displaying video frame: FrameDisplayWidget has no supported frame display method
Traceback (most recent call last):
  File "C:\Users\Laptopi-Homs\Pictures\echogpt\echogpt\main_window_v1.py", line 1477, in display_frame
    raise RuntimeError(
        "FrameDisplayWidget has no supported frame display method"
    )
RuntimeError: FrameDisplayWidget has no supported frame display method
2026-10-07 16:35:15,603 - ultrasound - ERROR - Error displaying video frame: FrameDisplayWidget has no supported frame display method
Traceback (most recent call last):
  File "C:\Users\Laptopi-Homs\Pictures\echogpt\echogpt\main_window_v1.py", line 1477, in display_frame
    raise RuntimeError(
        "FrameDisplayWidget has no supported frame display method"
    )
RuntimeError: FrameDisplayWidget has no supported frame display method
2026-10-07 16:35:15,649 - ultrasound - ERROR - Error displaying video frame: FrameDisplayWidget has no supported frame display method
Traceback (most recent call last):
  File "C:\Users\Laptopi-Homs\Pictures\echogpt\echogpt\main_window_v1.py", line 1477, in display_frame
    raise RuntimeError(
        "FrameDisplayWidget has no supported frame display method"
    )
RuntimeError: FrameDisplayWidget has no supported frame display method
2026-10-07 16:35:15,696 - ultrasound - ERROR - Error displaying video frame: FrameDisplayWidget has no supported frame display method
Traceback (most recent call last):
  File "C:\Users\Laptopi-Homs\Pictures\echogpt\echogpt\main_window_v1.py", line 1477, in display_frame
    raise RuntimeError(
        "FrameDisplayWidget has no supported frame display method"
    )
RuntimeError: FrameDisplayWidget has no supported frame display method
2026-10-07 16:35:15,742 - ultrasound - ERROR - Error displaying video frame: FrameDisplayWidget has no supported frame display method
Traceback (most recent call last):
  File "C:\Users\Laptopi-Homs\Pictures\echogpt\echogpt\main_window_v1.py", line 1477, in display_frame
    raise RuntimeError(
        "FrameDisplayWidget has no supported frame display method"
    )
RuntimeError: FrameDisplayWidget has no supported frame display method
2026-10-07 16:35:15,790 - ultrasound - ERROR - Error displaying video frame: FrameDisplayWidget has no supported frame display method
Traceback (most recent call last):
  File "C:\Users\Laptopi-Homs\Pictures\echogpt\echogpt\main_window_v1.py", line 1477, in display_frame
    raise RuntimeError(
        "FrameDisplayWidget has no supported frame display method"
    )
RuntimeError: FrameDisplayWidget has no supported frame display method
2026-10-07 16:35:15,837 - ultrasound - ERROR - Error displaying video frame: FrameDisplayWidget has no supported frame display method
Traceback (most recent call last):
  File "C:\Users\Laptopi-Homs\Pictures\echogpt\echogpt\main_window_v1.py", line 1477, in display_frame
    raise RuntimeError(
        "FrameDisplayWidget has no supported frame display method"
    )
RuntimeError: FrameDisplayWidget has no supported frame display method
2026-10-07 16:35:15,883 - ultrasound - ERROR - Error displaying video frame: FrameDisplayWidget has no supported frame display method
Traceback (most recent call last):
  File "C:\Users\Laptopi-Homs\Pictures\echogpt\echogpt\main_window_v1.py", line 1477, in display_frame
    raise RuntimeError(
        "FrameDisplayWidget has no supported frame display method"
    )
RuntimeError: FrameDisplayWidget has no supported frame display method
2026-10-07 16:35:15,930 - ultrasound - ERROR - Error displaying video frame: FrameDisplayWidget has no supported frame display method
Traceback (most recent call last):
  File "C:\Users\Laptopi-Homs\Pictures\echogpt\echogpt\main_window_v1.py", line 1477, in display_frame
    raise RuntimeError(
        "FrameDisplayWidget has no supported frame display method"
    )
RuntimeError: FrameDisplayWidget has no supported frame display method
2026-10-07 16:35:15,977 - ultrasound - ERROR - Error displaying video frame: FrameDisplayWidget has no supported frame display method
Traceback (most recent call last):
  File "C:\Users\Laptopi-Homs\Pictures\echogpt\echogpt\main_window_v1.py", line 1477, in display_frame
    raise RuntimeError(
        "FrameDisplayWidget has no supported frame display method"
    )
RuntimeError: FrameDisplayWidget has no supported frame display method
2026-10-07 16:35:16,024 - ultrasound - ERROR - Error displaying video frame: FrameDisplayWidget has no supported frame display method
Traceback (most recent call last):
  File "C:\Users\Laptopi-Homs\Pictures\echogpt\echogpt\main_window_v1.py", line 1477, in display_frame
    raise RuntimeError(
        "FrameDisplayWidget has no supported frame display method"
    )
RuntimeError: FrameDisplayWidget has no supported frame display method
2026-10-07 16:35:16,071 - ultrasound - ERROR - Error displaying video frame: FrameDisplayWidget has no supported frame display method
Traceback (most recent call last):
  File "C:\Users\Laptopi-Homs\Pictures\echogpt\echogpt\main_window_v1.py", line 1477, in display_frame
    raise RuntimeError(
        "FrameDisplayWidget has no supported frame display method"
    )
RuntimeError: FrameDisplayWidget has no supported frame display method
2026-10-07 16:35:16,117 - ultrasound - ERROR - Error displaying video frame: FrameDisplayWidget has no supported frame display method
Traceback (most recent call last):
  File "C:\Users\Laptopi-Homs\Pictures\echogpt\echogpt\main_window_v1.py", line 1477, in display_frame
    raise RuntimeError(
        "FrameDisplayWidget has no supported frame display method"
    )
RuntimeError: FrameDisplayWidget has no supported frame display method
2026-10-07 16:35:16,164 - ultrasound - ERROR - Error displaying video frame: FrameDisplayWidget has no supported frame display method
Traceback (most recent call last):
  File "C:\Users\Laptopi-Homs\Pictures\echogpt\echogpt\main_window_v1.py", line 1477, in display_frame
    raise RuntimeError(
        "FrameDisplayWidget has no supported frame display method"
    )
RuntimeError: FrameDisplayWidget has no supported frame display method
2026-10-07 16:35:16,211 - ultrasound - ERROR - Error displaying video frame: FrameDisplayWidget has no supported frame display method
Traceback (most recent call last):
  File "C:\Users\Laptopi-Homs\Pictures\echogpt\echogpt\main_window_v1.py", line 1477, in display_frame
    raise RuntimeError(
        "FrameDisplayWidget has no supported frame display method"
    )
RuntimeError: FrameDisplayWidget has no supported frame display method
2026-10-07 16:35:16,258 - ultrasound - ERROR - Error displaying video frame: FrameDisplayWidget has no supported frame display method
Traceback (most recent call last):
  File "C:\Users\Laptopi-Homs\Pictures\echogpt\echogpt\main_window_v1.py", line 1477, in display_frame
    raise RuntimeError(
        "FrameDisplayWidget has no supported frame display method"
    )
RuntimeError: FrameDisplayWidget has no supported frame display method
2026-10-07 16:35:16,305 - ultrasound - ERROR - Error displaying video frame: FrameDisplayWidget has no supported frame display method
Traceback (most recent call last):
  File "C:\Users\Laptopi-Homs\Pictures\echogpt\echogpt\main_window_v1.py", line 1477, in display_frame
    raise RuntimeError(
        "FrameDisplayWidget has no supported frame display method"
    )
RuntimeError: FrameDisplayWidget has no supported frame display method
2026-10-07 16:35:16,352 - ultrasound - ERROR - Error displaying video frame: FrameDisplayWidget has no supported frame display method
Traceback (most recent call last):
  File "C:\Users\Laptopi-Homs\Pictures\echogpt\echogpt\main_window_v1.py", line 1477, in display_frame
    raise RuntimeError(
        "FrameDisplayWidget has no supported frame display method"
    )
RuntimeError: FrameDisplayWidget has no supported frame display method
2026-10-07 16:35:16,399 - ultrasound - ERROR - Error displaying video frame: FrameDisplayWidget has no supported frame display method
Traceback (most recent call last):
  File "C:\Users\Laptopi-Homs\Pictures\echogpt\echogpt\main_window_v1.py", line 1477, in display_frame
    raise RuntimeError(
        "FrameDisplayWidget has no supported frame display method"
    )
RuntimeError: FrameDisplayWidget has no supported frame display method
2026-10-07 16:35:16,456 - ultrasound - ERROR - Error displaying video frame: FrameDisplayWidget has no supported frame display method
Traceback (most recent call last):
  File "C:\Users\Laptopi-Homs\Pictures\echogpt\echogpt\main_window_v1.py", line 1477, in display_frame
    raise RuntimeError(
        "FrameDisplayWidget has no supported frame display method"
    )
RuntimeError: FrameDisplayWidget has no supported frame display method
2026-10-07 16:35:16,503 - ultrasound - ERROR - Error displaying video frame: FrameDisplayWidget has no supported frame display method
Traceback (most recent call last):
  File "C:\Users\Laptopi-Homs\Pictures\echogpt\echogpt\main_window_v1.py", line 1477, in display_frame
    raise RuntimeError(
        "FrameDisplayWidget has no supported frame display method"
    )
RuntimeError: FrameDisplayWidget has no supported frame display method
2026-10-07 16:35:16,559 - ultrasound - ERROR - Error displaying video frame: FrameDisplayWidget has no supported frame display method
Traceback (most recent call last):
  File "C:\Users\Laptopi-Homs\Pictures\echogpt\echogpt\main_window_v1.py", line 1477, in display_frame
    raise RuntimeError(
        "FrameDisplayWidget has no supported frame display method"
    )
RuntimeError: FrameDisplayWidget has no supported frame display method
2026-10-07 16:35:16,607 - ultrasound - ERROR - Error displaying video frame: FrameDisplayWidget has no supported frame display method
Traceback (most recent call last):
  File "C:\Users\Laptopi-Homs\Pictures\echogpt\echogpt\main_window_v1.py", line 1477, in display_frame
    raise RuntimeError(
        "FrameDisplayWidget has no supported frame display method"
    )
RuntimeError: FrameDisplayWidget has no supported frame display method
2026-10-07 16:35:16,654 - ultrasound - ERROR - Error displaying video frame: FrameDisplayWidget has no supported frame display method
Traceback (most recent call last):
  File "C:\Users\Laptopi-Homs\Pictures\echogpt\echogpt\main_window_v1.py", line 1477, in display_frame
    raise RuntimeError(
        "FrameDisplayWidget has no supported frame display method"
    )
RuntimeError: FrameDisplayWidget has no supported frame display method
2026-10-07 16:35:16,693 - ultrasound - ERROR - Error displaying video frame: FrameDisplayWidget has no supported frame display method
Traceback (most recent call last):
  File "C:\Users\Laptopi-Homs\Pictures\echogpt\echogpt\main_window_v1.py", line 1477, in display_frame
    raise RuntimeError(
        "FrameDisplayWidget has no supported frame display method"
    )
RuntimeError: FrameDisplayWidget has no supported frame display method
2026-10-07 16:35:16,740 - ultrasound - ERROR - Error displaying video frame: FrameDisplayWidget has no supported frame display method
Traceback (most recent call last):
  File "C:\Users\Laptopi-Homs\Pictures\echogpt\echogpt\main_window_v1.py", line 1477, in display_frame
    raise RuntimeError(
        "FrameDisplayWidget has no supported frame display method"
    )
RuntimeError: FrameDisplayWidget has no supported frame display method
2026-10-07 16:35:16,788 - ultrasound - ERROR - Error displaying video frame: FrameDisplayWidget has no supported frame display method
Traceback (most recent call last):
  File "C:\Users\Laptopi-Homs\Pictures\echogpt\echogpt\main_window_v1.py", line 1477, in display_frame
    raise RuntimeError(
        "FrameDisplayWidget has no supported frame display method"
    )
RuntimeError: FrameDisplayWidget has no supported frame display method
2026-10-07 16:35:16,834 - ultrasound - ERROR - Error displaying video frame: FrameDisplayWidget has no supported frame display method
Traceback (most recent call last):
  File "C:\Users\Laptopi-Homs\Pictures\echogpt\echogpt\main_window_v1.py", line 1477, in display_frame
    raise RuntimeError(
        "FrameDisplayWidget has no supported frame display method"
    )
RuntimeError: FrameDisplayWidget has no supported frame display method
2026-10-07 16:35:16,881 - ultrasound - ERROR - Error displaying video frame: FrameDisplayWidget has no supported frame display method
Traceback (most recent call last):
  File "C:\Users\Laptopi-Homs\Pictures\echogpt\echogpt\main_window_v1.py", line 1477, in display_frame
    raise RuntimeError(
        "FrameDisplayWidget has no supported frame display method"
    )
RuntimeError: FrameDisplayWidget has no supported frame display method
2026-10-07 16:35:16,928 - ultrasound - ERROR - Error displaying video frame: FrameDisplayWidget has no supported frame display method
Traceback (most recent call last):
  File "C:\Users\Laptopi-Homs\Pictures\echogpt\echogpt\main_window_v1.py", line 1477, in display_frame
    raise RuntimeError(
        "FrameDisplayWidget has no supported frame display method"
    )
RuntimeError: FrameDisplayWidget has no supported frame display method
2026-10-07 16:35:16,977 - ultrasound - ERROR - Error displaying video frame: FrameDisplayWidget has no supported frame display method
Traceback (most recent call last):
  File "C:\Users\Laptopi-Homs\Pictures\echogpt\echogpt\main_window_v1.py", line 1477, in display_frame
    raise RuntimeError(
        "FrameDisplayWidget has no supported frame display method"
    )
RuntimeError: FrameDisplayWidget has no supported frame display method
2026-10-07 16:35:17,022 - ultrasound - ERROR - Error displaying video frame: FrameDisplayWidget has no supported frame display method
Traceback (most recent call last):
  File "C:\Users\Laptopi-Homs\Pictures\echogpt\echogpt\main_window_v1.py", line 1477, in display_frame
    raise RuntimeError(
        "FrameDisplayWidget has no supported frame display method"
    )
RuntimeError: FrameDisplayWidget has no supported frame display method
2026-10-07 16:35:17,072 - ultrasound - ERROR - Error displaying video frame: FrameDisplayWidget has no supported frame display method
Traceback (most recent call last):
  File "C:\Users\Laptopi-Homs\Pictures\echogpt\echogpt\main_window_v1.py", line 1477, in display_frame
    raise RuntimeError(
        "FrameDisplayWidget has no supported frame display method"
    )
RuntimeError: FrameDisplayWidget has no supported frame display method
2026-10-07 16:35:17,119 - ultrasound - ERROR - Error displaying video frame: FrameDisplayWidget has no supported frame display method
Traceback (most recent call last):
  File "C:\Users\Laptopi-Homs\Pictures\echogpt\echogpt\main_window_v1.py", line 1477, in display_frame
    raise RuntimeError(
        "FrameDisplayWidget has no supported frame display method"
    )
RuntimeError: FrameDisplayWidget has no supported frame display method
2026-10-07 16:35:17,165 - ultrasound - ERROR - Error displaying video frame: FrameDisplayWidget has no supported frame display method
Traceback (most recent call last):
  File "C:\Users\Laptopi-Homs\Pictures\echogpt\echogpt\main_window_v1.py", line 1477, in display_frame
    raise RuntimeError(
        "FrameDisplayWidget has no supported frame display method"
    )
RuntimeError: FrameDisplayWidget has no supported frame display method
2026-10-07 16:35:17,212 - ultrasound - ERROR - Error displaying video frame: FrameDisplayWidget has no supported frame display method
Traceback (most recent call last):
  File "C:\Users\Laptopi-Homs\Pictures\echogpt\echogpt\main_window_v1.py", line 1477, in display_frame
    raise RuntimeError(
        "FrameDisplayWidget has no supported frame display method"
    )
RuntimeError: FrameDisplayWidget has no supported frame display method
2026-10-07 16:35:17,259 - ultrasound - ERROR - Error displaying video frame: FrameDisplayWidget has no supported frame display method
Traceback (most recent call last):
  File "C:\Users\Laptopi-Homs\Pictures\echogpt\echogpt\main_window_v1.py", line 1477, in display_frame
    raise RuntimeError(
        "FrameDisplayWidget has no supported frame display method"
    )
RuntimeError: FrameDisplayWidget has no supported frame display method
2026-10-07 16:35:17,307 - ultrasound - ERROR - Error displaying video frame: FrameDisplayWidget has no supported frame display method
Traceback (most recent call last):
  File "C:\Users\Laptopi-Homs\Pictures\echogpt\echogpt\main_window_v1.py", line 1477, in display_frame
    raise RuntimeError(
        "FrameDisplayWidget has no supported frame display method"
    )
RuntimeError: FrameDisplayWidget has no supported frame display method
2026-10-07 16:35:17,354 - ultrasound - ERROR - Error displaying video frame: FrameDisplayWidget has no supported frame display method
Traceback (most recent call last):
  File "C:\Users\Laptopi-Homs\Pictures\echogpt\echogpt\main_window_v1.py", line 1477, in display_frame
    raise RuntimeError(
        "FrameDisplayWidget has no supported frame display method"
    )
RuntimeError: FrameDisplayWidget has no supported frame display method
2026-10-07 16:35:17,401 - ultrasound - ERROR - Error displaying video frame: FrameDisplayWidget has no supported frame display method
Traceback (most recent call last):
  File "C:\Users\Laptopi-Homs\Pictures\echogpt\echogpt\main_window_v1.py", line 1477, in display_frame
    raise RuntimeError(
        "FrameDisplayWidget has no supported frame display method"
    )
RuntimeError: FrameDisplayWidget has no supported frame display method
2026-10-07 16:35:17,449 - ultrasound - ERROR - Error displaying video frame: FrameDisplayWidget has no supported frame display method
Traceback (most recent call last):
  File "C:\Users\Laptopi-Homs\Pictures\echogpt\echogpt\main_window_v1.py", line 1477, in display_frame
    raise RuntimeError(
        "FrameDisplayWidget has no supported frame display method"
    )
RuntimeError: FrameDisplayWidget has no supported frame display method
2026-10-07 16:35:17,495 - ultrasound - ERROR - Error displaying video frame: FrameDisplayWidget has no supported frame display method
Traceback (most recent call last):
  File "C:\Users\Laptopi-Homs\Pictures\echogpt\echogpt\main_window_v1.py", line 1477, in display_frame
    raise RuntimeError(
        "FrameDisplayWidget has no supported frame display method"
    )
RuntimeError: FrameDisplayWidget has no supported frame display method
2026-10-07 16:35:17,543 - ultrasound - ERROR - Error displaying video frame: FrameDisplayWidget has no supported frame display method
Traceback (most recent call last):
  File "C:\Users\Laptopi-Homs\Pictures\echogpt\echogpt\main_window_v1.py", line 1477, in display_frame
    raise RuntimeError(
        "FrameDisplayWidget has no supported frame display method"
    )
RuntimeError: FrameDisplayWidget has no supported frame display method
2026-10-07 16:35:17,589 - ultrasound - ERROR - Error displaying video frame: FrameDisplayWidget has no supported frame display method
Traceback (most recent call last):
  File "C:\Users\Laptopi-Homs\Pictures\echogpt\echogpt\main_window_v1.py", line 1477, in display_frame
    raise RuntimeError(
        "FrameDisplayWidget has no supported frame display method"
    )
RuntimeError: FrameDisplayWidget has no supported frame display method
2026-10-07 16:35:17,637 - ultrasound - ERROR - Error displaying video frame: FrameDisplayWidget has no supported frame display method
Traceback (most recent call last):
  File "C:\Users\Laptopi-Homs\Pictures\echogpt\echogpt\main_window_v1.py", line 1477, in display_frame
    raise RuntimeError(
        "FrameDisplayWidget has no supported frame display method"
    )
RuntimeError: FrameDisplayWidget has no supported frame display method
2026-10-07 16:35:17,683 - ultrasound - ERROR - Error displaying video frame: FrameDisplayWidget has no supported frame display method
Traceback (most recent call last):
  File "C:\Users\Laptopi-Homs\Pictures\echogpt\echogpt\main_window_v1.py", line 1477, in display_frame
    raise RuntimeError(
        "FrameDisplayWidget has no supported frame display method"
    )
RuntimeError: FrameDisplayWidget has no supported frame display method
2026-10-07 16:35:17,729 - ultrasound - ERROR - Error displaying video frame: FrameDisplayWidget has no supported frame display method
Traceback (most recent call last):
  File "C:\Users\Laptopi-Homs\Pictures\echogpt\echogpt\main_window_v1.py", line 1477, in display_frame
    raise RuntimeError(
        "FrameDisplayWidget has no supported frame display method"
    )
RuntimeError: FrameDisplayWidget has no supported frame display method
2026-10-07 16:35:17,777 - ultrasound - ERROR - Error displaying video frame: FrameDisplayWidget has no supported frame display method
Traceback (most recent call last):
  File "C:\Users\Laptopi-Homs\Pictures\echogpt\echogpt\main_window_v1.py", line 1477, in display_frame
    raise RuntimeError(
        "FrameDisplayWidget has no supported frame display method"
    )
RuntimeError: FrameDisplayWidget has no supported frame display method
2026-10-07 16:35:17,823 - ultrasound - ERROR - Error displaying video frame: FrameDisplayWidget has no supported frame display method
Traceback (most recent call last):
  File "C:\Users\Laptopi-Homs\Pictures\echogpt\echogpt\main_window_v1.py", line 1477, in display_frame
    raise RuntimeError(
        "FrameDisplayWidget has no supported frame display method"
    )
RuntimeError: FrameDisplayWidget has no supported frame display method
2026-10-07 16:35:17,870 - ultrasound - ERROR - Error displaying video frame: FrameDisplayWidget has no supported frame display method
Traceback (most recent call last):
  File "C:\Users\Laptopi-Homs\Pictures\echogpt\echogpt\main_window_v1.py", line 1477, in display_frame
    raise RuntimeError(
        "FrameDisplayWidget has no supported frame display method"
    )
RuntimeError: FrameDisplayWidget has no supported frame display method
2026-10-07 16:35:17,918 - ultrasound - ERROR - Error displaying video frame: FrameDisplayWidget has no supported frame display method
Traceback (most recent call last):
  File "C:\Users\Laptopi-Homs\Pictures\echogpt\echogpt\main_window_v1.py", line 1477, in display_frame
    raise RuntimeError(
        "FrameDisplayWidget has no supported frame display method"
    )
RuntimeError: FrameDisplayWidget has no supported frame display method
2026-10-07 16:35:17,959 - ultrasound - ERROR - Error displaying video frame: FrameDisplayWidget has no supported frame display method
Traceback (most recent call last):
  File "C:\Users\Laptopi-Homs\Pictures\echogpt\echogpt\main_window_v1.py", line 1477, in display_frame
    raise RuntimeError(
        "FrameDisplayWidget has no supported frame display method"
    )
RuntimeError: FrameDisplayWidget has no supported frame display method
2026-10-07 16:35:18,006 - ultrasound - ERROR - Error displaying video frame: FrameDisplayWidget has no supported frame display method
Traceback (most recent call last):
  File "C:\Users\Laptopi-Homs\Pictures\echogpt\echogpt\main_window_v1.py", line 1477, in display_frame
    raise RuntimeError(
        "FrameDisplayWidget has no supported frame display method"
    )
RuntimeError: FrameDisplayWidget has no supported frame display method
2026-10-07 16:35:18,054 - ultrasound - ERROR - Error displaying video frame: FrameDisplayWidget has no supported frame display method
Traceback (most recent call last):
  File "C:\Users\Laptopi-Homs\Pictures\echogpt\echogpt\main_window_v1.py", line 1477, in display_frame
    raise RuntimeError(
        "FrameDisplayWidget has no supported frame display method"
    )
RuntimeError: FrameDisplayWidget has no supported frame display method
2026-10-07 16:35:18,099 - ultrasound - ERROR - Error displaying video frame: FrameDisplayWidget has no supported frame display method
Traceback (most recent call last):
  File "C:\Users\Laptopi-Homs\Pictures\echogpt\echogpt\main_window_v1.py", line 1477, in display_frame
    raise RuntimeError(
        "FrameDisplayWidget has no supported frame display method"
    )
RuntimeError: FrameDisplayWidget has no supported frame display method
2026-10-07 16:35:18,146 - ultrasound - ERROR - Error displaying video frame: FrameDisplayWidget has no supported frame display method
Traceback (most recent call last):
  File "C:\Users\Laptopi-Homs\Pictures\echogpt\echogpt\main_window_v1.py", line 1477, in display_frame
    raise RuntimeError(
        "FrameDisplayWidget has no supported frame display method"
    )
RuntimeError: FrameDisplayWidget has no supported frame display method
2026-10-07 16:35:18,193 - ultrasound - ERROR - Error displaying video frame: FrameDisplayWidget has no supported frame display method
Traceback (most recent call last):
  File "C:\Users\Laptopi-Homs\Pictures\echogpt\echogpt\main_window_v1.py", line 1477, in display_frame
    raise RuntimeError(
        "FrameDisplayWidget has no supported frame display method"
    )
RuntimeError: FrameDisplayWidget has no supported frame display method
2026-10-07 16:35:18,240 - ultrasound - ERROR - Error displaying video frame: FrameDisplayWidget has no supported frame display method
Traceback (most recent call last):
  File "C:\Users\Laptopi-Homs\Pictures\echogpt\echogpt\main_window_v1.py", line 1477, in display_frame
    raise RuntimeError(
        "FrameDisplayWidget has no supported frame display method"
    )
RuntimeError: FrameDisplayWidget has no supported frame display method
2026-10-07 16:35:18,287 - ultrasound - ERROR - Error displaying video frame: FrameDisplayWidget has no supported frame display method
Traceback (most recent call last):
  File "C:\Users\Laptopi-Homs\Pictures\echogpt\echogpt\main_window_v1.py", line 1477, in display_frame
    raise RuntimeError(
        "FrameDisplayWidget has no supported frame display method"
    )
RuntimeError: FrameDisplayWidget has no supported frame display method
2026-10-07 16:35:18,334 - ultrasound - ERROR - Error displaying video frame: FrameDisplayWidget has no supported frame display method
Traceback (most recent call last):
  File "C:\Users\Laptopi-Homs\Pictures\echogpt\echogpt\main_window_v1.py", line 1477, in display_frame
    raise RuntimeError(
        "FrameDisplayWidget has no supported frame display method"
    )
RuntimeError: FrameDisplayWidget has no supported frame display method
2026-10-07 16:35:18,381 - ultrasound - ERROR - Error displaying video frame: FrameDisplayWidget has no supported frame display method
Traceback (most recent call last):
  File "C:\Users\Laptopi-Homs\Pictures\echogpt\echogpt\main_window_v1.py", line 1477, in display_frame
    raise RuntimeError(
        "FrameDisplayWidget has no supported frame display method"
    )
RuntimeError: FrameDisplayWidget has no supported frame display method
2026-10-07 16:35:18,428 - ultrasound - ERROR - Error displaying video frame: FrameDisplayWidget has no supported frame display method
Traceback (most recent call last):
  File "C:\Users\Laptopi-Homs\Pictures\echogpt\echogpt\main_window_v1.py", line 1477, in display_frame
    raise RuntimeError(
        "FrameDisplayWidget has no supported frame display method"
    )
RuntimeError: FrameDisplayWidget has no supported frame display method
2026-10-07 16:35:18,470 - ultrasound - ERROR - Error displaying video frame: FrameDisplayWidget has no supported frame display method
Traceback (most recent call last):
  File "C:\Users\Laptopi-Homs\Pictures\echogpt\echogpt\main_window_v1.py", line 1477, in display_frame
    raise RuntimeError(
        "FrameDisplayWidget has no supported frame display method"
    )
RuntimeError: FrameDisplayWidget has no supported frame display method
2026-10-07 16:35:18,517 - ultrasound - ERROR - Error displaying video frame: FrameDisplayWidget has no supported frame display method
Traceback (most recent call last):
  File "C:\Users\Laptopi-Homs\Pictures\echogpt\echogpt\main_window_v1.py", line 1477, in display_frame
    raise RuntimeError(
        "FrameDisplayWidget has no supported frame display method"
    )
RuntimeError: FrameDisplayWidget has no supported frame display method
2026-10-07 16:35:18,564 - ultrasound - ERROR - Error displaying video frame: FrameDisplayWidget has no supported frame display method
Traceback (most recent call last):
  File "C:\Users\Laptopi-Homs\Pictures\echogpt\echogpt\main_window_v1.py", line 1477, in display_frame
    raise RuntimeError(
        "FrameDisplayWidget has no supported frame display method"
    )
RuntimeError: FrameDisplayWidget has no supported frame display method
2026-10-07 16:35:18,626 - ultrasound - ERROR - Error displaying video frame: FrameDisplayWidget has no supported frame display method
Traceback (most recent call last):
  File "C:\Users\Laptopi-Homs\Pictures\echogpt\echogpt\main_window_v1.py", line 1477, in display_frame
    raise RuntimeError(
        "FrameDisplayWidget has no supported frame display method"
    )
RuntimeError: FrameDisplayWidget has no supported frame display method
2026-10-07 16:35:18,673 - ultrasound - ERROR - Error displaying video frame: FrameDisplayWidget has no supported frame display method
Traceback (most recent call last):
  File "C:\Users\Laptopi-Homs\Pictures\echogpt\echogpt\main_window_v1.py", line 1477, in display_frame
    raise RuntimeError(
        "FrameDisplayWidget has no supported frame display method"
    )
RuntimeError: FrameDisplayWidget has no supported frame display method
2026-10-07 16:35:18,720 - ultrasound - ERROR - Error displaying video frame: FrameDisplayWidget has no supported frame display method
Traceback (most recent call last):
  File "C:\Users\Laptopi-Homs\Pictures\echogpt\echogpt\main_window_v1.py", line 1477, in display_frame
    raise RuntimeError(
        "FrameDisplayWidget has no supported frame display method"
    )
RuntimeError: FrameDisplayWidget has no supported frame display method
2026-10-07 16:35:18,767 - ultrasound - ERROR - Error displaying video frame: FrameDisplayWidget has no supported frame display method
Traceback (most recent call last):
  File "C:\Users\Laptopi-Homs\Pictures\echogpt\echogpt\main_window_v1.py", line 1477, in display_frame
    raise RuntimeError(
        "FrameDisplayWidget has no supported frame display method"
    )
RuntimeError: FrameDisplayWidget has no supported frame display method
2026-10-07 16:35:18,813 - ultrasound - ERROR - Error displaying video frame: FrameDisplayWidget has no supported frame display method
Traceback (most recent call last):
  File "C:\Users\Laptopi-Homs\Pictures\echogpt\echogpt\main_window_v1.py", line 1477, in display_frame
    raise RuntimeError(
        "FrameDisplayWidget has no supported frame display method"
    )
RuntimeError: FrameDisplayWidget has no supported frame display method
2026-10-07 16:35:18,860 - ultrasound - ERROR - Error displaying video frame: FrameDisplayWidget has no supported frame display method
Traceback (most recent call last):
  File "C:\Users\Laptopi-Homs\Pictures\echogpt\echogpt\main_window_v1.py", line 1477, in display_frame
    raise RuntimeError(
        "FrameDisplayWidget has no supported frame display method"
    )
RuntimeError: FrameDisplayWidget has no supported frame display method
2026-10-07 16:35:18,907 - ultrasound - ERROR - Error displaying video frame: FrameDisplayWidget has no supported frame display method
Traceback (most recent call last):
  File "C:\Users\Laptopi-Homs\Pictures\echogpt\echogpt\main_window_v1.py", line 1477, in display_frame
    raise RuntimeError(
        "FrameDisplayWidget has no supported frame display method"
    )
RuntimeError: FrameDisplayWidget has no supported frame display method
2026-10-07 16:35:18,954 - ultrasound - ERROR - Error displaying video frame: FrameDisplayWidget has no supported frame display method
Traceback (most recent call last):
  File "C:\Users\Laptopi-Homs\Pictures\echogpt\echogpt\main_window_v1.py", line 1477, in display_frame
    raise RuntimeError(
        "FrameDisplayWidget has no supported frame display method"
    )
RuntimeError: FrameDisplayWidget has no supported frame display method
2026-10-07 16:35:19,002 - ultrasound - ERROR - Error displaying video frame: FrameDisplayWidget has no supported frame display method
Traceback (most recent call last):
  File "C:\Users\Laptopi-Homs\Pictures\echogpt\echogpt\main_window_v1.py", line 1477, in display_frame
    raise RuntimeError(
        "FrameDisplayWidget has no supported frame display method"
    )
RuntimeError: FrameDisplayWidget has no supported frame display method
2026-10-07 16:35:19,048 - ultrasound - ERROR - Error displaying video frame: FrameDisplayWidget has no supported frame display method
Traceback (most recent call last):
  File "C:\Users\Laptopi-Homs\Pictures\echogpt\echogpt\main_window_v1.py", line 1477, in display_frame
    raise RuntimeError(
        "FrameDisplayWidget has no supported frame display method"
    )
RuntimeError: FrameDisplayWidget has no supported frame display method
2026-10-07 16:35:19,094 - ultrasound - ERROR - Error displaying video frame: FrameDisplayWidget has no supported frame display method
Traceback (most recent call last):
  File "C:\Users\Laptopi-Homs\Pictures\echogpt\echogpt\main_window_v1.py", line 1477, in display_frame
    raise RuntimeError(
        "FrameDisplayWidget has no supported frame display method"
    )
RuntimeError: FrameDisplayWidget has no supported frame display method
2026-10-07 16:35:19,142 - ultrasound - ERROR - Error displaying video frame: FrameDisplayWidget has no supported frame display method
Traceback (most recent call last):
  File "C:\Users\Laptopi-Homs\Pictures\echogpt\echogpt\main_window_v1.py", line 1477, in display_frame
    raise RuntimeError(
        "FrameDisplayWidget has no supported frame display method"
    )
RuntimeError: FrameDisplayWidget has no supported frame display method
2026-10-07 16:35:19,188 - ultrasound - ERROR - Error displaying video frame: FrameDisplayWidget has no supported frame display method
Traceback (most recent call last):
  File "C:\Users\Laptopi-Homs\Pictures\echogpt\echogpt\main_window_v1.py", line 1477, in display_frame
    raise RuntimeError(
        "FrameDisplayWidget has no supported frame display method"
    )
RuntimeError: FrameDisplayWidget has no supported frame display method
2026-10-07 16:35:19,236 - ultrasound - ERROR - Error displaying video frame: FrameDisplayWidget has no supported frame display method
Traceback (most recent call last):
  File "C:\Users\Laptopi-Homs\Pictures\echogpt\echogpt\main_window_v1.py", line 1477, in display_frame
    raise RuntimeError(
        "FrameDisplayWidget has no supported frame display method"
    )
RuntimeError: FrameDisplayWidget has no supported frame display method
2026-10-07 16:35:19,282 - ultrasound - ERROR - Error displaying video frame: FrameDisplayWidget has no supported frame display method
Traceback (most recent call last):
  File "C:\Users\Laptopi-Homs\Pictures\echogpt\echogpt\main_window_v1.py", line 1477, in display_frame
    raise RuntimeError(
        "FrameDisplayWidget has no supported frame display method"
    )
RuntimeError: FrameDisplayWidget has no supported frame display method
2026-10-07 16:35:19,329 - ultrasound - ERROR - Error displaying video frame: FrameDisplayWidget has no supported frame display method
Traceback (most recent call last):
  File "C:\Users\Laptopi-Homs\Pictures\echogpt\echogpt\main_window_v1.py", line 1477, in display_frame
    raise RuntimeError(
        "FrameDisplayWidget has no supported frame display method"
    )
RuntimeError: FrameDisplayWidget has no supported frame display method
2026-10-07 16:35:19,376 - ultrasound - ERROR - Error displaying video frame: FrameDisplayWidget has no supported frame display method
Traceback (most recent call last):
  File "C:\Users\Laptopi-Homs\Pictures\echogpt\echogpt\main_window_v1.py", line 1477, in display_frame
    raise RuntimeError(
        "FrameDisplayWidget has no supported frame display method"
    )
RuntimeError: FrameDisplayWidget has no supported frame display method
2026-10-07 16:35:19,423 - ultrasound - ERROR - Error displaying video frame: FrameDisplayWidget has no supported frame display method
Traceback (most recent call last):
  File "C:\Users\Laptopi-Homs\Pictures\echogpt\echogpt\main_window_v1.py", line 1477, in display_frame
    raise RuntimeError(
        "FrameDisplayWidget has no supported frame display method"
    )
RuntimeError: FrameDisplayWidget has no supported frame display method
2026-10-07 16:35:19,470 - ultrasound - ERROR - Error displaying video frame: FrameDisplayWidget has no supported frame display method
Traceback (most recent call last):
  File "C:\Users\Laptopi-Homs\Pictures\echogpt\echogpt\main_window_v1.py", line 1477, in display_frame
    raise RuntimeError(
        "FrameDisplayWidget has no supported frame display method"
    )
RuntimeError: FrameDisplayWidget has no supported frame display method
2026-10-07 16:35:19,518 - ultrasound - ERROR - Error displaying video frame: FrameDisplayWidget has no supported frame display method
Traceback (most recent call last):
  File "C:\Users\Laptopi-Homs\Pictures\echogpt\echogpt\main_window_v1.py", line 1477, in display_frame
    raise RuntimeError(
        "FrameDisplayWidget has no supported frame display method"
    )
RuntimeError: FrameDisplayWidget has no supported frame display method
2026-10-07 16:35:19,564 - ultrasound - ERROR - Error displaying video frame: FrameDisplayWidget has no supported frame display method
Traceback (most recent call last):
  File "C:\Users\Laptopi-Homs\Pictures\echogpt\echogpt\main_window_v1.py", line 1477, in display_frame
    raise RuntimeError(
        "FrameDisplayWidget has no supported frame display method"
    )
RuntimeError: FrameDisplayWidget has no supported frame display method
2026-10-07 16:35:19,611 - ultrasound - ERROR - Error displaying video frame: FrameDisplayWidget has no supported frame display method
Traceback (most recent call last):
  File "C:\Users\Laptopi-Homs\Pictures\echogpt\echogpt\main_window_v1.py", line 1477, in display_frame
    raise RuntimeError(
        "FrameDisplayWidget has no supported frame display method"
    )
RuntimeError: FrameDisplayWidget has no supported frame display method
2026-10-07 16:35:19,658 - ultrasound - ERROR - Error displaying video frame: FrameDisplayWidget has no supported frame display method
Traceback (most recent call last):
  File "C:\Users\Laptopi-Homs\Pictures\echogpt\echogpt\main_window_v1.py", line 1477, in display_frame
    raise RuntimeError(
        "FrameDisplayWidget has no supported frame display method"
    )
RuntimeError: FrameDisplayWidget has no supported frame display method
2026-10-07 16:35:19,705 - ultrasound - ERROR - Error displaying video frame: FrameDisplayWidget has no supported frame display method
Traceback (most recent call last):
  File "C:\Users\Laptopi-Homs\Pictures\echogpt\echogpt\main_window_v1.py", line 1477, in display_frame
    raise RuntimeError(
        "FrameDisplayWidget has no supported frame display method"
    )
RuntimeError: FrameDisplayWidget has no supported frame display method
2026-10-07 16:35:19,752 - ultrasound - ERROR - Error displaying video frame: FrameDisplayWidget has no supported frame display method
Traceback (most recent call last):
  File "C:\Users\Laptopi-Homs\Pictures\echogpt\echogpt\main_window_v1.py", line 1477, in display_frame
    raise RuntimeError(
        "FrameDisplayWidget has no supported frame display method"
    )
RuntimeError: FrameDisplayWidget has no supported frame display method
2026-10-07 16:35:19,799 - ultrasound - ERROR - Error displaying video frame: FrameDisplayWidget has no supported frame display method
Traceback (most recent call last):
  File "C:\Users\Laptopi-Homs\Pictures\echogpt\echogpt\main_window_v1.py", line 1477, in display_frame
    raise RuntimeError(
        "FrameDisplayWidget has no supported frame display method"
    )
RuntimeError: FrameDisplayWidget has no supported frame display method
2026-10-07 16:35:19,845 - ultrasound - ERROR - Error displaying video frame: FrameDisplayWidget has no supported frame display method
Traceback (most recent call last):
  File "C:\Users\Laptopi-Homs\Pictures\echogpt\echogpt\main_window_v1.py", line 1477, in display_frame
    raise RuntimeError(
        "FrameDisplayWidget has no supported frame display method"
    )
RuntimeError: FrameDisplayWidget has no supported frame display method
2026-10-07 16:35:19,892 - ultrasound - ERROR - Error displaying video frame: FrameDisplayWidget has no supported frame display method
Traceback (most recent call last):
  File "C:\Users\Laptopi-Homs\Pictures\echogpt\echogpt\main_window_v1.py", line 1477, in display_frame
    raise RuntimeError(
        "FrameDisplayWidget has no supported frame display method"
    )
RuntimeError: FrameDisplayWidget has no supported frame display method
2026-10-07 16:35:19,939 - ultrasound - ERROR - Error displaying video frame: FrameDisplayWidget has no supported frame display method
Traceback (most recent call last):
  File "C:\Users\Laptopi-Homs\Pictures\echogpt\echogpt\main_window_v1.py", line 1477, in display_frame
    raise RuntimeError(
        "FrameDisplayWidget has no supported frame display method"
    )
RuntimeError: FrameDisplayWidget has no supported frame display method
2026-10-07 16:35:19,986 - ultrasound - ERROR - Error displaying video frame: FrameDisplayWidget has no supported frame display method
Traceback (most recent call last):
  File "C:\Users\Laptopi-Homs\Pictures\echogpt\echogpt\main_window_v1.py", line 1477, in display_frame
    raise RuntimeError(
        "FrameDisplayWidget has no supported frame display method"
    )
RuntimeError: FrameDisplayWidget has no supported frame display method
2026-10-07 16:35:20,034 - ultrasound - ERROR - Error displaying video frame: FrameDisplayWidget has no supported frame display method
Traceback (most recent call last):
  File "C:\Users\Laptopi-Homs\Pictures\echogpt\echogpt\main_window_v1.py", line 1477, in display_frame
    raise RuntimeError(
        "FrameDisplayWidget has no supported frame display method"
    )
RuntimeError: FrameDisplayWidget has no supported frame display method
2026-10-07 16:35:20,080 - ultrasound - ERROR - Error displaying video frame: FrameDisplayWidget has no supported frame display method
Traceback (most recent call last):
  File "C:\Users\Laptopi-Homs\Pictures\echogpt\echogpt\main_window_v1.py", line 1477, in display_frame
    raise RuntimeError(
        "FrameDisplayWidget has no supported frame display method"
    )
RuntimeError: FrameDisplayWidget has no supported frame display method
2026-10-07 16:35:20,126 - ultrasound - ERROR - Error displaying video frame: FrameDisplayWidget has no supported frame display method
Traceback (most recent call last):
  File "C:\Users\Laptopi-Homs\Pictures\echogpt\echogpt\main_window_v1.py", line 1477, in display_frame
    raise RuntimeError(
        "FrameDisplayWidget has no supported frame display method"
    )
RuntimeError: FrameDisplayWidget has no supported frame display method
2026-10-07 16:35:20,174 - ultrasound - ERROR - Error displaying video frame: FrameDisplayWidget has no supported frame display method
Traceback (most recent call last):
  File "C:\Users\Laptopi-Homs\Pictures\echogpt\echogpt\main_window_v1.py", line 1477, in display_frame
    raise RuntimeError(
        "FrameDisplayWidget has no supported frame display method"
    )
RuntimeError: FrameDisplayWidget has no supported frame display method
2026-10-07 16:35:20,221 - ultrasound - ERROR - Error displaying video frame: FrameDisplayWidget has no supported frame display method
Traceback (most recent call last):
  File "C:\Users\Laptopi-Homs\Pictures\echogpt\echogpt\main_window_v1.py", line 1477, in display_frame
    raise RuntimeError(
        "FrameDisplayWidget has no supported frame display method"
    )
RuntimeError: FrameDisplayWidget has no supported frame display method
2026-10-07 16:35:20,267 - ultrasound - ERROR - Error displaying video frame: FrameDisplayWidget has no supported frame display method
Traceback (most recent call last):
  File "C:\Users\Laptopi-Homs\Pictures\echogpt\echogpt\main_window_v1.py", line 1477, in display_frame
    raise RuntimeError(
        "FrameDisplayWidget has no supported frame display method"
    )
RuntimeError: FrameDisplayWidget has no supported frame display method
2026-10-07 16:35:20,314 - ultrasound - ERROR - Error displaying video frame: FrameDisplayWidget has no supported frame display method
Traceback (most recent call last):
  File "C:\Users\Laptopi-Homs\Pictures\echogpt\echogpt\main_window_v1.py", line 1477, in display_frame
    raise RuntimeError(
        "FrameDisplayWidget has no supported frame display method"
    )
RuntimeError: FrameDisplayWidget has no supported frame display method
2026-10-07 16:35:20,361 - ultrasound - ERROR - Error displaying video frame: FrameDisplayWidget has no supported frame display method
Traceback (most recent call last):
  File "C:\Users\Laptopi-Homs\Pictures\echogpt\echogpt\main_window_v1.py", line 1477, in display_frame
    raise RuntimeError(
        "FrameDisplayWidget has no supported frame display method"
    )
RuntimeError: FrameDisplayWidget has no supported frame display method
2026-10-07 16:35:20,407 - ultrasound - ERROR - Error displaying video frame: FrameDisplayWidget has no supported frame display method
Traceback (most recent call last):
  File "C:\Users\Laptopi-Homs\Pictures\echogpt\echogpt\main_window_v1.py", line 1477, in display_frame
    raise RuntimeError(
        "FrameDisplayWidget has no supported frame display method"
    )
RuntimeError: FrameDisplayWidget has no supported frame display method
2026-10-07 16:35:20,454 - ultrasound - ERROR - Error displaying video frame: FrameDisplayWidget has no supported frame display method
Traceback (most recent call last):
  File "C:\Users\Laptopi-Homs\Pictures\echogpt\echogpt\main_window_v1.py", line 1477, in display_frame
    raise RuntimeError(
        "FrameDisplayWidget has no supported frame display method"
    )
RuntimeError: FrameDisplayWidget has no supported frame display method
2026-10-07 16:35:20,505 - ultrasound - ERROR - Error displaying video frame: FrameDisplayWidget has no supported frame display method
Traceback (most recent call last):
  File "C:\Users\Laptopi-Homs\Pictures\echogpt\echogpt\main_window_v1.py", line 1477, in display_frame
    raise RuntimeError(
        "FrameDisplayWidget has no supported frame display method"
    )
RuntimeError: FrameDisplayWidget has no supported frame display method
2026-10-07 16:35:20,552 - ultrasound - ERROR - Error displaying video frame: FrameDisplayWidget has no supported frame display method
Traceback (most recent call last):
  File "C:\Users\Laptopi-Homs\Pictures\echogpt\echogpt\main_window_v1.py", line 1477, in display_frame
    raise RuntimeError(
        "FrameDisplayWidget has no supported frame display method"
    )
RuntimeError: FrameDisplayWidget has no supported frame display method
2026-10-07 16:35:20,600 - ultrasound - ERROR - Error displaying video frame: FrameDisplayWidget has no supported frame display method
Traceback (most recent call last):
  File "C:\Users\Laptopi-Homs\Pictures\echogpt\echogpt\main_window_v1.py", line 1477, in display_frame
    raise RuntimeError(
        "FrameDisplayWidget has no supported frame display method"
    )
RuntimeError: FrameDisplayWidget has no supported frame display method
2026-10-07 16:35:20,645 - ultrasound - ERROR - Error displaying video frame: FrameDisplayWidget has no supported frame display method
Traceback (most recent call last):
  File "C:\Users\Laptopi-Homs\Pictures\echogpt\echogpt\main_window_v1.py", line 1477, in display_frame
    raise RuntimeError(
        "FrameDisplayWidget has no supported frame display method"
    )
RuntimeError: FrameDisplayWidget has no supported frame display method
2026-10-07 16:35:20,692 - ultrasound - ERROR - Error displaying video frame: FrameDisplayWidget has no supported frame display method
Traceback (most recent call last):
  File "C:\Users\Laptopi-Homs\Pictures\echogpt\echogpt\main_window_v1.py", line 1477, in display_frame
    raise RuntimeError(
        "FrameDisplayWidget has no supported frame display method"
    )
RuntimeError: FrameDisplayWidget has no supported frame display method
2026-10-07 16:35:20,739 - ultrasound - ERROR - Error displaying video frame: FrameDisplayWidget has no supported frame display method
Traceback (most recent call last):
  File "C:\Users\Laptopi-Homs\Pictures\echogpt\echogpt\main_window_v1.py", line 1477, in display_frame
    raise RuntimeError(
        "FrameDisplayWidget has no supported frame display method"
    )
RuntimeError: FrameDisplayWidget has no supported frame display method
2026-10-07 16:35:20,788 - ultrasound - ERROR - Error displaying video frame: FrameDisplayWidget has no supported frame display method
Traceback (most recent call last):
  File "C:\Users\Laptopi-Homs\Pictures\echogpt\echogpt\main_window_v1.py", line 1477, in display_frame
    raise RuntimeError(
        "FrameDisplayWidget has no supported frame display method"
    )
RuntimeError: FrameDisplayWidget has no supported frame display method
2026-10-07 16:35:20,834 - ultrasound - ERROR - Error displaying video frame: FrameDisplayWidget has no supported frame display method
Traceback (most recent call last):
  File "C:\Users\Laptopi-Homs\Pictures\echogpt\echogpt\main_window_v1.py", line 1477, in display_frame
    raise RuntimeError(
        "FrameDisplayWidget has no supported frame display method"
    )
RuntimeError: FrameDisplayWidget has no supported frame display method
2026-10-07 16:35:20,881 - ultrasound - ERROR - Error displaying video frame: FrameDisplayWidget has no supported frame display method
Traceback (most recent call last):
  File "C:\Users\Laptopi-Homs\Pictures\echogpt\echogpt\main_window_v1.py", line 1477, in display_frame
    raise RuntimeError(
        "FrameDisplayWidget has no supported frame display method"
    )
RuntimeError: FrameDisplayWidget has no supported frame display method
2026-10-07 16:35:20,936 - ultrasound - ERROR - Error displaying video frame: FrameDisplayWidget has no supported frame display method
Traceback (most recent call last):
  File "C:\Users\Laptopi-Homs\Pictures\echogpt\echogpt\main_window_v1.py", line 1477, in display_frame
    raise RuntimeError(
        "FrameDisplayWidget has no supported frame display method"
    )
RuntimeError: FrameDisplayWidget has no supported frame display method
2026-10-07 16:35:20,983 - ultrasound - ERROR - Error displaying video frame: FrameDisplayWidget has no supported frame display method
Traceback (most recent call last):
  File "C:\Users\Laptopi-Homs\Pictures\echogpt\echogpt\main_window_v1.py", line 1477, in display_frame
    raise RuntimeError(
        "FrameDisplayWidget has no supported frame display method"
    )
RuntimeError: FrameDisplayWidget has no supported frame display method
2026-10-07 16:35:21,030 - ultrasound - ERROR - Error displaying video frame: FrameDisplayWidget has no supported frame display method
Traceback (most recent call last):
  File "C:\Users\Laptopi-Homs\Pictures\echogpt\echogpt\main_window_v1.py", line 1477, in display_frame
    raise RuntimeError(
        "FrameDisplayWidget has no supported frame display method"
    )
RuntimeError: FrameDisplayWidget has no supported frame display method
2026-10-07 16:35:21,077 - ultrasound - ERROR - Error displaying video frame: FrameDisplayWidget has no supported frame display method
Traceback (most recent call last):
  File "C:\Users\Laptopi-Homs\Pictures\echogpt\echogpt\main_window_v1.py", line 1477, in display_frame
    raise RuntimeError(
        "FrameDisplayWidget has no supported frame display method"
    )
RuntimeError: FrameDisplayWidget has no supported frame display method
2026-10-07 16:35:21,124 - ultrasound - ERROR - Error displaying video frame: FrameDisplayWidget has no supported frame display method
Traceback (most recent call last):
  File "C:\Users\Laptopi-Homs\Pictures\echogpt\echogpt\main_window_v1.py", line 1477, in display_frame
    raise RuntimeError(
        "FrameDisplayWidget has no supported frame display method"
    )
RuntimeError: FrameDisplayWidget has no supported frame display method
2026-10-07 16:35:21,171 - ultrasound - ERROR - Error displaying video frame: FrameDisplayWidget has no supported frame display method
Traceback (most recent call last):
  File "C:\Users\Laptopi-Homs\Pictures\echogpt\echogpt\main_window_v1.py", line 1477, in display_frame
    raise RuntimeError(
        "FrameDisplayWidget has no supported frame display method"
    )
RuntimeError: FrameDisplayWidget has no supported frame display method
2026-10-07 16:35:21,217 - ultrasound - ERROR - Error displaying video frame: FrameDisplayWidget has no supported frame display method
Traceback (most recent call last):
  File "C:\Users\Laptopi-Homs\Pictures\echogpt\echogpt\main_window_v1.py", line 1477, in display_frame
    raise RuntimeError(
        "FrameDisplayWidget has no supported frame display method"
    )
RuntimeError: FrameDisplayWidget has no supported frame display method
2026-10-07 16:35:21,264 - ultrasound - ERROR - Error displaying video frame: FrameDisplayWidget has no supported frame display method
Traceback (most recent call last):
  File "C:\Users\Laptopi-Homs\Pictures\echogpt\echogpt\main_window_v1.py", line 1477, in display_frame
    raise RuntimeError(
        "FrameDisplayWidget has no supported frame display method"
    )
RuntimeError: FrameDisplayWidget has no supported frame display method
2026-10-07 16:35:21,311 - ultrasound - ERROR - Error displaying video frame: FrameDisplayWidget has no supported frame display method
Traceback (most recent call last):
  File "C:\Users\Laptopi-Homs\Pictures\echogpt\echogpt\main_window_v1.py", line 1477, in display_frame
    raise RuntimeError(
        "FrameDisplayWidget has no supported frame display method"
    )
RuntimeError: FrameDisplayWidget has no supported frame display method
2026-10-07 16:35:21,358 - ultrasound - ERROR - Error displaying video frame: FrameDisplayWidget has no supported frame display method
Traceback (most recent call last):
  File "C:\Users\Laptopi-Homs\Pictures\echogpt\echogpt\main_window_v1.py", line 1477, in display_frame
    raise RuntimeError(
        "FrameDisplayWidget has no supported frame display method"
    )
RuntimeError: FrameDisplayWidget has no supported frame display method
2026-10-07 16:35:21,405 - ultrasound - ERROR - Error displaying video frame: FrameDisplayWidget has no supported frame display method
Traceback (most recent call last):
  File "C:\Users\Laptopi-Homs\Pictures\echogpt\echogpt\main_window_v1.py", line 1477, in display_frame
    raise RuntimeError(
        "FrameDisplayWidget has no supported frame display method"
    )
RuntimeError: FrameDisplayWidget has no supported frame display method
2026-10-07 16:35:21,451 - ultrasound - ERROR - Error displaying video frame: FrameDisplayWidget has no supported frame display method
Traceback (most recent call last):
  File "C:\Users\Laptopi-Homs\Pictures\echogpt\echogpt\main_window_v1.py", line 1477, in display_frame
    raise RuntimeError(
        "FrameDisplayWidget has no supported frame display method"
    )
RuntimeError: FrameDisplayWidget has no supported frame display method
2026-10-07 16:35:21,494 - ultrasound - ERROR - Error displaying video frame: FrameDisplayWidget has no supported frame display method
Traceback (most recent call last):
  File "C:\Users\Laptopi-Homs\Pictures\echogpt\echogpt\main_window_v1.py", line 1477, in display_frame
    raise RuntimeError(
        "FrameDisplayWidget has no supported frame display method"
    )
RuntimeError: FrameDisplayWidget has no supported frame display method
2026-10-07 16:35:21,541 - ultrasound - ERROR - Error displaying video frame: FrameDisplayWidget has no supported frame display method
Traceback (most recent call last):
  File "C:\Users\Laptopi-Homs\Pictures\echogpt\echogpt\main_window_v1.py", line 1477, in display_frame
    raise RuntimeError(
        "FrameDisplayWidget has no supported frame display method"
    )
RuntimeError: FrameDisplayWidget has no supported frame display method
2026-10-07 16:35:21,587 - ultrasound - ERROR - Error displaying video frame: FrameDisplayWidget has no supported frame display method
Traceback (most recent call last):
  File "C:\Users\Laptopi-Homs\Pictures\echogpt\echogpt\main_window_v1.py", line 1477, in display_frame
    raise RuntimeError(
        "FrameDisplayWidget has no supported frame display method"
    )
RuntimeError: FrameDisplayWidget has no supported frame display method
2026-10-07 16:35:21,634 - ultrasound - ERROR - Error displaying video frame: FrameDisplayWidget has no supported frame display method
Traceback (most recent call last):
  File "C:\Users\Laptopi-Homs\Pictures\echogpt\echogpt\main_window_v1.py", line 1477, in display_frame
    raise RuntimeError(
        "FrameDisplayWidget has no supported frame display method"
    )
RuntimeError: FrameDisplayWidget has no supported frame display method
2026-10-07 16:35:21,681 - ultrasound - ERROR - Error displaying video frame: FrameDisplayWidget has no supported frame display method
Traceback (most recent call last):
  File "C:\Users\Laptopi-Homs\Pictures\echogpt\echogpt\main_window_v1.py", line 1477, in display_frame
    raise RuntimeError(
        "FrameDisplayWidget has no supported frame display method"
    )
RuntimeError: FrameDisplayWidget has no supported frame display method
2026-10-07 16:35:21,728 - ultrasound - ERROR - Error displaying video frame: FrameDisplayWidget has no supported frame display method
Traceback (most recent call last):
  File "C:\Users\Laptopi-Homs\Pictures\echogpt\echogpt\main_window_v1.py", line 1477, in display_frame
    raise RuntimeError(
        "FrameDisplayWidget has no supported frame display method"
    )
RuntimeError: FrameDisplayWidget has no supported frame display method
2026-10-07 16:35:21,775 - ultrasound - ERROR - Error displaying video frame: FrameDisplayWidget has no supported frame display method
Traceback (most recent call last):
  File "C:\Users\Laptopi-Homs\Pictures\echogpt\echogpt\main_window_v1.py", line 1477, in display_frame
    raise RuntimeError(
        "FrameDisplayWidget has no supported frame display method"
    )
RuntimeError: FrameDisplayWidget has no supported frame display method
2026-10-07 16:35:21,821 - ultrasound - ERROR - Error displaying video frame: FrameDisplayWidget has no supported frame display method
Traceback (most recent call last):
  File "C:\Users\Laptopi-Homs\Pictures\echogpt\echogpt\main_window_v1.py", line 1477, in display_frame
    raise RuntimeError(
        "FrameDisplayWidget has no supported frame display method"
    )
RuntimeError: FrameDisplayWidget has no supported frame display method
2026-10-07 16:35:21,868 - ultrasound - ERROR - Error displaying video frame: FrameDisplayWidget has no supported frame display method
Traceback (most recent call last):
  File "C:\Users\Laptopi-Homs\Pictures\echogpt\echogpt\main_window_v1.py", line 1477, in display_frame
    raise RuntimeError(
        "FrameDisplayWidget has no supported frame display method"
    )
RuntimeError: FrameDisplayWidget has no supported frame display method
2026-10-07 16:35:21,916 - ultrasound - ERROR - Error displaying video frame: FrameDisplayWidget has no supported frame display method
Traceback (most recent call last):
  File "C:\Users\Laptopi-Homs\Pictures\echogpt\echogpt\main_window_v1.py", line 1477, in display_frame
    raise RuntimeError(
        "FrameDisplayWidget has no supported frame display method"
    )
RuntimeError: FrameDisplayWidget has no supported frame display method
2026-10-07 16:35:21,962 - ultrasound - ERROR - Error displaying video frame: FrameDisplayWidget has no supported frame display method
Traceback (most recent call last):
  File "C:\Users\Laptopi-Homs\Pictures\echogpt\echogpt\main_window_v1.py", line 1477, in display_frame
    raise RuntimeError(
        "FrameDisplayWidget has no supported frame display method"
    )
RuntimeError: FrameDisplayWidget has no supported frame display method
2026-10-07 16:35:22,009 - ultrasound - ERROR - Error displaying video frame: FrameDisplayWidget has no supported frame display method
Traceback (most recent call last):
  File "C:\Users\Laptopi-Homs\Pictures\echogpt\echogpt\main_window_v1.py", line 1477, in display_frame
    raise RuntimeError(
        "FrameDisplayWidget has no supported frame display method"
    )
RuntimeError: FrameDisplayWidget has no supported frame display method
2026-10-07 16:35:22,056 - ultrasound - ERROR - Error displaying video frame: FrameDisplayWidget has no supported frame display method
Traceback (most recent call last):
  File "C:\Users\Laptopi-Homs\Pictures\echogpt\echogpt\main_window_v1.py", line 1477, in display_frame
    raise RuntimeError(
        "FrameDisplayWidget has no supported frame display method"
    )
RuntimeError: FrameDisplayWidget has no supported frame display method
2026-10-07 16:35:22,103 - ultrasound - ERROR - Error displaying video frame: FrameDisplayWidget has no supported frame display method
Traceback (most recent call last):
  File "C:\Users\Laptopi-Homs\Pictures\echogpt\echogpt\main_window_v1.py", line 1477, in display_frame
    raise RuntimeError(
        "FrameDisplayWidget has no supported frame display method"
    )
RuntimeError: FrameDisplayWidget has no supported frame display method
2026-10-07 16:35:22,150 - ultrasound - ERROR - Error displaying video frame: FrameDisplayWidget has no supported frame display method
Traceback (most recent call last):
  File "C:\Users\Laptopi-Homs\Pictures\echogpt\echogpt\main_window_v1.py", line 1477, in display_frame
    raise RuntimeError(
        "FrameDisplayWidget has no supported frame display method"
    )
RuntimeError: FrameDisplayWidget has no supported frame display method
2026-10-07 16:35:22,196 - ultrasound - ERROR - Error displaying video frame: FrameDisplayWidget has no supported frame display method
Traceback (most recent call last):
  File "C:\Users\Laptopi-Homs\Pictures\echogpt\echogpt\main_window_v1.py", line 1477, in display_frame
    raise RuntimeError(
        "FrameDisplayWidget has no supported frame display method"
    )
RuntimeError: FrameDisplayWidget has no supported frame display method
2026-10-07 16:35:22,243 - ultrasound - ERROR - Error displaying video frame: FrameDisplayWidget has no supported frame display method
Traceback (most recent call last):
  File "C:\Users\Laptopi-Homs\Pictures\echogpt\echogpt\main_window_v1.py", line 1477, in display_frame
    raise RuntimeError(
        "FrameDisplayWidget has no supported frame display method"
    )
RuntimeError: FrameDisplayWidget has no supported frame display method
2026-10-07 16:35:22,290 - ultrasound - ERROR - Error displaying video frame: FrameDisplayWidget has no supported frame display method
Traceback (most recent call last):
  File "C:\Users\Laptopi-Homs\Pictures\echogpt\echogpt\main_window_v1.py", line 1477, in display_frame
    raise RuntimeError(
        "FrameDisplayWidget has no supported frame display method"
    )
RuntimeError: FrameDisplayWidget has no supported frame display method
2026-10-07 16:35:22,337 - ultrasound - ERROR - Error displaying video frame: FrameDisplayWidget has no supported frame display method
Traceback (most recent call last):
  File "C:\Users\Laptopi-Homs\Pictures\echogpt\echogpt\main_window_v1.py", line 1477, in display_frame
    raise RuntimeError(
        "FrameDisplayWidget has no supported frame display method"
    )
RuntimeError: FrameDisplayWidget has no supported frame display method
2026-10-07 16:35:22,384 - ultrasound - ERROR - Error displaying video frame: FrameDisplayWidget has no supported frame display method
Traceback (most recent call last):
  File "C:\Users\Laptopi-Homs\Pictures\echogpt\echogpt\main_window_v1.py", line 1477, in display_frame
    raise RuntimeError(
        "FrameDisplayWidget has no supported frame display method"
    )
RuntimeError: FrameDisplayWidget has no supported frame display method
2026-10-07 16:35:22,432 - ultrasound - ERROR - Error displaying video frame: FrameDisplayWidget has no supported frame display method
Traceback (most recent call last):
  File "C:\Users\Laptopi-Homs\Pictures\echogpt\echogpt\main_window_v1.py", line 1477, in display_frame
    raise RuntimeError(
        "FrameDisplayWidget has no supported frame display method"
    )
RuntimeError: FrameDisplayWidget has no supported frame display method
2026-10-07 16:35:22,478 - ultrasound - ERROR - Error displaying video frame: FrameDisplayWidget has no supported frame display method
Traceback (most recent call last):
  File "C:\Users\Laptopi-Homs\Pictures\echogpt\echogpt\main_window_v1.py", line 1477, in display_frame
    raise RuntimeError(
        "FrameDisplayWidget has no supported frame display method"
    )
RuntimeError: FrameDisplayWidget has no supported frame display method
2026-10-07 16:35:22,530 - ultrasound - ERROR - Error displaying video frame: FrameDisplayWidget has no supported frame display method
Traceback (most recent call last):
  File "C:\Users\Laptopi-Homs\Pictures\echogpt\echogpt\main_window_v1.py", line 1477, in display_frame
    raise RuntimeError(
        "FrameDisplayWidget has no supported frame display method"
    )
RuntimeError: FrameDisplayWidget has no supported frame display method
2026-10-07 16:35:22,576 - ultrasound - ERROR - Error displaying video frame: FrameDisplayWidget has no supported frame display method
Traceback (most recent call last):
  File "C:\Users\Laptopi-Homs\Pictures\echogpt\echogpt\main_window_v1.py", line 1477, in display_frame
    raise RuntimeError(
        "FrameDisplayWidget has no supported frame display method"
    )
RuntimeError: FrameDisplayWidget has no supported frame display method
2026-10-07 16:35:22,623 - ultrasound - ERROR - Error displaying video frame: FrameDisplayWidget has no supported frame display method
Traceback (most recent call last):
  File "C:\Users\Laptopi-Homs\Pictures\echogpt\echogpt\main_window_v1.py", line 1477, in display_frame
    raise RuntimeError(
        "FrameDisplayWidget has no supported frame display method"
    )
RuntimeError: FrameDisplayWidget has no supported frame display method
2026-10-07 16:35:22,670 - ultrasound - ERROR - Error displaying video frame: FrameDisplayWidget has no supported frame display method
Traceback (most recent call last):
  File "C:\Users\Laptopi-Homs\Pictures\echogpt\echogpt\main_window_v1.py", line 1477, in display_frame
    raise RuntimeError(
        "FrameDisplayWidget has no supported frame display method"
    )
RuntimeError: FrameDisplayWidget has no supported frame display method
2026-10-07 16:35:22,717 - ultrasound - ERROR - Error displaying video frame: FrameDisplayWidget has no supported frame display method
Traceback (most recent call last):
  File "C:\Users\Laptopi-Homs\Pictures\echogpt\echogpt\main_window_v1.py", line 1477, in display_frame
    raise RuntimeError(
        "FrameDisplayWidget has no supported frame display method"
    )
RuntimeError: FrameDisplayWidget has no supported frame display method
2026-10-07 16:35:22,764 - ultrasound - ERROR - Error displaying video frame: FrameDisplayWidget has no supported frame display method
Traceback (most recent call last):
  File "C:\Users\Laptopi-Homs\Pictures\echogpt\echogpt\main_window_v1.py", line 1477, in display_frame
    raise RuntimeError(
        "FrameDisplayWidget has no supported frame display method"
    )
RuntimeError: FrameDisplayWidget has no supported frame display method
2026-10-07 16:35:22,811 - ultrasound - ERROR - Error displaying video frame: FrameDisplayWidget has no supported frame display method
Traceback (most recent call last):
  File "C:\Users\Laptopi-Homs\Pictures\echogpt\echogpt\main_window_v1.py", line 1477, in display_frame
    raise RuntimeError(
        "FrameDisplayWidget has no supported frame display method"
    )
RuntimeError: FrameDisplayWidget has no supported frame display method
2026-10-07 16:35:22,857 - ultrasound - ERROR - Error displaying video frame: FrameDisplayWidget has no supported frame display method
Traceback (most recent call last):
  File "C:\Users\Laptopi-Homs\Pictures\echogpt\echogpt\main_window_v1.py", line 1477, in display_frame
    raise RuntimeError(
        "FrameDisplayWidget has no supported frame display method"
    )
RuntimeError: FrameDisplayWidget has no supported frame display method
2026-10-07 16:35:22,904 - ultrasound - ERROR - Error displaying video frame: FrameDisplayWidget has no supported frame display method
Traceback (most recent call last):
  File "C:\Users\Laptopi-Homs\Pictures\echogpt\echogpt\main_window_v1.py", line 1477, in display_frame
    raise RuntimeError(
        "FrameDisplayWidget has no supported frame display method"
    )
RuntimeError: FrameDisplayWidget has no supported frame display method
2026-10-07 16:35:22,951 - ultrasound - ERROR - Error displaying video frame: FrameDisplayWidget has no supported frame display method
Traceback (most recent call last):
  File "C:\Users\Laptopi-Homs\Pictures\echogpt\echogpt\main_window_v1.py", line 1477, in display_frame
    raise RuntimeError(
        "FrameDisplayWidget has no supported frame display method"
    )
RuntimeError: FrameDisplayWidget has no supported frame display method
2026-10-07 16:35:22,998 - ultrasound - ERROR - Error displaying video frame: FrameDisplayWidget has no supported frame display method
Traceback (most recent call last):
  File "C:\Users\Laptopi-Homs\Pictures\echogpt\echogpt\main_window_v1.py", line 1477, in display_frame
    raise RuntimeError(
        "FrameDisplayWidget has no supported frame display method"
    )
RuntimeError: FrameDisplayWidget has no supported frame display method
2026-10-07 16:35:23,045 - ultrasound - ERROR - Error displaying video frame: FrameDisplayWidget has no supported frame display method
Traceback (most recent call last):
  File "C:\Users\Laptopi-Homs\Pictures\echogpt\echogpt\main_window_v1.py", line 1477, in display_frame
    raise RuntimeError(
        "FrameDisplayWidget has no supported frame display method"
    )
RuntimeError: FrameDisplayWidget has no supported frame display method
2026-10-07 16:35:23,092 - ultrasound - ERROR - Error displaying video frame: FrameDisplayWidget has no supported frame display method
Traceback (most recent call last):
  File "C:\Users\Laptopi-Homs\Pictures\echogpt\echogpt\main_window_v1.py", line 1477, in display_frame
    raise RuntimeError(
        "FrameDisplayWidget has no supported frame display method"
    )
RuntimeError: FrameDisplayWidget has no supported frame display method
2026-10-07 16:35:23,139 - ultrasound - ERROR - Error displaying video frame: FrameDisplayWidget has no supported frame display method
Traceback (most recent call last):
  File "C:\Users\Laptopi-Homs\Pictures\echogpt\echogpt\main_window_v1.py", line 1477, in display_frame
    raise RuntimeError(
        "FrameDisplayWidget has no supported frame display method"
    )
RuntimeError: FrameDisplayWidget has no supported frame display method
2026-10-07 16:35:23,186 - ultrasound - ERROR - Error displaying video frame: FrameDisplayWidget has no supported frame display method
Traceback (most recent call last):
  File "C:\Users\Laptopi-Homs\Pictures\echogpt\echogpt\main_window_v1.py", line 1477, in display_frame
    raise RuntimeError(
        "FrameDisplayWidget has no supported frame display method"
    )
RuntimeError: FrameDisplayWidget has no supported frame display method
2026-10-07 16:35:23,232 - ultrasound - ERROR - Error displaying video frame: FrameDisplayWidget has no supported frame display method
Traceback (most recent call last):
  File "C:\Users\Laptopi-Homs\Pictures\echogpt\echogpt\main_window_v1.py", line 1477, in display_frame
    raise RuntimeError(
        "FrameDisplayWidget has no supported frame display method"
    )
RuntimeError: FrameDisplayWidget has no supported frame display method
2026-10-07 16:35:23,280 - ultrasound - ERROR - Error displaying video frame: FrameDisplayWidget has no supported frame display method
Traceback (most recent call last):
  File "C:\Users\Laptopi-Homs\Pictures\echogpt\echogpt\main_window_v1.py", line 1477, in display_frame
    raise RuntimeError(
        "FrameDisplayWidget has no supported frame display method"
    )
RuntimeError: FrameDisplayWidget has no supported frame display method
2026-10-07 16:35:23,326 - ultrasound - ERROR - Error displaying video frame: FrameDisplayWidget has no supported frame display method
Traceback (most recent call last):
  File "C:\Users\Laptopi-Homs\Pictures\echogpt\echogpt\main_window_v1.py", line 1477, in display_frame
    raise RuntimeError(
        "FrameDisplayWidget has no supported frame display method"
    )
RuntimeError: FrameDisplayWidget has no supported frame display method
2026-10-07 16:35:23,373 - ultrasound - ERROR - Error displaying video frame: FrameDisplayWidget has no supported frame display method
Traceback (most recent call last):
  File "C:\Users\Laptopi-Homs\Pictures\echogpt\echogpt\main_window_v1.py", line 1477, in display_frame
    raise RuntimeError(
        "FrameDisplayWidget has no supported frame display method"
    )
RuntimeError: FrameDisplayWidget has no supported frame display method
2026-10-07 16:35:23,420 - ultrasound - ERROR - Error displaying video frame: FrameDisplayWidget has no supported frame display method
Traceback (most recent call last):
  File "C:\Users\Laptopi-Homs\Pictures\echogpt\echogpt\main_window_v1.py", line 1477, in display_frame
    raise RuntimeError(
        "FrameDisplayWidget has no supported frame display method"
    )
RuntimeError: FrameDisplayWidget has no supported frame display method
2026-10-07 16:35:23,466 - ultrasound - ERROR - Error displaying video frame: FrameDisplayWidget has no supported frame display method
Traceback (most recent call last):
  File "C:\Users\Laptopi-Homs\Pictures\echogpt\echogpt\main_window_v1.py", line 1477, in display_frame
    raise RuntimeError(
        "FrameDisplayWidget has no supported frame display method"
    )
RuntimeError: FrameDisplayWidget has no supported frame display method
2026-10-07 16:35:23,515 - ultrasound - ERROR - Error displaying video frame: FrameDisplayWidget has no supported frame display method
Traceback (most recent call last):
  File "C:\Users\Laptopi-Homs\Pictures\echogpt\echogpt\main_window_v1.py", line 1477, in display_frame
    raise RuntimeError(
        "FrameDisplayWidget has no supported frame display method"
    )
RuntimeError: FrameDisplayWidget has no supported frame display method
2026-10-07 16:35:23,562 - ultrasound - ERROR - Error displaying video frame: FrameDisplayWidget has no supported frame display method
Traceback (most recent call last):
  File "C:\Users\Laptopi-Homs\Pictures\echogpt\echogpt\main_window_v1.py", line 1477, in display_frame
    raise RuntimeError(
        "FrameDisplayWidget has no supported frame display method"
    )
RuntimeError: FrameDisplayWidget has no supported frame display method
2026-10-07 16:35:23,610 - ultrasound - ERROR - Error displaying video frame: FrameDisplayWidget has no supported frame display method
Traceback (most recent call last):
  File "C:\Users\Laptopi-Homs\Pictures\echogpt\echogpt\main_window_v1.py", line 1477, in display_frame
    raise RuntimeError(
        "FrameDisplayWidget has no supported frame display method"
    )
RuntimeError: FrameDisplayWidget has no supported frame display method
2026-10-07 16:35:23,655 - ultrasound - ERROR - Error displaying video frame: FrameDisplayWidget has no supported frame display method
Traceback (most recent call last):
  File "C:\Users\Laptopi-Homs\Pictures\echogpt\echogpt\main_window_v1.py", line 1477, in display_frame
    raise RuntimeError(
        "FrameDisplayWidget has no supported frame display method"
    )
RuntimeError: FrameDisplayWidget has no supported frame display method
2026-10-07 16:35:23,702 - ultrasound - ERROR - Error displaying video frame: FrameDisplayWidget has no supported frame display method
Traceback (most recent call last):
  File "C:\Users\Laptopi-Homs\Pictures\echogpt\echogpt\main_window_v1.py", line 1477, in display_frame
    raise RuntimeError(
        "FrameDisplayWidget has no supported frame display method"
    )
RuntimeError: FrameDisplayWidget has no supported frame display method
2026-10-07 16:35:23,749 - ultrasound - ERROR - Error displaying video frame: FrameDisplayWidget has no supported frame display method
Traceback (most recent call last):
  File "C:\Users\Laptopi-Homs\Pictures\echogpt\echogpt\main_window_v1.py", line 1477, in display_frame
    raise RuntimeError(
        "FrameDisplayWidget has no supported frame display method"
    )
RuntimeError: FrameDisplayWidget has no supported frame display method
2026-10-07 16:35:23,796 - ultrasound - ERROR - Error displaying video frame: FrameDisplayWidget has no supported frame display method
Traceback (most recent call last):
  File "C:\Users\Laptopi-Homs\Pictures\echogpt\echogpt\main_window_v1.py", line 1477, in display_frame
    raise RuntimeError(
        "FrameDisplayWidget has no supported frame display method"
    )
RuntimeError: FrameDisplayWidget has no supported frame display method
2026-10-07 16:35:23,843 - ultrasound - ERROR - Error displaying video frame: FrameDisplayWidget has no supported frame display method
Traceback (most recent call last):
  File "C:\Users\Laptopi-Homs\Pictures\echogpt\echogpt\main_window_v1.py", line 1477, in display_frame
    raise RuntimeError(
        "FrameDisplayWidget has no supported frame display method"
    )
RuntimeError: FrameDisplayWidget has no supported frame display method
2026-10-07 16:35:23,890 - ultrasound - ERROR - Error displaying video frame: FrameDisplayWidget has no supported frame display method
Traceback (most recent call last):
  File "C:\Users\Laptopi-Homs\Pictures\echogpt\echogpt\main_window_v1.py", line 1477, in display_frame
    raise RuntimeError(
        "FrameDisplayWidget has no supported frame display method"
    )
RuntimeError: FrameDisplayWidget has no supported frame display method
2026-10-07 16:35:23,937 - ultrasound - ERROR - Error displaying video frame: FrameDisplayWidget has no supported frame display method
Traceback (most recent call last):
  File "C:\Users\Laptopi-Homs\Pictures\echogpt\echogpt\main_window_v1.py", line 1477, in display_frame
    raise RuntimeError(
        "FrameDisplayWidget has no supported frame display method"
    )
RuntimeError: FrameDisplayWidget has no supported frame display method
2026-10-07 16:35:23,984 - ultrasound - ERROR - Error displaying video frame: FrameDisplayWidget has no supported frame display method
Traceback (most recent call last):
  File "C:\Users\Laptopi-Homs\Pictures\echogpt\echogpt\main_window_v1.py", line 1477, in display_frame
    raise RuntimeError(
        "FrameDisplayWidget has no supported frame display method"
    )
RuntimeError: FrameDisplayWidget has no supported frame display method
2026-10-07 16:35:24,030 - ultrasound - ERROR - Error displaying video frame: FrameDisplayWidget has no supported frame display method
Traceback (most recent call last):
  File "C:\Users\Laptopi-Homs\Pictures\echogpt\echogpt\main_window_v1.py", line 1477, in display_frame
    raise RuntimeError(
        "FrameDisplayWidget has no supported frame display method"
    )
RuntimeError: FrameDisplayWidget has no supported frame display method
2026-10-07 16:35:24,078 - ultrasound - ERROR - Error displaying video frame: FrameDisplayWidget has no supported frame display method
Traceback (most recent call last):
  File "C:\Users\Laptopi-Homs\Pictures\echogpt\echogpt\main_window_v1.py", line 1477, in display_frame
    raise RuntimeError(
        "FrameDisplayWidget has no supported frame display method"
    )
RuntimeError: FrameDisplayWidget has no supported frame display method
2026-10-07 16:35:24,124 - ultrasound - ERROR - Error displaying video frame: FrameDisplayWidget has no supported frame display method
Traceback (most recent call last):
  File "C:\Users\Laptopi-Homs\Pictures\echogpt\echogpt\main_window_v1.py", line 1477, in display_frame
    raise RuntimeError(
        "FrameDisplayWidget has no supported frame display method"
    )
RuntimeError: FrameDisplayWidget has no supported frame display method
2026-10-07 16:35:24,171 - ultrasound - ERROR - Error displaying video frame: FrameDisplayWidget has no supported frame display method
Traceback (most recent call last):
  File "C:\Users\Laptopi-Homs\Pictures\echogpt\echogpt\main_window_v1.py", line 1477, in display_frame
    raise RuntimeError(
        "FrameDisplayWidget has no supported frame display method"
    )
RuntimeError: FrameDisplayWidget has no supported frame display method
2026-10-07 16:35:24,218 - ultrasound - ERROR - Error displaying video frame: FrameDisplayWidget has no supported frame display method
Traceback (most recent call last):
  File "C:\Users\Laptopi-Homs\Pictures\echogpt\echogpt\main_window_v1.py", line 1477, in display_frame
    raise RuntimeError(
        "FrameDisplayWidget has no supported frame display method"
    )
RuntimeError: FrameDisplayWidget has no supported frame display method
2026-10-07 16:35:24,265 - ultrasound - ERROR - Error displaying video frame: FrameDisplayWidget has no supported frame display method
Traceback (most recent call last):
  File "C:\Users\Laptopi-Homs\Pictures\echogpt\echogpt\main_window_v1.py", line 1477, in display_frame
    raise RuntimeError(
        "FrameDisplayWidget has no supported frame display method"
    )
RuntimeError: FrameDisplayWidget has no supported frame display method
2026-10-07 16:35:24,312 - ultrasound - ERROR - Error displaying video frame: FrameDisplayWidget has no supported frame display method
Traceback (most recent call last):
  File "C:\Users\Laptopi-Homs\Pictures\echogpt\echogpt\main_window_v1.py", line 1477, in display_frame
    raise RuntimeError(
        "FrameDisplayWidget has no supported frame display method"
    )
RuntimeError: FrameDisplayWidget has no supported frame display method
2026-10-07 16:35:24,359 - ultrasound - ERROR - Error displaying video frame: FrameDisplayWidget has no supported frame display method
Traceback (most recent call last):
  File "C:\Users\Laptopi-Homs\Pictures\echogpt\echogpt\main_window_v1.py", line 1477, in display_frame
    raise RuntimeError(
        "FrameDisplayWidget has no supported frame display method"
    )
RuntimeError: FrameDisplayWidget has no supported frame display method
2026-10-07 16:35:24,405 - ultrasound - ERROR - Error displaying video frame: FrameDisplayWidget has no supported frame display method
Traceback (most recent call last):
  File "C:\Users\Laptopi-Homs\Pictures\echogpt\echogpt\main_window_v1.py", line 1477, in display_frame
    raise RuntimeError(
        "FrameDisplayWidget has no supported frame display method"
    )
RuntimeError: FrameDisplayWidget has no supported frame display method
2026-10-07 16:35:24,452 - ultrasound - ERROR - Error displaying video frame: FrameDisplayWidget has no supported frame display method
Traceback (most recent call last):
  File "C:\Users\Laptopi-Homs\Pictures\echogpt\echogpt\main_window_v1.py", line 1477, in display_frame
    raise RuntimeError(
        "FrameDisplayWidget has no supported frame display method"
    )
RuntimeError: FrameDisplayWidget has no supported frame display method
2026-10-07 16:35:24,499 - ultrasound - ERROR - Error displaying video frame: FrameDisplayWidget has no supported frame display method
Traceback (most recent call last):
  File "C:\Users\Laptopi-Homs\Pictures\echogpt\echogpt\main_window_v1.py", line 1477, in display_frame
    raise RuntimeError(
        "FrameDisplayWidget has no supported frame display method"
    )
RuntimeError: FrameDisplayWidget has no supported frame display method
2026-10-07 16:35:24,535 - ultrasound - ERROR - Error displaying video frame: FrameDisplayWidget has no supported frame display method
Traceback (most recent call last):
  File "C:\Users\Laptopi-Homs\Pictures\echogpt\echogpt\main_window_v1.py", line 1477, in display_frame
    raise RuntimeError(
        "FrameDisplayWidget has no supported frame display method"
    )
RuntimeError: FrameDisplayWidget has no supported frame display method
2026-10-07 16:35:24,582 - ultrasound - ERROR - Error displaying video frame: FrameDisplayWidget has no supported frame display method
Traceback (most recent call last):
  File "C:\Users\Laptopi-Homs\Pictures\echogpt\echogpt\main_window_v1.py", line 1477, in display_frame
    raise RuntimeError(
        "FrameDisplayWidget has no supported frame display method"
    )
RuntimeError: FrameDisplayWidget has no supported frame display method
2026-10-07 16:35:24,629 - ultrasound - ERROR - Error displaying video frame: FrameDisplayWidget has no supported frame display method
Traceback (most recent call last):
  File "C:\Users\Laptopi-Homs\Pictures\echogpt\echogpt\main_window_v1.py", line 1477, in display_frame
    raise RuntimeError(
        "FrameDisplayWidget has no supported frame display method"
    )
RuntimeError: FrameDisplayWidget has no supported frame display method
2026-10-07 16:35:24,676 - ultrasound - ERROR - Error displaying video frame: FrameDisplayWidget has no supported frame display method
Traceback (most recent call last):
  File "C:\Users\Laptopi-Homs\Pictures\echogpt\echogpt\main_window_v1.py", line 1477, in display_frame
    raise RuntimeError(
        "FrameDisplayWidget has no supported frame display method"
    )
RuntimeError: FrameDisplayWidget has no supported frame display method
2026-10-07 16:35:24,723 - ultrasound - ERROR - Error displaying video frame: FrameDisplayWidget has no supported frame display method
Traceback (most recent call last):
  File "C:\Users\Laptopi-Homs\Pictures\echogpt\echogpt\main_window_v1.py", line 1477, in display_frame
    raise RuntimeError(
        "FrameDisplayWidget has no supported frame display method"
    )
RuntimeError: FrameDisplayWidget has no supported frame display method
2026-10-07 16:35:24,770 - ultrasound - ERROR - Error displaying video frame: FrameDisplayWidget has no supported frame display method
Traceback (most recent call last):
  File "C:\Users\Laptopi-Homs\Pictures\echogpt\echogpt\main_window_v1.py", line 1477, in display_frame
    raise RuntimeError(
        "FrameDisplayWidget has no supported frame display method"
    )
RuntimeError: FrameDisplayWidget has no supported frame display method
2026-10-07 16:35:24,817 - ultrasound - ERROR - Error displaying video frame: FrameDisplayWidget has no supported frame display method
Traceback (most recent call last):
  File "C:\Users\Laptopi-Homs\Pictures\echogpt\echogpt\main_window_v1.py", line 1477, in display_frame
    raise RuntimeError(
        "FrameDisplayWidget has no supported frame display method"
    )
RuntimeError: FrameDisplayWidget has no supported frame display method
2026-10-07 16:35:24,864 - ultrasound - ERROR - Error displaying video frame: FrameDisplayWidget has no supported frame display method
Traceback (most recent call last):
  File "C:\Users\Laptopi-Homs\Pictures\echogpt\echogpt\main_window_v1.py", line 1477, in display_frame
    raise RuntimeError(
        "FrameDisplayWidget has no supported frame display method"
    )
RuntimeError: FrameDisplayWidget has no supported frame display method
2026-10-07 16:35:24,911 - ultrasound - ERROR - Error displaying video frame: FrameDisplayWidget has no supported frame display method
Traceback (most recent call last):
  File "C:\Users\Laptopi-Homs\Pictures\echogpt\echogpt\main_window_v1.py", line 1477, in display_frame
    raise RuntimeError(
        "FrameDisplayWidget has no supported frame display method"
    )
RuntimeError: FrameDisplayWidget has no supported frame display method
2026-10-07 16:35:24,957 - ultrasound - ERROR - Error displaying video frame: FrameDisplayWidget has no supported frame display method
Traceback (most recent call last):
  File "C:\Users\Laptopi-Homs\Pictures\echogpt\echogpt\main_window_v1.py", line 1477, in display_frame
    raise RuntimeError(
        "FrameDisplayWidget has no supported frame display method"
    )
RuntimeError: FrameDisplayWidget has no supported frame display method
2026-10-07 16:35:25,004 - ultrasound - ERROR - Error displaying video frame: FrameDisplayWidget has no supported frame display method
Traceback (most recent call last):
  File "C:\Users\Laptopi-Homs\Pictures\echogpt\echogpt\main_window_v1.py", line 1477, in display_frame
    raise RuntimeError(
        "FrameDisplayWidget has no supported frame display method"
    )
RuntimeError: FrameDisplayWidget has no supported frame display method
2026-10-07 16:35:25,051 - ultrasound - ERROR - Error displaying video frame: FrameDisplayWidget has no supported frame display method
Traceback (most recent call last):
  File "C:\Users\Laptopi-Homs\Pictures\echogpt\echogpt\main_window_v1.py", line 1477, in display_frame
    raise RuntimeError(
        "FrameDisplayWidget has no supported frame display method"
    )
RuntimeError: FrameDisplayWidget has no supported frame display method
2026-10-07 16:35:25,098 - ultrasound - ERROR - Error displaying video frame: FrameDisplayWidget has no supported frame display method
Traceback (most recent call last):
  File "C:\Users\Laptopi-Homs\Pictures\echogpt\echogpt\main_window_v1.py", line 1477, in display_frame
    raise RuntimeError(
        "FrameDisplayWidget has no supported frame display method"
    )
RuntimeError: FrameDisplayWidget has no supported frame display method
2026-10-07 16:35:25,145 - ultrasound - ERROR - Error displaying video frame: FrameDisplayWidget has no supported frame display method
Traceback (most recent call last):
  File "C:\Users\Laptopi-Homs\Pictures\echogpt\echogpt\main_window_v1.py", line 1477, in display_frame
    raise RuntimeError(
        "FrameDisplayWidget has no supported frame display method"
    )
RuntimeError: FrameDisplayWidget has no supported frame display method
2026-10-07 16:35:25,191 - ultrasound - ERROR - Error displaying video frame: FrameDisplayWidget has no supported frame display method
Traceback (most recent call last):
  File "C:\Users\Laptopi-Homs\Pictures\echogpt\echogpt\main_window_v1.py", line 1477, in display_frame
    raise RuntimeError(
        "FrameDisplayWidget has no supported frame display method"
    )
RuntimeError: FrameDisplayWidget has no supported frame display method
2026-10-07 16:35:25,238 - ultrasound - ERROR - Error displaying video frame: FrameDisplayWidget has no supported frame display method
Traceback (most recent call last):
  File "C:\Users\Laptopi-Homs\Pictures\echogpt\echogpt\main_window_v1.py", line 1477, in display_frame
    raise RuntimeError(
        "FrameDisplayWidget has no supported frame display method"
    )
RuntimeError: FrameDisplayWidget has no supported frame display method
2026-10-07 16:35:25,285 - ultrasound - ERROR - Error displaying video frame: FrameDisplayWidget has no supported frame display method
Traceback (most recent call last):
  File "C:\Users\Laptopi-Homs\Pictures\echogpt\echogpt\main_window_v1.py", line 1477, in display_frame
    raise RuntimeError(
        "FrameDisplayWidget has no supported frame display method"
    )
RuntimeError: FrameDisplayWidget has no supported frame display method
2026-10-07 16:35:25,332 - ultrasound - ERROR - Error displaying video frame: FrameDisplayWidget has no supported frame display method
Traceback (most recent call last):
  File "C:\Users\Laptopi-Homs\Pictures\echogpt\echogpt\main_window_v1.py", line 1477, in display_frame
    raise RuntimeError(
        "FrameDisplayWidget has no supported frame display method"
    )
RuntimeError: FrameDisplayWidget has no supported frame display method
2026-10-07 16:35:25,379 - ultrasound - ERROR - Error displaying video frame: FrameDisplayWidget has no supported frame display method
Traceback (most recent call last):
  File "C:\Users\Laptopi-Homs\Pictures\echogpt\echogpt\main_window_v1.py", line 1477, in display_frame
    raise RuntimeError(
        "FrameDisplayWidget has no supported frame display method"
    )
RuntimeError: FrameDisplayWidget has no supported frame display method
2026-10-07 16:35:25,426 - ultrasound - ERROR - Error displaying video frame: FrameDisplayWidget has no supported frame display method
Traceback (most recent call last):
  File "C:\Users\Laptopi-Homs\Pictures\echogpt\echogpt\main_window_v1.py", line 1477, in display_frame
    raise RuntimeError(
        "FrameDisplayWidget has no supported frame display method"
    )
RuntimeError: FrameDisplayWidget has no supported frame display method
2026-10-07 16:35:25,473 - ultrasound - ERROR - Error displaying video frame: FrameDisplayWidget has no supported frame display method
Traceback (most recent call last):
  File "C:\Users\Laptopi-Homs\Pictures\echogpt\echogpt\main_window_v1.py", line 1477, in display_frame
    raise RuntimeError(
        "FrameDisplayWidget has no supported frame display method"
    )
RuntimeError: FrameDisplayWidget has no supported frame display method
2026-10-07 16:35:25,521 - ultrasound - ERROR - Error displaying video frame: FrameDisplayWidget has no supported frame display method
Traceback (most recent call last):
  File "C:\Users\Laptopi-Homs\Pictures\echogpt\echogpt\main_window_v1.py", line 1477, in display_frame
    raise RuntimeError(
        "FrameDisplayWidget has no supported frame display method"
    )
RuntimeError: FrameDisplayWidget has no supported frame display method
2026-10-07 16:35:25,568 - ultrasound - ERROR - Error displaying video frame: FrameDisplayWidget has no supported frame display method
Traceback (most recent call last):
  File "C:\Users\Laptopi-Homs\Pictures\echogpt\echogpt\main_window_v1.py", line 1477, in display_frame
    raise RuntimeError(
        "FrameDisplayWidget has no supported frame display method"
    )
RuntimeError: FrameDisplayWidget has no supported frame display method
2026-10-07 16:35:25,614 - ultrasound - ERROR - Error displaying video frame: FrameDisplayWidget has no supported frame display method
Traceback (most recent call last):
  File "C:\Users\Laptopi-Homs\Pictures\echogpt\echogpt\main_window_v1.py", line 1477, in display_frame
    raise RuntimeError(
        "FrameDisplayWidget has no supported frame display method"
    )
RuntimeError: FrameDisplayWidget has no supported frame display method
2026-10-07 16:35:25,661 - ultrasound - ERROR - Error displaying video frame: FrameDisplayWidget has no supported frame display method
Traceback (most recent call last):
  File "C:\Users\Laptopi-Homs\Pictures\echogpt\echogpt\main_window_v1.py", line 1477, in display_frame
    raise RuntimeError(
        "FrameDisplayWidget has no supported frame display method"
    )
RuntimeError: FrameDisplayWidget has no supported frame display method
2026-10-07 16:35:25,708 - ultrasound - ERROR - Error displaying video frame: FrameDisplayWidget has no supported frame display method
Traceback (most recent call last):
  File "C:\Users\Laptopi-Homs\Pictures\echogpt\echogpt\main_window_v1.py", line 1477, in display_frame
    raise RuntimeError(
        "FrameDisplayWidget has no supported frame display method"
    )
RuntimeError: FrameDisplayWidget has no supported frame display method
2026-10-07 16:35:25,755 - ultrasound - ERROR - Error displaying video frame: FrameDisplayWidget has no supported frame display method
Traceback (most recent call last):
  File "C:\Users\Laptopi-Homs\Pictures\echogpt\echogpt\main_window_v1.py", line 1477, in display_frame
    raise RuntimeError(
        "FrameDisplayWidget has no supported frame display method"
    )
RuntimeError: FrameDisplayWidget has no supported frame display method
2026-10-07 16:35:25,802 - ultrasound - ERROR - Error displaying video frame: FrameDisplayWidget has no supported frame display method
Traceback (most recent call last):
  File "C:\Users\Laptopi-Homs\Pictures\echogpt\echogpt\main_window_v1.py", line 1477, in display_frame
    raise RuntimeError(
        "FrameDisplayWidget has no supported frame display method"
    )
RuntimeError: FrameDisplayWidget has no supported frame display method
2026-10-07 16:35:25,848 - ultrasound - ERROR - Error displaying video frame: FrameDisplayWidget has no supported frame display method
Traceback (most recent call last):
  File "C:\Users\Laptopi-Homs\Pictures\echogpt\echogpt\main_window_v1.py", line 1477, in display_frame
    raise RuntimeError(
        "FrameDisplayWidget has no supported frame display method"
    )
RuntimeError: FrameDisplayWidget has no supported frame display method
2026-10-07 16:35:25,896 - ultrasound - ERROR - Error displaying video frame: FrameDisplayWidget has no supported frame display method
Traceback (most recent call last):
  File "C:\Users\Laptopi-Homs\Pictures\echogpt\echogpt\main_window_v1.py", line 1477, in display_frame
    raise RuntimeError(
        "FrameDisplayWidget has no supported frame display method"
    )
RuntimeError: FrameDisplayWidget has no supported frame display method
2026-10-07 16:35:25,942 - ultrasound - ERROR - Error displaying video frame: FrameDisplayWidget has no supported frame display method
Traceback (most recent call last):
  File "C:\Users\Laptopi-Homs\Pictures\echogpt\echogpt\main_window_v1.py", line 1477, in display_frame
    raise RuntimeError(
        "FrameDisplayWidget has no supported frame display method"
    )
RuntimeError: FrameDisplayWidget has no supported frame display method
2026-10-07 16:35:25,989 - ultrasound - ERROR - Error displaying video frame: FrameDisplayWidget has no supported frame display method
Traceback (most recent call last):
  File "C:\Users\Laptopi-Homs\Pictures\echogpt\echogpt\main_window_v1.py", line 1477, in display_frame
    raise RuntimeError(
        "FrameDisplayWidget has no supported frame display method"
    )
RuntimeError: FrameDisplayWidget has no supported frame display method
2026-10-07 16:35:26,036 - ultrasound - ERROR - Error displaying video frame: FrameDisplayWidget has no supported frame display method
Traceback (most recent call last):
  File "C:\Users\Laptopi-Homs\Pictures\echogpt\echogpt\main_window_v1.py", line 1477, in display_frame
    raise RuntimeError(
        "FrameDisplayWidget has no supported frame display method"
    )
RuntimeError: FrameDisplayWidget has no supported frame display method
2026-10-07 16:35:26,083 - ultrasound - ERROR - Error displaying video frame: FrameDisplayWidget has no supported frame display method
Traceback (most recent call last):
  File "C:\Users\Laptopi-Homs\Pictures\echogpt\echogpt\main_window_v1.py", line 1477, in display_frame
    raise RuntimeError(
        "FrameDisplayWidget has no supported frame display method"
    )
RuntimeError: FrameDisplayWidget has no supported frame display method
2026-10-07 16:35:26,130 - ultrasound - ERROR - Error displaying video frame: FrameDisplayWidget has no supported frame display method
Traceback (most recent call last):
  File "C:\Users\Laptopi-Homs\Pictures\echogpt\echogpt\main_window_v1.py", line 1477, in display_frame
    raise RuntimeError(
        "FrameDisplayWidget has no supported frame display method"
    )
RuntimeError: FrameDisplayWidget has no supported frame display method
2026-10-07 16:35:26,177 - ultrasound - ERROR - Error displaying video frame: FrameDisplayWidget has no supported frame display method
Traceback (most recent call last):
  File "C:\Users\Laptopi-Homs\Pictures\echogpt\echogpt\main_window_v1.py", line 1477, in display_frame
    raise RuntimeError(
        "FrameDisplayWidget has no supported frame display method"
    )
RuntimeError: FrameDisplayWidget has no supported frame display method
2026-10-07 16:35:26,223 - ultrasound - ERROR - Error displaying video frame: FrameDisplayWidget has no supported frame display method
Traceback (most recent call last):
  File "C:\Users\Laptopi-Homs\Pictures\echogpt\echogpt\main_window_v1.py", line 1477, in display_frame
    raise RuntimeError(
        "FrameDisplayWidget has no supported frame display method"
    )
RuntimeError: FrameDisplayWidget has no supported frame display method
2026-10-07 16:35:26,270 - ultrasound - ERROR - Error displaying video frame: FrameDisplayWidget has no supported frame display method
Traceback (most recent call last):
  File "C:\Users\Laptopi-Homs\Pictures\echogpt\echogpt\main_window_v1.py", line 1477, in display_frame
    raise RuntimeError(
        "FrameDisplayWidget has no supported frame display method"
    )
RuntimeError: FrameDisplayWidget has no supported frame display method
2026-10-07 16:35:26,317 - ultrasound - ERROR - Error displaying video frame: FrameDisplayWidget has no supported frame display method
Traceback (most recent call last):
  File "C:\Users\Laptopi-Homs\Pictures\echogpt\echogpt\main_window_v1.py", line 1477, in display_frame
    raise RuntimeError(
        "FrameDisplayWidget has no supported frame display method"
    )
RuntimeError: FrameDisplayWidget has no supported frame display method
2026-10-07 16:35:26,364 - ultrasound - ERROR - Error displaying video frame: FrameDisplayWidget has no supported frame display method
Traceback (most recent call last):
  File "C:\Users\Laptopi-Homs\Pictures\echogpt\echogpt\main_window_v1.py", line 1477, in display_frame
    raise RuntimeError(
        "FrameDisplayWidget has no supported frame display method"
    )
RuntimeError: FrameDisplayWidget has no supported frame display method
2026-10-07 16:35:26,411 - ultrasound - ERROR - Error displaying video frame: FrameDisplayWidget has no supported frame display method
Traceback (most recent call last):
  File "C:\Users\Laptopi-Homs\Pictures\echogpt\echogpt\main_window_v1.py", line 1477, in display_frame
    raise RuntimeError(
        "FrameDisplayWidget has no supported frame display method"
    )
RuntimeError: FrameDisplayWidget has no supported frame display method
2026-10-07 16:35:26,458 - ultrasound - ERROR - Error displaying video frame: FrameDisplayWidget has no supported frame display method
Traceback (most recent call last):
  File "C:\Users\Laptopi-Homs\Pictures\echogpt\echogpt\main_window_v1.py", line 1477, in display_frame
    raise RuntimeError(
        "FrameDisplayWidget has no supported frame display method"
    )
RuntimeError: FrameDisplayWidget has no supported frame display method
2026-10-07 16:35:26,505 - ultrasound - ERROR - Error displaying video frame: FrameDisplayWidget has no supported frame display method
Traceback (most recent call last):
  File "C:\Users\Laptopi-Homs\Pictures\echogpt\echogpt\main_window_v1.py", line 1477, in display_frame
    raise RuntimeError(
        "FrameDisplayWidget has no supported frame display method"
    )
RuntimeError: FrameDisplayWidget has no supported frame display method
2026-10-07 16:35:26,556 - ultrasound - ERROR - Error displaying video frame: FrameDisplayWidget has no supported frame display method
Traceback (most recent call last):
  File "C:\Users\Laptopi-Homs\Pictures\echogpt\echogpt\main_window_v1.py", line 1477, in display_frame
    raise RuntimeError(
        "FrameDisplayWidget has no supported frame display method"
    )
RuntimeError: FrameDisplayWidget has no supported frame display method
2026-10-07 16:35:26,604 - ultrasound - ERROR - Error displaying video frame: FrameDisplayWidget has no supported frame display method
Traceback (most recent call last):
  File "C:\Users\Laptopi-Homs\Pictures\echogpt\echogpt\main_window_v1.py", line 1477, in display_frame
    raise RuntimeError(
        "FrameDisplayWidget has no supported frame display method"
    )
RuntimeError: FrameDisplayWidget has no supported frame display method
2026-10-07 16:35:26,650 - ultrasound - ERROR - Error displaying video frame: FrameDisplayWidget has no supported frame display method
Traceback (most recent call last):
  File "C:\Users\Laptopi-Homs\Pictures\echogpt\echogpt\main_window_v1.py", line 1477, in display_frame
    raise RuntimeError(
        "FrameDisplayWidget has no supported frame display method"
    )
RuntimeError: FrameDisplayWidget has no supported frame display method
2026-10-07 16:35:26,696 - ultrasound - ERROR - Error displaying video frame: FrameDisplayWidget has no supported frame display method
Traceback (most recent call last):
  File "C:\Users\Laptopi-Homs\Pictures\echogpt\echogpt\main_window_v1.py", line 1477, in display_frame
    raise RuntimeError(
        "FrameDisplayWidget has no supported frame display method"
    )
RuntimeError: FrameDisplayWidget has no supported frame display method
2026-10-07 16:35:26,743 - ultrasound - ERROR - Error displaying video frame: FrameDisplayWidget has no supported frame display method
Traceback (most recent call last):
  File "C:\Users\Laptopi-Homs\Pictures\echogpt\echogpt\main_window_v1.py", line 1477, in display_frame
    raise RuntimeError(
        "FrameDisplayWidget has no supported frame display method"
    )
RuntimeError: FrameDisplayWidget has no supported frame display method
2026-10-07 16:35:26,790 - ultrasound - ERROR - Error displaying video frame: FrameDisplayWidget has no supported frame display method
Traceback (most recent call last):
  File "C:\Users\Laptopi-Homs\Pictures\echogpt\echogpt\main_window_v1.py", line 1477, in display_frame
    raise RuntimeError(
        "FrameDisplayWidget has no supported frame display method"
    )
RuntimeError: FrameDisplayWidget has no supported frame display method
2026-10-07 16:35:26,837 - ultrasound - ERROR - Error displaying video frame: FrameDisplayWidget has no supported frame display method
Traceback (most recent call last):
  File "C:\Users\Laptopi-Homs\Pictures\echogpt\echogpt\main_window_v1.py", line 1477, in display_frame
    raise RuntimeError(
        "FrameDisplayWidget has no supported frame display method"
    )
RuntimeError: FrameDisplayWidget has no supported frame display method
2026-10-07 16:35:26,884 - ultrasound - ERROR - Error displaying video frame: FrameDisplayWidget has no supported frame display method
Traceback (most recent call last):
  File "C:\Users\Laptopi-Homs\Pictures\echogpt\echogpt\main_window_v1.py", line 1477, in display_frame
    raise RuntimeError(
        "FrameDisplayWidget has no supported frame display method"
    )
RuntimeError: FrameDisplayWidget has no supported frame display method
2026-10-07 16:35:26,931 - ultrasound - ERROR - Error displaying video frame: FrameDisplayWidget has no supported frame display method
Traceback (most recent call last):
  File "C:\Users\Laptopi-Homs\Pictures\echogpt\echogpt\main_window_v1.py", line 1477, in display_frame
    raise RuntimeError(
        "FrameDisplayWidget has no supported frame display method"
    )
RuntimeError: FrameDisplayWidget has no supported frame display method
2026-10-07 16:35:26,978 - ultrasound - ERROR - Error displaying video frame: FrameDisplayWidget has no supported frame display method
Traceback (most recent call last):
  File "C:\Users\Laptopi-Homs\Pictures\echogpt\echogpt\main_window_v1.py", line 1477, in display_frame
    raise RuntimeError(
        "FrameDisplayWidget has no supported frame display method"
    )
RuntimeError: FrameDisplayWidget has no supported frame display method
2026-10-07 16:35:27,024 - ultrasound - ERROR - Error displaying video frame: FrameDisplayWidget has no supported frame display method
Traceback (most recent call last):
  File "C:\Users\Laptopi-Homs\Pictures\echogpt\echogpt\main_window_v1.py", line 1477, in display_frame
    raise RuntimeError(
        "FrameDisplayWidget has no supported frame display method"
    )
RuntimeError: FrameDisplayWidget has no supported frame display method
2026-10-07 16:35:27,071 - ultrasound - ERROR - Error displaying video frame: FrameDisplayWidget has no supported frame display method
Traceback (most recent call last):
  File "C:\Users\Laptopi-Homs\Pictures\echogpt\echogpt\main_window_v1.py", line 1477, in display_frame
    raise RuntimeError(
        "FrameDisplayWidget has no supported frame display method"
    )
RuntimeError: FrameDisplayWidget has no supported frame display method
2026-10-07 16:35:27,119 - ultrasound - ERROR - Error displaying video frame: FrameDisplayWidget has no supported frame display method
Traceback (most recent call last):
  File "C:\Users\Laptopi-Homs\Pictures\echogpt\echogpt\main_window_v1.py", line 1477, in display_frame
    raise RuntimeError(
        "FrameDisplayWidget has no supported frame display method"
    )
RuntimeError: FrameDisplayWidget has no supported frame display method
2026-10-07 16:35:27,165 - ultrasound - ERROR - Error displaying video frame: FrameDisplayWidget has no supported frame display method
Traceback (most recent call last):
  File "C:\Users\Laptopi-Homs\Pictures\echogpt\echogpt\main_window_v1.py", line 1477, in display_frame
    raise RuntimeError(
        "FrameDisplayWidget has no supported frame display method"
    )
RuntimeError: FrameDisplayWidget has no supported frame display method
2026-10-07 16:35:27,212 - ultrasound - ERROR - Error displaying video frame: FrameDisplayWidget has no supported frame display method
Traceback (most recent call last):
  File "C:\Users\Laptopi-Homs\Pictures\echogpt\echogpt\main_window_v1.py", line 1477, in display_frame
    raise RuntimeError(
        "FrameDisplayWidget has no supported frame display method"
    )
RuntimeError: FrameDisplayWidget has no supported frame display method
2026-10-07 16:35:27,259 - ultrasound - ERROR - Error displaying video frame: FrameDisplayWidget has no supported frame display method
Traceback (most recent call last):
  File "C:\Users\Laptopi-Homs\Pictures\echogpt\echogpt\main_window_v1.py", line 1477, in display_frame
    raise RuntimeError(
        "FrameDisplayWidget has no supported frame display method"
    )
RuntimeError: FrameDisplayWidget has no supported frame display method
2026-10-07 16:35:27,306 - ultrasound - ERROR - Error displaying video frame: FrameDisplayWidget has no supported frame display method
Traceback (most recent call last):
  File "C:\Users\Laptopi-Homs\Pictures\echogpt\echogpt\main_window_v1.py", line 1477, in display_frame
    raise RuntimeError(
        "FrameDisplayWidget has no supported frame display method"
    )
RuntimeError: FrameDisplayWidget has no supported frame display method
2026-10-07 16:35:27,353 - ultrasound - ERROR - Error displaying video frame: FrameDisplayWidget has no supported frame display method
Traceback (most recent call last):
  File "C:\Users\Laptopi-Homs\Pictures\echogpt\echogpt\main_window_v1.py", line 1477, in display_frame
    raise RuntimeError(
        "FrameDisplayWidget has no supported frame display method"
    )
RuntimeError: FrameDisplayWidget has no supported frame display method
2026-10-07 16:35:27,400 - ultrasound - ERROR - Error displaying video frame: FrameDisplayWidget has no supported frame display method
Traceback (most recent call last):
  File "C:\Users\Laptopi-Homs\Pictures\echogpt\echogpt\main_window_v1.py", line 1477, in display_frame
    raise RuntimeError(
        "FrameDisplayWidget has no supported frame display method"
    )
RuntimeError: FrameDisplayWidget has no supported frame display method
2026-10-07 16:35:27,446 - ultrasound - ERROR - Error displaying video frame: FrameDisplayWidget has no supported frame display method
Traceback (most recent call last):
  File "C:\Users\Laptopi-Homs\Pictures\echogpt\echogpt\main_window_v1.py", line 1477, in display_frame
    raise RuntimeError(
        "FrameDisplayWidget has no supported frame display method"
    )
RuntimeError: FrameDisplayWidget has no supported frame display method
2026-10-07 16:35:27,493 - ultrasound - ERROR - Error displaying video frame: FrameDisplayWidget has no supported frame display method
Traceback (most recent call last):
  File "C:\Users\Laptopi-Homs\Pictures\echogpt\echogpt\main_window_v1.py", line 1477, in display_frame
    raise RuntimeError(
        "FrameDisplayWidget has no supported frame display method"
    )
RuntimeError: FrameDisplayWidget has no supported frame display method
2026-10-07 16:35:27,541 - ultrasound - ERROR - Error displaying video frame: FrameDisplayWidget has no supported frame display method
Traceback (most recent call last):
  File "C:\Users\Laptopi-Homs\Pictures\echogpt\echogpt\main_window_v1.py", line 1477, in display_frame
    raise RuntimeError(
        "FrameDisplayWidget has no supported frame display method"
    )
RuntimeError: FrameDisplayWidget has no supported frame display method
2026-10-07 16:35:27,588 - ultrasound - ERROR - Error displaying video frame: FrameDisplayWidget has no supported frame display method
Traceback (most recent call last):
  File "C:\Users\Laptopi-Homs\Pictures\echogpt\echogpt\main_window_v1.py", line 1477, in display_frame
    raise RuntimeError(
        "FrameDisplayWidget has no supported frame display method"
    )
RuntimeError: FrameDisplayWidget has no supported frame display method
2026-10-07 16:35:27,636 - ultrasound - ERROR - Error displaying video frame: FrameDisplayWidget has no supported frame display method
Traceback (most recent call last):
  File "C:\Users\Laptopi-Homs\Pictures\echogpt\echogpt\main_window_v1.py", line 1477, in display_frame
    raise RuntimeError(
        "FrameDisplayWidget has no supported frame display method"
    )
RuntimeError: FrameDisplayWidget has no supported frame display method
2026-10-07 16:35:27,682 - ultrasound - ERROR - Error displaying video frame: FrameDisplayWidget has no supported frame display method
Traceback (most recent call last):
  File "C:\Users\Laptopi-Homs\Pictures\echogpt\echogpt\main_window_v1.py", line 1477, in display_frame
    raise RuntimeError(
        "FrameDisplayWidget has no supported frame display method"
    )
RuntimeError: FrameDisplayWidget has no supported frame display method
2026-10-07 16:35:27,730 - ultrasound - ERROR - Error displaying video frame: FrameDisplayWidget has no supported frame display method
Traceback (most recent call last):
  File "C:\Users\Laptopi-Homs\Pictures\echogpt\echogpt\main_window_v1.py", line 1477, in display_frame
    raise RuntimeError(
        "FrameDisplayWidget has no supported frame display method"
    )
RuntimeError: FrameDisplayWidget has no supported frame display method
2026-10-07 16:35:27,777 - ultrasound - ERROR - Error displaying video frame: FrameDisplayWidget has no supported frame display method
Traceback (most recent call last):
  File "C:\Users\Laptopi-Homs\Pictures\echogpt\echogpt\main_window_v1.py", line 1477, in display_frame
    raise RuntimeError(
        "FrameDisplayWidget has no supported frame display method"
    )
RuntimeError: FrameDisplayWidget has no supported frame display method
2026-10-07 16:35:27,824 - ultrasound - ERROR - Error displaying video frame: FrameDisplayWidget has no supported frame display method
Traceback (most recent call last):
  File "C:\Users\Laptopi-Homs\Pictures\echogpt\echogpt\main_window_v1.py", line 1477, in display_frame
    raise RuntimeError(
        "FrameDisplayWidget has no supported frame display method"
    )
RuntimeError: FrameDisplayWidget has no supported frame display method
2026-10-07 16:35:27,871 - ultrasound - ERROR - Error displaying video frame: FrameDisplayWidget has no supported frame display method
Traceback (most recent call last):
  File "C:\Users\Laptopi-Homs\Pictures\echogpt\echogpt\main_window_v1.py", line 1477, in display_frame
    raise RuntimeError(
        "FrameDisplayWidget has no supported frame display method"
    )
RuntimeError: FrameDisplayWidget has no supported frame display method
2026-10-07 16:35:27,920 - ultrasound - ERROR - Error displaying video frame: FrameDisplayWidget has no supported frame display method
Traceback (most recent call last):
  File "C:\Users\Laptopi-Homs\Pictures\echogpt\echogpt\main_window_v1.py", line 1477, in display_frame
    raise RuntimeError(
        "FrameDisplayWidget has no supported frame display method"
    )
RuntimeError: FrameDisplayWidget has no supported frame display method
2026-10-07 16:35:27,967 - ultrasound - ERROR - Error displaying video frame: FrameDisplayWidget has no supported frame display method
Traceback (most recent call last):
  File "C:\Users\Laptopi-Homs\Pictures\echogpt\echogpt\main_window_v1.py", line 1477, in display_frame
    raise RuntimeError(
        "FrameDisplayWidget has no supported frame display method"
    )
RuntimeError: FrameDisplayWidget has no supported frame display method
2026-10-07 16:35:28,014 - ultrasound - ERROR - Error displaying video frame: FrameDisplayWidget has no supported frame display method
Traceback (most recent call last):
  File "C:\Users\Laptopi-Homs\Pictures\echogpt\echogpt\main_window_v1.py", line 1477, in display_frame
    raise RuntimeError(
        "FrameDisplayWidget has no supported frame display method"
    )
RuntimeError: FrameDisplayWidget has no supported frame display method
2026-10-07 16:35:28,061 - ultrasound - ERROR - Error displaying video frame: FrameDisplayWidget has no supported frame display method
Traceback (most recent call last):
  File "C:\Users\Laptopi-Homs\Pictures\echogpt\echogpt\main_window_v1.py", line 1477, in display_frame
    raise RuntimeError(
        "FrameDisplayWidget has no supported frame display method"
    )
RuntimeError: FrameDisplayWidget has no supported frame display method
2026-10-07 16:35:28,107 - ultrasound - ERROR - Error displaying video frame: FrameDisplayWidget has no supported frame display method
Traceback (most recent call last):
  File "C:\Users\Laptopi-Homs\Pictures\echogpt\echogpt\main_window_v1.py", line 1477, in display_frame
    raise RuntimeError(
        "FrameDisplayWidget has no supported frame display method"
    )
RuntimeError: FrameDisplayWidget has no supported frame display method
2026-10-07 16:35:28,154 - ultrasound - ERROR - Error displaying video frame: FrameDisplayWidget has no supported frame display method
Traceback (most recent call last):
  File "C:\Users\Laptopi-Homs\Pictures\echogpt\echogpt\main_window_v1.py", line 1477, in display_frame
    raise RuntimeError(
        "FrameDisplayWidget has no supported frame display method"
    )
RuntimeError: FrameDisplayWidget has no supported frame display method
2026-10-07 16:35:28,203 - ultrasound - ERROR - Error displaying video frame: FrameDisplayWidget has no supported frame display method
Traceback (most recent call last):
  File "C:\Users\Laptopi-Homs\Pictures\echogpt\echogpt\main_window_v1.py", line 1477, in display_frame
    raise RuntimeError(
        "FrameDisplayWidget has no supported frame display method"
    )
RuntimeError: FrameDisplayWidget has no supported frame display method
2026-10-07 16:35:28,249 - ultrasound - ERROR - Error displaying video frame: FrameDisplayWidget has no supported frame display method
Traceback (most recent call last):
  File "C:\Users\Laptopi-Homs\Pictures\echogpt\echogpt\main_window_v1.py", line 1477, in display_frame
    raise RuntimeError(
        "FrameDisplayWidget has no supported frame display method"
    )
RuntimeError: FrameDisplayWidget has no supported frame display method
2026-10-07 16:35:28,296 - ultrasound - ERROR - Error displaying video frame: FrameDisplayWidget has no supported frame display method
Traceback (most recent call last):
  File "C:\Users\Laptopi-Homs\Pictures\echogpt\echogpt\main_window_v1.py", line 1477, in display_frame
    raise RuntimeError(
        "FrameDisplayWidget has no supported frame display method"
    )
RuntimeError: FrameDisplayWidget has no supported frame display method
2026-10-07 16:35:28,347 - ultrasound - ERROR - Error displaying video frame: FrameDisplayWidget has no supported frame display method
Traceback (most recent call last):
  File "C:\Users\Laptopi-Homs\Pictures\echogpt\echogpt\main_window_v1.py", line 1477, in display_frame
    raise RuntimeError(
        "FrameDisplayWidget has no supported frame display method"
    )
RuntimeError: FrameDisplayWidget has no supported frame display method
2026-10-07 16:35:28,406 - ultrasound - ERROR - Error displaying video frame: FrameDisplayWidget has no supported frame display method
Traceback (most recent call last):
  File "C:\Users\Laptopi-Homs\Pictures\echogpt\echogpt\main_window_v1.py", line 1477, in display_frame
    raise RuntimeError(
        "FrameDisplayWidget has no supported frame display method"
    )
RuntimeError: FrameDisplayWidget has no supported frame display method
2026-10-07 16:35:28,452 - ultrasound - ERROR - Error displaying video frame: FrameDisplayWidget has no supported frame display method
Traceback (most recent call last):
  File "C:\Users\Laptopi-Homs\Pictures\echogpt\echogpt\main_window_v1.py", line 1477, in display_frame
    raise RuntimeError(
        "FrameDisplayWidget has no supported frame display method"
    )
RuntimeError: FrameDisplayWidget has no supported frame display method
2026-10-07 16:35:28,501 - ultrasound - ERROR - Error displaying video frame: FrameDisplayWidget has no supported frame display method
Traceback (most recent call last):
  File "C:\Users\Laptopi-Homs\Pictures\echogpt\echogpt\main_window_v1.py", line 1477, in display_frame
    raise RuntimeError(
        "FrameDisplayWidget has no supported frame display method"
    )
RuntimeError: FrameDisplayWidget has no supported frame display method
2026-10-07 16:35:28,548 - ultrasound - ERROR - Error displaying video frame: FrameDisplayWidget has no supported frame display method
Traceback (most recent call last):
  File "C:\Users\Laptopi-Homs\Pictures\echogpt\echogpt\main_window_v1.py", line 1477, in display_frame
    raise RuntimeError(
        "FrameDisplayWidget has no supported frame display method"
    )
RuntimeError: FrameDisplayWidget has no supported frame display method
2026-10-07 16:35:28,599 - ultrasound - ERROR - Error displaying video frame: FrameDisplayWidget has no supported frame display method
Traceback (most recent call last):
  File "C:\Users\Laptopi-Homs\Pictures\echogpt\echogpt\main_window_v1.py", line 1477, in display_frame
    raise RuntimeError(
        "FrameDisplayWidget has no supported frame display method"
    )
RuntimeError: FrameDisplayWidget has no supported frame display method
2026-10-07 16:35:28,642 - ultrasound - ERROR - Error displaying video frame: FrameDisplayWidget has no supported frame display method
Traceback (most recent call last):
  File "C:\Users\Laptopi-Homs\Pictures\echogpt\echogpt\main_window_v1.py", line 1477, in display_frame
    raise RuntimeError(
        "FrameDisplayWidget has no supported frame display method"
    )
RuntimeError: FrameDisplayWidget has no supported frame display method
2026-10-07 16:35:28,689 - ultrasound - ERROR - Error displaying video frame: FrameDisplayWidget has no supported frame display method
Traceback (most recent call last):
  File "C:\Users\Laptopi-Homs\Pictures\echogpt\echogpt\main_window_v1.py", line 1477, in display_frame
    raise RuntimeError(
        "FrameDisplayWidget has no supported frame display method"
    )
RuntimeError: FrameDisplayWidget has no supported frame display method
2026-10-07 16:35:28,742 - ultrasound - ERROR - Error displaying video frame: FrameDisplayWidget has no supported frame display method
Traceback (most recent call last):
  File "C:\Users\Laptopi-Homs\Pictures\echogpt\echogpt\main_window_v1.py", line 1477, in display_frame
    raise RuntimeError(
        "FrameDisplayWidget has no supported frame display method"
    )
RuntimeError: FrameDisplayWidget has no supported frame display method
2026-10-07 16:35:28,787 - ultrasound - ERROR - Error displaying video frame: FrameDisplayWidget has no supported frame display method
Traceback (most recent call last):
  File "C:\Users\Laptopi-Homs\Pictures\echogpt\echogpt\main_window_v1.py", line 1477, in display_frame
    raise RuntimeError(
        "FrameDisplayWidget has no supported frame display method"
    )
RuntimeError: FrameDisplayWidget has no supported frame display method
2026-10-07 16:35:28,834 - ultrasound - ERROR - Error displaying video frame: FrameDisplayWidget has no supported frame display method
Traceback (most recent call last):
  File "C:\Users\Laptopi-Homs\Pictures\echogpt\echogpt\main_window_v1.py", line 1477, in display_frame
    raise RuntimeError(
        "FrameDisplayWidget has no supported frame display method"
    )
RuntimeError: FrameDisplayWidget has no supported frame display method
2026-10-07 16:35:28,881 - ultrasound - ERROR - Error displaying video frame: FrameDisplayWidget has no supported frame display method
Traceback (most recent call last):
  File "C:\Users\Laptopi-Homs\Pictures\echogpt\echogpt\main_window_v1.py", line 1477, in display_frame
    raise RuntimeError(
        "FrameDisplayWidget has no supported frame display method"
    )
RuntimeError: FrameDisplayWidget has no supported frame display method
2026-10-07 16:35:28,928 - ultrasound - ERROR - Error displaying video frame: FrameDisplayWidget has no supported frame display method
Traceback (most recent call last):
  File "C:\Users\Laptopi-Homs\Pictures\echogpt\echogpt\main_window_v1.py", line 1477, in display_frame
    raise RuntimeError(
        "FrameDisplayWidget has no supported frame display method"
    )
RuntimeError: FrameDisplayWidget has no supported frame display method
2026-10-07 16:35:28,976 - ultrasound - ERROR - Error displaying video frame: FrameDisplayWidget has no supported frame display method
Traceback (most recent call last):
  File "C:\Users\Laptopi-Homs\Pictures\echogpt\echogpt\main_window_v1.py", line 1477, in display_frame
    raise RuntimeError(
        "FrameDisplayWidget has no supported frame display method"
    )
RuntimeError: FrameDisplayWidget has no supported frame display method
2026-10-07 16:35:29,030 - ultrasound - ERROR - Error displaying video frame: FrameDisplayWidget has no supported frame display method
Traceback (most recent call last):
  File "C:\Users\Laptopi-Homs\Pictures\echogpt\echogpt\main_window_v1.py", line 1477, in display_frame
    raise RuntimeError(
        "FrameDisplayWidget has no supported frame display method"
    )
RuntimeError: FrameDisplayWidget has no supported frame display method
2026-10-07 16:35:29,077 - ultrasound - ERROR - Error displaying video frame: FrameDisplayWidget has no supported frame display method
Traceback (most recent call last):
  File "C:\Users\Laptopi-Homs\Pictures\echogpt\echogpt\main_window_v1.py", line 1477, in display_frame
    raise RuntimeError(
        "FrameDisplayWidget has no supported frame display method"
    )
RuntimeError: FrameDisplayWidget has no supported frame display method
2026-10-07 16:35:29,131 - ultrasound - ERROR - Error displaying video frame: FrameDisplayWidget has no supported frame display method
Traceback (most recent call last):
  File "C:\Users\Laptopi-Homs\Pictures\echogpt\echogpt\main_window_v1.py", line 1477, in display_frame
    raise RuntimeError(
        "FrameDisplayWidget has no supported frame display method"
    )
RuntimeError: FrameDisplayWidget has no supported frame display method
2026-10-07 16:35:29,181 - ultrasound - ERROR - Error displaying video frame: FrameDisplayWidget has no supported frame display method
Traceback (most recent call last):
  File "C:\Users\Laptopi-Homs\Pictures\echogpt\echogpt\main_window_v1.py", line 1477, in display_frame
    raise RuntimeError(
        "FrameDisplayWidget has no supported frame display method"
    )
RuntimeError: FrameDisplayWidget has no supported frame display method
2026-10-07 16:35:29,221 - ultrasound - ERROR - Error displaying video frame: FrameDisplayWidget has no supported frame display method
Traceback (most recent call last):
  File "C:\Users\Laptopi-Homs\Pictures\echogpt\echogpt\main_window_v1.py", line 1477, in display_frame
    raise RuntimeError(
        "FrameDisplayWidget has no supported frame display method"
    )
RuntimeError: FrameDisplayWidget has no supported frame display method
2026-10-07 16:35:29,278 - ultrasound - ERROR - Error displaying video frame: FrameDisplayWidget has no supported frame display method
Traceback (most recent call last):
  File "C:\Users\Laptopi-Homs\Pictures\echogpt\echogpt\main_window_v1.py", line 1477, in display_frame
    raise RuntimeError(
        "FrameDisplayWidget has no supported frame display method"
    )
RuntimeError: FrameDisplayWidget has no supported frame display method
2026-10-07 16:35:29,328 - ultrasound - ERROR - Error displaying video frame: FrameDisplayWidget has no supported frame display method
Traceback (most recent call last):
  File "C:\Users\Laptopi-Homs\Pictures\echogpt\echogpt\main_window_v1.py", line 1477, in display_frame
    raise RuntimeError(
        "FrameDisplayWidget has no supported frame display method"
    )
RuntimeError: FrameDisplayWidget has no supported frame display method
2026-10-07 16:35:29,364 - ultrasound - ERROR - Error displaying video frame: FrameDisplayWidget has no supported frame display method
Traceback (most recent call last):
  File "C:\Users\Laptopi-Homs\Pictures\echogpt\echogpt\main_window_v1.py", line 1477, in display_frame
    raise RuntimeError(
        "FrameDisplayWidget has no supported frame display method"
    )
RuntimeError: FrameDisplayWidget has no supported frame display method
2026-10-07 16:35:29,412 - ultrasound - ERROR - Error displaying video frame: FrameDisplayWidget has no supported frame display method
Traceback (most recent call last):
  File "C:\Users\Laptopi-Homs\Pictures\echogpt\echogpt\main_window_v1.py", line 1477, in display_frame
    raise RuntimeError(
        "FrameDisplayWidget has no supported frame display method"
    )
RuntimeError: FrameDisplayWidget has no supported frame display method
2026-10-07 16:35:29,460 - ultrasound - ERROR - Error displaying video frame: FrameDisplayWidget has no supported frame display method
Traceback (most recent call last):
  File "C:\Users\Laptopi-Homs\Pictures\echogpt\echogpt\main_window_v1.py", line 1477, in display_frame
    raise RuntimeError(
        "FrameDisplayWidget has no supported frame display method"
    )
RuntimeError: FrameDisplayWidget has no supported frame display method
2026-10-07 16:35:29,506 - ultrasound - ERROR - Error displaying video frame: FrameDisplayWidget has no supported frame display method
Traceback (most recent call last):
  File "C:\Users\Laptopi-Homs\Pictures\echogpt\echogpt\main_window_v1.py", line 1477, in display_frame
    raise RuntimeError(
        "FrameDisplayWidget has no supported frame display method"
    )
RuntimeError: FrameDisplayWidget has no supported frame display method
2026-10-07 16:35:29,565 - ultrasound - ERROR - Error displaying video frame: FrameDisplayWidget has no supported frame display method
Traceback (most recent call last):
  File "C:\Users\Laptopi-Homs\Pictures\echogpt\echogpt\main_window_v1.py", line 1477, in display_frame
    raise RuntimeError(
        "FrameDisplayWidget has no supported frame display method"
    )
RuntimeError: FrameDisplayWidget has no supported frame display method
2026-10-07 16:35:29,608 - ultrasound - ERROR - Error displaying video frame: FrameDisplayWidget has no supported frame display method
Traceback (most recent call last):
  File "C:\Users\Laptopi-Homs\Pictures\echogpt\echogpt\main_window_v1.py", line 1477, in display_frame
    raise RuntimeError(
        "FrameDisplayWidget has no supported frame display method"
    )
RuntimeError: FrameDisplayWidget has no supported frame display method
2026-10-07 16:35:29,652 - ultrasound - ERROR - Error displaying video frame: FrameDisplayWidget has no supported frame display method
Traceback (most recent call last):
  File "C:\Users\Laptopi-Homs\Pictures\echogpt\echogpt\main_window_v1.py", line 1477, in display_frame
    raise RuntimeError(
        "FrameDisplayWidget has no supported frame display method"
    )
RuntimeError: FrameDisplayWidget has no supported frame display method
2026-10-07 16:35:29,699 - ultrasound - ERROR - Error displaying video frame: FrameDisplayWidget has no supported frame display method
Traceback (most recent call last):
  File "C:\Users\Laptopi-Homs\Pictures\echogpt\echogpt\main_window_v1.py", line 1477, in display_frame
    raise RuntimeError(
        "FrameDisplayWidget has no supported frame display method"
    )
RuntimeError: FrameDisplayWidget has no supported frame display method
2026-10-07 16:35:29,748 - ultrasound - ERROR - Error displaying video frame: FrameDisplayWidget has no supported frame display method
Traceback (most recent call last):
  File "C:\Users\Laptopi-Homs\Pictures\echogpt\echogpt\main_window_v1.py", line 1477, in display_frame
    raise RuntimeError(
        "FrameDisplayWidget has no supported frame display method"
    )
RuntimeError: FrameDisplayWidget has no supported frame display method
2026-10-07 16:35:29,794 - ultrasound - ERROR - Error displaying video frame: FrameDisplayWidget has no supported frame display method
Traceback (most recent call last):
  File "C:\Users\Laptopi-Homs\Pictures\echogpt\echogpt\main_window_v1.py", line 1477, in display_frame
    raise RuntimeError(
        "FrameDisplayWidget has no supported frame display method"
    )
RuntimeError: FrameDisplayWidget has no supported frame display method
2026-10-07 16:35:29,837 - ultrasound - ERROR - Error displaying video frame: FrameDisplayWidget has no supported frame display method
Traceback (most recent call last):
  File "C:\Users\Laptopi-Homs\Pictures\echogpt\echogpt\main_window_v1.py", line 1477, in display_frame
    raise RuntimeError(
        "FrameDisplayWidget has no supported frame display method"
    )
RuntimeError: FrameDisplayWidget has no supported frame display method
2026-10-07 16:35:29,891 - ultrasound - ERROR - Error displaying video frame: FrameDisplayWidget has no supported frame display method
Traceback (most recent call last):
  File "C:\Users\Laptopi-Homs\Pictures\echogpt\echogpt\main_window_v1.py", line 1477, in display_frame
    raise RuntimeError(
        "FrameDisplayWidget has no supported frame display method"
    )
RuntimeError: FrameDisplayWidget has no supported frame display method
2026-10-07 16:35:29,933 - ultrasound - ERROR - Error displaying video frame: FrameDisplayWidget has no supported frame display method
Traceback (most recent call last):
  File "C:\Users\Laptopi-Homs\Pictures\echogpt\echogpt\main_window_v1.py", line 1477, in display_frame
    raise RuntimeError(
        "FrameDisplayWidget has no supported frame display method"
    )
RuntimeError: FrameDisplayWidget has no supported frame display method
2026-10-07 16:35:29,980 - ultrasound - ERROR - Error displaying video frame: FrameDisplayWidget has no supported frame display method
Traceback (most recent call last):
  File "C:\Users\Laptopi-Homs\Pictures\echogpt\echogpt\main_window_v1.py", line 1477, in display_frame
    raise RuntimeError(
        "FrameDisplayWidget has no supported frame display method"
    )
RuntimeError: FrameDisplayWidget has no supported frame display method
2026-10-07 16:35:30,042 - ultrasound - ERROR - Error displaying video frame: FrameDisplayWidget has no supported frame display method
Traceback (most recent call last):
  File "C:\Users\Laptopi-Homs\Pictures\echogpt\echogpt\main_window_v1.py", line 1477, in display_frame
    raise RuntimeError(
        "FrameDisplayWidget has no supported frame display method"
    )
RuntimeError: FrameDisplayWidget has no supported frame display method
2026-10-07 16:35:30,096 - ultrasound - ERROR - Error displaying video frame: FrameDisplayWidget has no supported frame display method
Traceback (most recent call last):
  File "C:\Users\Laptopi-Homs\Pictures\echogpt\echogpt\main_window_v1.py", line 1477, in display_frame
    raise RuntimeError(
        "FrameDisplayWidget has no supported frame display method"
    )
RuntimeError: FrameDisplayWidget has no supported frame display method
2026-10-07 16:35:30,136 - ultrasound - ERROR - Error displaying video frame: FrameDisplayWidget has no supported frame display method
Traceback (most recent call last):
  File "C:\Users\Laptopi-Homs\Pictures\echogpt\echogpt\main_window_v1.py", line 1477, in display_frame
    raise RuntimeError(
        "FrameDisplayWidget has no supported frame display method"
    )
RuntimeError: FrameDisplayWidget has no supported frame display method
2026-10-07 16:35:30,192 - ultrasound - ERROR - Error displaying video frame: FrameDisplayWidget has no supported frame display method
Traceback (most recent call last):
  File "C:\Users\Laptopi-Homs\Pictures\echogpt\echogpt\main_window_v1.py", line 1477, in display_frame
    raise RuntimeError(
        "FrameDisplayWidget has no supported frame display method"
    )
RuntimeError: FrameDisplayWidget has no supported frame display method
2026-10-07 16:35:30,238 - ultrasound - ERROR - Error displaying video frame: FrameDisplayWidget has no supported frame display method
Traceback (most recent call last):
  File "C:\Users\Laptopi-Homs\Pictures\echogpt\echogpt\main_window_v1.py", line 1477, in display_frame
    raise RuntimeError(
        "FrameDisplayWidget has no supported frame display method"
    )
RuntimeError: FrameDisplayWidget has no supported frame display method
2026-10-07 16:35:30,285 - ultrasound - ERROR - Error displaying video frame: FrameDisplayWidget has no supported frame display method
Traceback (most recent call last):
  File "C:\Users\Laptopi-Homs\Pictures\echogpt\echogpt\main_window_v1.py", line 1477, in display_frame
    raise RuntimeError(
        "FrameDisplayWidget has no supported frame display method"
    )
RuntimeError: FrameDisplayWidget has no supported frame display method
2026-10-07 16:35:30,332 - ultrasound - ERROR - Error displaying video frame: FrameDisplayWidget has no supported frame display method
Traceback (most recent call last):
  File "C:\Users\Laptopi-Homs\Pictures\echogpt\echogpt\main_window_v1.py", line 1477, in display_frame
    raise RuntimeError(
        "FrameDisplayWidget has no supported frame display method"
    )
RuntimeError: FrameDisplayWidget has no supported frame display method
2026-10-07 16:35:30,379 - ultrasound - ERROR - Error displaying video frame: FrameDisplayWidget has no supported frame display method
Traceback (most recent call last):
  File "C:\Users\Laptopi-Homs\Pictures\echogpt\echogpt\main_window_v1.py", line 1477, in display_frame
    raise RuntimeError(
        "FrameDisplayWidget has no supported frame display method"
    )
RuntimeError: FrameDisplayWidget has no supported frame display method
2026-10-07 16:35:30,428 - ultrasound - ERROR - Error displaying video frame: FrameDisplayWidget has no supported frame display method
Traceback (most recent call last):
  File "C:\Users\Laptopi-Homs\Pictures\echogpt\echogpt\main_window_v1.py", line 1477, in display_frame
    raise RuntimeError(
        "FrameDisplayWidget has no supported frame display method"
    )
RuntimeError: FrameDisplayWidget has no supported frame display method
2026-10-07 16:35:30,474 - ultrasound - ERROR - Error displaying video frame: FrameDisplayWidget has no supported frame display method
Traceback (most recent call last):
  File "C:\Users\Laptopi-Homs\Pictures\echogpt\echogpt\main_window_v1.py", line 1477, in display_frame
    raise RuntimeError(
        "FrameDisplayWidget has no supported frame display method"
    )
RuntimeError: FrameDisplayWidget has no supported frame display method
2026-10-07 16:35:30,530 - ultrasound - ERROR - Error displaying video frame: FrameDisplayWidget has no supported frame display method
Traceback (most recent call last):
  File "C:\Users\Laptopi-Homs\Pictures\echogpt\echogpt\main_window_v1.py", line 1477, in display_frame
    raise RuntimeError(
        "FrameDisplayWidget has no supported frame display method"
    )
RuntimeError: FrameDisplayWidget has no supported frame display method
2026-10-07 16:35:30,579 - ultrasound - ERROR - Error displaying video frame: FrameDisplayWidget has no supported frame display method
Traceback (most recent call last):
  File "C:\Users\Laptopi-Homs\Pictures\echogpt\echogpt\main_window_v1.py", line 1477, in display_frame
    raise RuntimeError(
        "FrameDisplayWidget has no supported frame display method"
    )
RuntimeError: FrameDisplayWidget has no supported frame display method
2026-10-07 16:35:30,631 - ultrasound - ERROR - Error displaying video frame: FrameDisplayWidget has no supported frame display method
Traceback (most recent call last):
  File "C:\Users\Laptopi-Homs\Pictures\echogpt\echogpt\main_window_v1.py", line 1477, in display_frame
    raise RuntimeError(
        "FrameDisplayWidget has no supported frame display method"
    )
RuntimeError: FrameDisplayWidget has no supported frame display method
2026-10-07 16:35:30,673 - ultrasound - ERROR - Error displaying video frame: FrameDisplayWidget has no supported frame display method
Traceback (most recent call last):
  File "C:\Users\Laptopi-Homs\Pictures\echogpt\echogpt\main_window_v1.py", line 1477, in display_frame
    raise RuntimeError(
        "FrameDisplayWidget has no supported frame display method"
    )
RuntimeError: FrameDisplayWidget has no supported frame display method
2026-10-07 16:35:30,720 - ultrasound - ERROR - Error displaying video frame: FrameDisplayWidget has no supported frame display method
Traceback (most recent call last):
  File "C:\Users\Laptopi-Homs\Pictures\echogpt\echogpt\main_window_v1.py", line 1477, in display_frame
    raise RuntimeError(
        "FrameDisplayWidget has no supported frame display method"
    )
RuntimeError: FrameDisplayWidget has no supported frame display method
2026-10-07 16:35:30,765 - ultrasound - ERROR - Error displaying video frame: FrameDisplayWidget has no supported frame display method
Traceback (most recent call last):
  File "C:\Users\Laptopi-Homs\Pictures\echogpt\echogpt\main_window_v1.py", line 1477, in display_frame
    raise RuntimeError(
        "FrameDisplayWidget has no supported frame display method"
    )
RuntimeError: FrameDisplayWidget has no supported frame display method
2026-10-07 16:35:30,812 - ultrasound - ERROR - Error displaying video frame: FrameDisplayWidget has no supported frame display method
Traceback (most recent call last):
  File "C:\Users\Laptopi-Homs\Pictures\echogpt\echogpt\main_window_v1.py", line 1477, in display_frame
    raise RuntimeError(
        "FrameDisplayWidget has no supported frame display method"
    )
RuntimeError: FrameDisplayWidget has no supported frame display method
2026-10-07 16:35:30,859 - ultrasound - ERROR - Error displaying video frame: FrameDisplayWidget has no supported frame display method
Traceback (most recent call last):
  File "C:\Users\Laptopi-Homs\Pictures\echogpt\echogpt\main_window_v1.py", line 1477, in display_frame
    raise RuntimeError(
        "FrameDisplayWidget has no supported frame display method"
    )
RuntimeError: FrameDisplayWidget has no supported frame display method
2026-10-07 16:35:30,906 - ultrasound - ERROR - Error displaying video frame: FrameDisplayWidget has no supported frame display method
Traceback (most recent call last):
  File "C:\Users\Laptopi-Homs\Pictures\echogpt\echogpt\main_window_v1.py", line 1477, in display_frame
    raise RuntimeError(
        "FrameDisplayWidget has no supported frame display method"
    )
RuntimeError: FrameDisplayWidget has no supported frame display method
2026-10-07 16:35:30,953 - ultrasound - ERROR - Error displaying video frame: FrameDisplayWidget has no supported frame display method
Traceback (most recent call last):
  File "C:\Users\Laptopi-Homs\Pictures\echogpt\echogpt\main_window_v1.py", line 1477, in display_frame
    raise RuntimeError(
        "FrameDisplayWidget has no supported frame display method"
    )
RuntimeError: FrameDisplayWidget has no supported frame display method
2026-10-07 16:35:31,000 - ultrasound - ERROR - Error displaying video frame: FrameDisplayWidget has no supported frame display method
Traceback (most recent call last):
  File "C:\Users\Laptopi-Homs\Pictures\echogpt\echogpt\main_window_v1.py", line 1477, in display_frame
    raise RuntimeError(
        "FrameDisplayWidget has no supported frame display method"
    )
RuntimeError: FrameDisplayWidget has no supported frame display method
2026-10-07 16:35:31,046 - ultrasound - ERROR - Error displaying video frame: FrameDisplayWidget has no supported frame display method
Traceback (most recent call last):
  File "C:\Users\Laptopi-Homs\Pictures\echogpt\echogpt\main_window_v1.py", line 1477, in display_frame
    raise RuntimeError(
        "FrameDisplayWidget has no supported frame display method"
    )
RuntimeError: FrameDisplayWidget has no supported frame display method
2026-10-07 16:35:31,094 - ultrasound - ERROR - Error displaying video frame: FrameDisplayWidget has no supported frame display method
Traceback (most recent call last):
  File "C:\Users\Laptopi-Homs\Pictures\echogpt\echogpt\main_window_v1.py", line 1477, in display_frame
    raise RuntimeError(
        "FrameDisplayWidget has no supported frame display method"
    )
RuntimeError: FrameDisplayWidget has no supported frame display method
2026-10-07 16:35:31,140 - ultrasound - ERROR - Error displaying video frame: FrameDisplayWidget has no supported frame display method
Traceback (most recent call last):
  File "C:\Users\Laptopi-Homs\Pictures\echogpt\echogpt\main_window_v1.py", line 1477, in display_frame
    raise RuntimeError(
        "FrameDisplayWidget has no supported frame display method"
    )
RuntimeError: FrameDisplayWidget has no supported frame display method
2026-10-07 16:35:31,187 - ultrasound - ERROR - Error displaying video frame: FrameDisplayWidget has no supported frame display method
Traceback (most recent call last):
  File "C:\Users\Laptopi-Homs\Pictures\echogpt\echogpt\main_window_v1.py", line 1477, in display_frame
    raise RuntimeError(
        "FrameDisplayWidget has no supported frame display method"
    )
RuntimeError: FrameDisplayWidget has no supported frame display method
2026-10-07 16:35:31,234 - ultrasound - ERROR - Error displaying video frame: FrameDisplayWidget has no supported frame display method
Traceback (most recent call last):
  File "C:\Users\Laptopi-Homs\Pictures\echogpt\echogpt\main_window_v1.py", line 1477, in display_frame
    raise RuntimeError(
        "FrameDisplayWidget has no supported frame display method"
    )
RuntimeError: FrameDisplayWidget has no supported frame display method
2026-10-07 16:35:31,280 - ultrasound - ERROR - Error displaying video frame: FrameDisplayWidget has no supported frame display method
Traceback (most recent call last):
  File "C:\Users\Laptopi-Homs\Pictures\echogpt\echogpt\main_window_v1.py", line 1477, in display_frame
    raise RuntimeError(
        "FrameDisplayWidget has no supported frame display method"
    )
RuntimeError: FrameDisplayWidget has no supported frame display method
2026-10-07 16:35:31,327 - ultrasound - ERROR - Error displaying video frame: FrameDisplayWidget has no supported frame display method
Traceback (most recent call last):
  File "C:\Users\Laptopi-Homs\Pictures\echogpt\echogpt\main_window_v1.py", line 1477, in display_frame
    raise RuntimeError(
        "FrameDisplayWidget has no supported frame display method"
    )
RuntimeError: FrameDisplayWidget has no supported frame display method
2026-10-07 16:35:31,361 - ultrasound - ERROR - Error displaying video frame: FrameDisplayWidget has no supported frame display method
Traceback (most recent call last):
  File "C:\Users\Laptopi-Homs\Pictures\echogpt\echogpt\main_window_v1.py", line 1477, in display_frame
    raise RuntimeError(
        "FrameDisplayWidget has no supported frame display method"
    )
RuntimeError: FrameDisplayWidget has no supported frame display method
2026-10-07 16:35:31,408 - ultrasound - ERROR - Error displaying video frame: FrameDisplayWidget has no supported frame display method
Traceback (most recent call last):
  File "C:\Users\Laptopi-Homs\Pictures\echogpt\echogpt\main_window_v1.py", line 1477, in display_frame
    raise RuntimeError(
        "FrameDisplayWidget has no supported frame display method"
    )
RuntimeError: FrameDisplayWidget has no supported frame display method
2026-10-07 16:35:31,455 - ultrasound - ERROR - Error displaying video frame: FrameDisplayWidget has no supported frame display method
Traceback (most recent call last):
  File "C:\Users\Laptopi-Homs\Pictures\echogpt\echogpt\main_window_v1.py", line 1477, in display_frame
    raise RuntimeError(
        "FrameDisplayWidget has no supported frame display method"
    )
RuntimeError: FrameDisplayWidget has no supported frame display method
2026-10-07 16:35:31,502 - ultrasound - ERROR - Error displaying video frame: FrameDisplayWidget has no supported frame display method
Traceback (most recent call last):
  File "C:\Users\Laptopi-Homs\Pictures\echogpt\echogpt\main_window_v1.py", line 1477, in display_frame
    raise RuntimeError(
        "FrameDisplayWidget has no supported frame display method"
    )
RuntimeError: FrameDisplayWidget has no supported frame display method
2026-10-07 16:35:31,549 - ultrasound - ERROR - Error displaying video frame: FrameDisplayWidget has no supported frame display method
Traceback (most recent call last):
  File "C:\Users\Laptopi-Homs\Pictures\echogpt\echogpt\main_window_v1.py", line 1477, in display_frame
    raise RuntimeError(
        "FrameDisplayWidget has no supported frame display method"
    )
RuntimeError: FrameDisplayWidget has no supported frame display method
2026-10-07 16:35:31,599 - ultrasound - ERROR - Error displaying video frame: FrameDisplayWidget has no supported frame display method
Traceback (most recent call last):
  File "C:\Users\Laptopi-Homs\Pictures\echogpt\echogpt\main_window_v1.py", line 1477, in display_frame
    raise RuntimeError(
        "FrameDisplayWidget has no supported frame display method"
    )
RuntimeError: FrameDisplayWidget has no supported frame display method
2026-10-07 16:35:31,643 - ultrasound - ERROR - Error displaying video frame: FrameDisplayWidget has no supported frame display method
Traceback (most recent call last):
  File "C:\Users\Laptopi-Homs\Pictures\echogpt\echogpt\main_window_v1.py", line 1477, in display_frame
    raise RuntimeError(
        "FrameDisplayWidget has no supported frame display method"
    )
RuntimeError: FrameDisplayWidget has no supported frame display method
2026-10-07 16:35:31,691 - ultrasound - ERROR - Error displaying video frame: FrameDisplayWidget has no supported frame display method
Traceback (most recent call last):
  File "C:\Users\Laptopi-Homs\Pictures\echogpt\echogpt\main_window_v1.py", line 1477, in display_frame
    raise RuntimeError(
        "FrameDisplayWidget has no supported frame display method"
    )
RuntimeError: FrameDisplayWidget has no supported frame display method
2026-10-07 16:35:31,737 - ultrasound - ERROR - Error displaying video frame: FrameDisplayWidget has no supported frame display method
Traceback (most recent call last):
  File "C:\Users\Laptopi-Homs\Pictures\echogpt\echogpt\main_window_v1.py", line 1477, in display_frame
    raise RuntimeError(
        "FrameDisplayWidget has no supported frame display method"
    )
RuntimeError: FrameDisplayWidget has no supported frame display method
2026-10-07 16:35:31,784 - ultrasound - ERROR - Error displaying video frame: FrameDisplayWidget has no supported frame display method
Traceback (most recent call last):
  File "C:\Users\Laptopi-Homs\Pictures\echogpt\echogpt\main_window_v1.py", line 1477, in display_frame
    raise RuntimeError(
        "FrameDisplayWidget has no supported frame display method"
    )
RuntimeError: FrameDisplayWidget has no supported frame display method
2026-10-07 16:35:31,831 - ultrasound - ERROR - Error displaying video frame: FrameDisplayWidget has no supported frame display method
Traceback (most recent call last):
  File "C:\Users\Laptopi-Homs\Pictures\echogpt\echogpt\main_window_v1.py", line 1477, in display_frame
    raise RuntimeError(
        "FrameDisplayWidget has no supported frame display method"
    )
RuntimeError: FrameDisplayWidget has no supported frame display method
2026-10-07 16:35:31,878 - ultrasound - ERROR - Error displaying video frame: FrameDisplayWidget has no supported frame display method
Traceback (most recent call last):
  File "C:\Users\Laptopi-Homs\Pictures\echogpt\echogpt\main_window_v1.py", line 1477, in display_frame
    raise RuntimeError(
        "FrameDisplayWidget has no supported frame display method"
    )
RuntimeError: FrameDisplayWidget has no supported frame display method
2026-10-07 16:35:31,925 - ultrasound - ERROR - Error displaying video frame: FrameDisplayWidget has no supported frame display method
Traceback (most recent call last):
  File "C:\Users\Laptopi-Homs\Pictures\echogpt\echogpt\main_window_v1.py", line 1477, in display_frame
    raise RuntimeError(
        "FrameDisplayWidget has no supported frame display method"
    )
RuntimeError: FrameDisplayWidget has no supported frame display method
2026-10-07 16:35:31,971 - ultrasound - ERROR - Error displaying video frame: FrameDisplayWidget has no supported frame display method
Traceback (most recent call last):
  File "C:\Users\Laptopi-Homs\Pictures\echogpt\echogpt\main_window_v1.py", line 1477, in display_frame
    raise RuntimeError(
        "FrameDisplayWidget has no supported frame display method"
    )
RuntimeError: FrameDisplayWidget has no supported frame display method
2026-10-07 16:35:32,018 - ultrasound - ERROR - Error displaying video frame: FrameDisplayWidget has no supported frame display method
Traceback (most recent call last):
  File "C:\Users\Laptopi-Homs\Pictures\echogpt\echogpt\main_window_v1.py", line 1477, in display_frame
    raise RuntimeError(
        "FrameDisplayWidget has no supported frame display method"
    )
RuntimeError: FrameDisplayWidget has no supported frame display method
2026-10-07 16:35:32,065 - ultrasound - ERROR - Error displaying video frame: FrameDisplayWidget has no supported frame display method
Traceback (most recent call last):
  File "C:\Users\Laptopi-Homs\Pictures\echogpt\echogpt\main_window_v1.py", line 1477, in display_frame
    raise RuntimeError(
        "FrameDisplayWidget has no supported frame display method"
    )
RuntimeError: FrameDisplayWidget has no supported frame display method
2026-10-07 16:35:32,112 - ultrasound - ERROR - Error displaying video frame: FrameDisplayWidget has no supported frame display method
Traceback (most recent call last):
  File "C:\Users\Laptopi-Homs\Pictures\echogpt\echogpt\main_window_v1.py", line 1477, in display_frame
    raise RuntimeError(
        "FrameDisplayWidget has no supported frame display method"
    )
RuntimeError: FrameDisplayWidget has no supported frame display method
2026-10-07 16:35:32,159 - ultrasound - ERROR - Error displaying video frame: FrameDisplayWidget has no supported frame display method
Traceback (most recent call last):
  File "C:\Users\Laptopi-Homs\Pictures\echogpt\echogpt\main_window_v1.py", line 1477, in display_frame
    raise RuntimeError(
        "FrameDisplayWidget has no supported frame display method"
    )
RuntimeError: FrameDisplayWidget has no supported frame display method
2026-10-07 16:35:32,206 - ultrasound - ERROR - Error displaying video frame: FrameDisplayWidget has no supported frame display method
Traceback (most recent call last):
  File "C:\Users\Laptopi-Homs\Pictures\echogpt\echogpt\main_window_v1.py", line 1477, in display_frame
    raise RuntimeError(
        "FrameDisplayWidget has no supported frame display method"
    )
RuntimeError: FrameDisplayWidget has no supported frame display method
2026-10-07 16:35:32,252 - ultrasound - ERROR - Error displaying video frame: FrameDisplayWidget has no supported frame display method
Traceback (most recent call last):
  File "C:\Users\Laptopi-Homs\Pictures\echogpt\echogpt\main_window_v1.py", line 1477, in display_frame
    raise RuntimeError(
        "FrameDisplayWidget has no supported frame display method"
    )
RuntimeError: FrameDisplayWidget has no supported frame display method
2026-10-07 16:35:32,299 - ultrasound - ERROR - Error displaying video frame: FrameDisplayWidget has no supported frame display method
Traceback (most recent call last):
  File "C:\Users\Laptopi-Homs\Pictures\echogpt\echogpt\main_window_v1.py", line 1477, in display_frame
    raise RuntimeError(
        "FrameDisplayWidget has no supported frame display method"
    )
RuntimeError: FrameDisplayWidget has no supported frame display method
2026-10-07 16:35:32,346 - ultrasound - ERROR - Error displaying video frame: FrameDisplayWidget has no supported frame display method
Traceback (most recent call last):
  File "C:\Users\Laptopi-Homs\Pictures\echogpt\echogpt\main_window_v1.py", line 1477, in display_frame
    raise RuntimeError(
        "FrameDisplayWidget has no supported frame display method"
    )
RuntimeError: FrameDisplayWidget has no supported frame display method
2026-10-07 16:35:32,393 - ultrasound - ERROR - Error displaying video frame: FrameDisplayWidget has no supported frame display method
Traceback (most recent call last):
  File "C:\Users\Laptopi-Homs\Pictures\echogpt\echogpt\main_window_v1.py", line 1477, in display_frame
    raise RuntimeError(
        "FrameDisplayWidget has no supported frame display method"
    )
RuntimeError: FrameDisplayWidget has no supported frame display method
2026-10-07 16:35:32,440 - ultrasound - ERROR - Error displaying video frame: FrameDisplayWidget has no supported frame display method
Traceback (most recent call last):
  File "C:\Users\Laptopi-Homs\Pictures\echogpt\echogpt\main_window_v1.py", line 1477, in display_frame
    raise RuntimeError(
        "FrameDisplayWidget has no supported frame display method"
    )
RuntimeError: FrameDisplayWidget has no supported frame display method
2026-10-07 16:35:32,487 - ultrasound - ERROR - Error displaying video frame: FrameDisplayWidget has no supported frame display method
Traceback (most recent call last):
  File "C:\Users\Laptopi-Homs\Pictures\echogpt\echogpt\main_window_v1.py", line 1477, in display_frame
    raise RuntimeError(
        "FrameDisplayWidget has no supported frame display method"
    )
RuntimeError: FrameDisplayWidget has no supported frame display method
2026-10-07 16:35:32,534 - ultrasound - ERROR - Error displaying video frame: FrameDisplayWidget has no supported frame display method
Traceback (most recent call last):
  File "C:\Users\Laptopi-Homs\Pictures\echogpt\echogpt\main_window_v1.py", line 1477, in display_frame
    raise RuntimeError(
        "FrameDisplayWidget has no supported frame display method"
    )
RuntimeError: FrameDisplayWidget has no supported frame display method
2026-10-07 16:35:32,582 - ultrasound - ERROR - Error displaying video frame: FrameDisplayWidget has no supported frame display method
Traceback (most recent call last):
  File "C:\Users\Laptopi-Homs\Pictures\echogpt\echogpt\main_window_v1.py", line 1477, in display_frame
    raise RuntimeError(
        "FrameDisplayWidget has no supported frame display method"
    )
RuntimeError: FrameDisplayWidget has no supported frame display method
2026-10-07 16:35:32,630 - ultrasound - ERROR - Error displaying video frame: FrameDisplayWidget has no supported frame display method
Traceback (most recent call last):
  File "C:\Users\Laptopi-Homs\Pictures\echogpt\echogpt\main_window_v1.py", line 1477, in display_frame
    raise RuntimeError(
        "FrameDisplayWidget has no supported frame display method"
    )
RuntimeError: FrameDisplayWidget has no supported frame display method
2026-10-07 16:35:32,676 - ultrasound - ERROR - Error displaying video frame: FrameDisplayWidget has no supported frame display method
Traceback (most recent call last):
  File "C:\Users\Laptopi-Homs\Pictures\echogpt\echogpt\main_window_v1.py", line 1477, in display_frame
    raise RuntimeError(
        "FrameDisplayWidget has no supported frame display method"
    )
RuntimeError: FrameDisplayWidget has no supported frame display method
2026-10-07 16:35:32,722 - ultrasound - ERROR - Error displaying video frame: FrameDisplayWidget has no supported frame display method
Traceback (most recent call last):
  File "C:\Users\Laptopi-Homs\Pictures\echogpt\echogpt\main_window_v1.py", line 1477, in display_frame
    raise RuntimeError(
        "FrameDisplayWidget has no supported frame display method"
    )
RuntimeError: FrameDisplayWidget has no supported frame display method
2026-10-07 16:35:32,769 - ultrasound - ERROR - Error displaying video frame: FrameDisplayWidget has no supported frame display method
Traceback (most recent call last):
  File "C:\Users\Laptopi-Homs\Pictures\echogpt\echogpt\main_window_v1.py", line 1477, in display_frame
    raise RuntimeError(
        "FrameDisplayWidget has no supported frame display method"
    )
RuntimeError: FrameDisplayWidget has no supported frame display method
2026-10-07 16:35:32,816 - ultrasound - ERROR - Error displaying video frame: FrameDisplayWidget has no supported frame display method
Traceback (most recent call last):
  File "C:\Users\Laptopi-Homs\Pictures\echogpt\echogpt\main_window_v1.py", line 1477, in display_frame
    raise RuntimeError(
        "FrameDisplayWidget has no supported frame display method"
    )
RuntimeError: FrameDisplayWidget has no supported frame display method
2026-10-07 16:35:32,864 - ultrasound - ERROR - Error displaying video frame: FrameDisplayWidget has no supported frame display method
Traceback (most recent call last):
  File "C:\Users\Laptopi-Homs\Pictures\echogpt\echogpt\main_window_v1.py", line 1477, in display_frame
    raise RuntimeError(
        "FrameDisplayWidget has no supported frame display method"
    )
RuntimeError: FrameDisplayWidget has no supported frame display method
2026-10-07 16:35:32,910 - ultrasound - ERROR - Error displaying video frame: FrameDisplayWidget has no supported frame display method
Traceback (most recent call last):
  File "C:\Users\Laptopi-Homs\Pictures\echogpt\echogpt\main_window_v1.py", line 1477, in display_frame
    raise RuntimeError(
        "FrameDisplayWidget has no supported frame display method"
    )
RuntimeError: FrameDisplayWidget has no supported frame display method
2026-10-07 16:35:32,957 - ultrasound - ERROR - Error displaying video frame: FrameDisplayWidget has no supported frame display method
Traceback (most recent call last):
  File "C:\Users\Laptopi-Homs\Pictures\echogpt\echogpt\main_window_v1.py", line 1477, in display_frame
    raise RuntimeError(
        "FrameDisplayWidget has no supported frame display method"
    )
RuntimeError: FrameDisplayWidget has no supported frame display method
2026-10-07 16:35:33,008 - ultrasound - ERROR - Error displaying video frame: FrameDisplayWidget has no supported frame display method
Traceback (most recent call last):
  File "C:\Users\Laptopi-Homs\Pictures\echogpt\echogpt\main_window_v1.py", line 1477, in display_frame
    raise RuntimeError(
        "FrameDisplayWidget has no supported frame display method"
    )
RuntimeError: FrameDisplayWidget has no supported frame display method
2026-10-07 16:35:33,055 - ultrasound - ERROR - Error displaying video frame: FrameDisplayWidget has no supported frame display method
Traceback (most recent call last):
  File "C:\Users\Laptopi-Homs\Pictures\echogpt\echogpt\main_window_v1.py", line 1477, in display_frame
    raise RuntimeError(
        "FrameDisplayWidget has no supported frame display method"
    )
RuntimeError: FrameDisplayWidget has no supported frame display method
2026-10-07 16:35:33,102 - ultrasound - ERROR - Error displaying video frame: FrameDisplayWidget has no supported frame display method
Traceback (most recent call last):
  File "C:\Users\Laptopi-Homs\Pictures\echogpt\echogpt\main_window_v1.py", line 1477, in display_frame
    raise RuntimeError(
        "FrameDisplayWidget has no supported frame display method"
    )
RuntimeError: FrameDisplayWidget has no supported frame display method
2026-10-07 16:35:33,149 - ultrasound - ERROR - Error displaying video frame: FrameDisplayWidget has no supported frame display method
Traceback (most recent call last):
  File "C:\Users\Laptopi-Homs\Pictures\echogpt\echogpt\main_window_v1.py", line 1477, in display_frame
    raise RuntimeError(
        "FrameDisplayWidget has no supported frame display method"
    )
RuntimeError: FrameDisplayWidget has no supported frame display method
2026-10-07 16:35:33,196 - ultrasound - ERROR - Error displaying video frame: FrameDisplayWidget has no supported frame display method
Traceback (most recent call last):
  File "C:\Users\Laptopi-Homs\Pictures\echogpt\echogpt\main_window_v1.py", line 1477, in display_frame
    raise RuntimeError(
        "FrameDisplayWidget has no supported frame display method"
    )
RuntimeError: FrameDisplayWidget has no supported frame display method
2026-10-07 16:35:33,243 - ultrasound - ERROR - Error displaying video frame: FrameDisplayWidget has no supported frame display method
Traceback (most recent call last):
  File "C:\Users\Laptopi-Homs\Pictures\echogpt\echogpt\main_window_v1.py", line 1477, in display_frame
    raise RuntimeError(
        "FrameDisplayWidget has no supported frame display method"
    )
RuntimeError: FrameDisplayWidget has no supported frame display method
2026-10-07 16:35:33,290 - ultrasound - ERROR - Error displaying video frame: FrameDisplayWidget has no supported frame display method
Traceback (most recent call last):
  File "C:\Users\Laptopi-Homs\Pictures\echogpt\echogpt\main_window_v1.py", line 1477, in display_frame
    raise RuntimeError(
        "FrameDisplayWidget has no supported frame display method"
    )
RuntimeError: FrameDisplayWidget has no supported frame display method
2026-10-07 16:35:33,336 - ultrasound - ERROR - Error displaying video frame: FrameDisplayWidget has no supported frame display method
Traceback (most recent call last):
  File "C:\Users\Laptopi-Homs\Pictures\echogpt\echogpt\main_window_v1.py", line 1477, in display_frame
    raise RuntimeError(
        "FrameDisplayWidget has no supported frame display method"
    )
RuntimeError: FrameDisplayWidget has no supported frame display method
2026-10-07 16:35:33,383 - ultrasound - ERROR - Error displaying video frame: FrameDisplayWidget has no supported frame display method
Traceback (most recent call last):
  File "C:\Users\Laptopi-Homs\Pictures\echogpt\echogpt\main_window_v1.py", line 1477, in display_frame
    raise RuntimeError(
        "FrameDisplayWidget has no supported frame display method"
    )
RuntimeError: FrameDisplayWidget has no supported frame display method
2026-10-07 16:35:33,430 - ultrasound - ERROR - Error displaying video frame: FrameDisplayWidget has no supported frame display method
Traceback (most recent call last):
  File "C:\Users\Laptopi-Homs\Pictures\echogpt\echogpt\main_window_v1.py", line 1477, in display_frame
    raise RuntimeError(
        "FrameDisplayWidget has no supported frame display method"
    )
RuntimeError: FrameDisplayWidget has no supported frame display method
2026-10-07 16:35:33,481 - ultrasound - ERROR - Error displaying video frame: FrameDisplayWidget has no supported frame display method
Traceback (most recent call last):
  File "C:\Users\Laptopi-Homs\Pictures\echogpt\echogpt\main_window_v1.py", line 1477, in display_frame
    raise RuntimeError(
        "FrameDisplayWidget has no supported frame display method"
    )
RuntimeError: FrameDisplayWidget has no supported frame display method
2026-10-07 16:35:33,526 - ultrasound - ERROR - Error displaying video frame: FrameDisplayWidget has no supported frame display method
Traceback (most recent call last):
  File "C:\Users\Laptopi-Homs\Pictures\echogpt\echogpt\main_window_v1.py", line 1477, in display_frame
    raise RuntimeError(
        "FrameDisplayWidget has no supported frame display method"
    )
RuntimeError: FrameDisplayWidget has no supported frame display method
2026-10-07 16:35:33,573 - ultrasound - ERROR - Error displaying video frame: FrameDisplayWidget has no supported frame display method
Traceback (most recent call last):
  File "C:\Users\Laptopi-Homs\Pictures\echogpt\echogpt\main_window_v1.py", line 1477, in display_frame
    raise RuntimeError(
        "FrameDisplayWidget has no supported frame display method"
    )
RuntimeError: FrameDisplayWidget has no supported frame display method
2026-10-07 16:35:33,627 - ultrasound - ERROR - Error displaying video frame: FrameDisplayWidget has no supported frame display method
Traceback (most recent call last):
  File "C:\Users\Laptopi-Homs\Pictures\echogpt\echogpt\main_window_v1.py", line 1477, in display_frame
    raise RuntimeError(
        "FrameDisplayWidget has no supported frame display method"
    )
RuntimeError: FrameDisplayWidget has no supported frame display method
2026-10-07 16:35:33,673 - ultrasound - ERROR - Error displaying video frame: FrameDisplayWidget has no supported frame display method
Traceback (most recent call last):
  File "C:\Users\Laptopi-Homs\Pictures\echogpt\echogpt\main_window_v1.py", line 1477, in display_frame
    raise RuntimeError(
        "FrameDisplayWidget has no supported frame display method"
    )
RuntimeError: FrameDisplayWidget has no supported frame display method
2026-10-07 16:35:33,720 - ultrasound - ERROR - Error displaying video frame: FrameDisplayWidget has no supported frame display method
Traceback (most recent call last):
  File "C:\Users\Laptopi-Homs\Pictures\echogpt\echogpt\main_window_v1.py", line 1477, in display_frame
    raise RuntimeError(
        "FrameDisplayWidget has no supported frame display method"
    )
RuntimeError: FrameDisplayWidget has no supported frame display method
2026-10-07 16:35:33,766 - ultrasound - ERROR - Error displaying video frame: FrameDisplayWidget has no supported frame display method
Traceback (most recent call last):
  File "C:\Users\Laptopi-Homs\Pictures\echogpt\echogpt\main_window_v1.py", line 1477, in display_frame
    raise RuntimeError(
        "FrameDisplayWidget has no supported frame display method"
    )
RuntimeError: FrameDisplayWidget has no supported frame display method
2026-10-07 16:35:33,813 - ultrasound - ERROR - Error displaying video frame: FrameDisplayWidget has no supported frame display method
Traceback (most recent call last):
  File "C:\Users\Laptopi-Homs\Pictures\echogpt\echogpt\main_window_v1.py", line 1477, in display_frame
    raise RuntimeError(
        "FrameDisplayWidget has no supported frame display method"
    )
RuntimeError: FrameDisplayWidget has no supported frame display method
2026-10-07 16:35:33,855 - ultrasound - ERROR - Error displaying video frame: FrameDisplayWidget has no supported frame display method
Traceback (most recent call last):
  File "C:\Users\Laptopi-Homs\Pictures\echogpt\echogpt\main_window_v1.py", line 1477, in display_frame
    raise RuntimeError(
        "FrameDisplayWidget has no supported frame display method"
    )
RuntimeError: FrameDisplayWidget has no supported frame display method
2026-10-07 16:35:33,901 - ultrasound - ERROR - Error displaying video frame: FrameDisplayWidget has no supported frame display method
Traceback (most recent call last):
  File "C:\Users\Laptopi-Homs\Pictures\echogpt\echogpt\main_window_v1.py", line 1477, in display_frame
    raise RuntimeError(
        "FrameDisplayWidget has no supported frame display method"
    )
RuntimeError: FrameDisplayWidget has no supported frame display method
2026-10-07 16:35:33,948 - ultrasound - ERROR - Error displaying video frame: FrameDisplayWidget has no supported frame display method
Traceback (most recent call last):
  File "C:\Users\Laptopi-Homs\Pictures\echogpt\echogpt\main_window_v1.py", line 1477, in display_frame
    raise RuntimeError(
        "FrameDisplayWidget has no supported frame display method"
    )
RuntimeError: FrameDisplayWidget has no supported frame display method
2026-10-07 16:35:33,995 - ultrasound - ERROR - Error displaying video frame: FrameDisplayWidget has no supported frame display method
Traceback (most recent call last):
  File "C:\Users\Laptopi-Homs\Pictures\echogpt\echogpt\main_window_v1.py", line 1477, in display_frame
    raise RuntimeError(
        "FrameDisplayWidget has no supported frame display method"
    )
RuntimeError: FrameDisplayWidget has no supported frame display method
2026-10-07 16:35:34,042 - ultrasound - ERROR - Error displaying video frame: FrameDisplayWidget has no supported frame display method
Traceback (most recent call last):
  File "C:\Users\Laptopi-Homs\Pictures\echogpt\echogpt\main_window_v1.py", line 1477, in display_frame
    raise RuntimeError(
        "FrameDisplayWidget has no supported frame display method"
    )
RuntimeError: FrameDisplayWidget has no supported frame display method
2026-10-07 16:35:34,089 - ultrasound - ERROR - Error displaying video frame: FrameDisplayWidget has no supported frame display method
Traceback (most recent call last):
  File "C:\Users\Laptopi-Homs\Pictures\echogpt\echogpt\main_window_v1.py", line 1477, in display_frame
    raise RuntimeError(
        "FrameDisplayWidget has no supported frame display method"
    )
RuntimeError: FrameDisplayWidget has no supported frame display method
2026-10-07 16:35:34,136 - ultrasound - ERROR - Error displaying video frame: FrameDisplayWidget has no supported frame display method
Traceback (most recent call last):
  File "C:\Users\Laptopi-Homs\Pictures\echogpt\echogpt\main_window_v1.py", line 1477, in display_frame
    raise RuntimeError(
        "FrameDisplayWidget has no supported frame display method"
    )
RuntimeError: FrameDisplayWidget has no supported frame display method
2026-10-07 16:35:34,182 - ultrasound - ERROR - Error displaying video frame: FrameDisplayWidget has no supported frame display method
Traceback (most recent call last):
  File "C:\Users\Laptopi-Homs\Pictures\echogpt\echogpt\main_window_v1.py", line 1477, in display_frame
    raise RuntimeError(
        "FrameDisplayWidget has no supported frame display method"
    )
RuntimeError: FrameDisplayWidget has no supported frame display method
2026-10-07 16:35:34,229 - ultrasound - ERROR - Error displaying video frame: FrameDisplayWidget has no supported frame display method
Traceback (most recent call last):
  File "C:\Users\Laptopi-Homs\Pictures\echogpt\echogpt\main_window_v1.py", line 1477, in display_frame
    raise RuntimeError(
        "FrameDisplayWidget has no supported frame display method"
    )
RuntimeError: FrameDisplayWidget has no supported frame display method
2026-10-07 16:35:34,276 - ultrasound - ERROR - Error displaying video frame: FrameDisplayWidget has no supported frame display method
Traceback (most recent call last):
  File "C:\Users\Laptopi-Homs\Pictures\echogpt\echogpt\main_window_v1.py", line 1477, in display_frame
    raise RuntimeError(
        "FrameDisplayWidget has no supported frame display method"
    )
RuntimeError: FrameDisplayWidget has no supported frame display method
2026-10-07 16:35:34,323 - ultrasound - ERROR - Error displaying video frame: FrameDisplayWidget has no supported frame display method
Traceback (most recent call last):
  File "C:\Users\Laptopi-Homs\Pictures\echogpt\echogpt\main_window_v1.py", line 1477, in display_frame
    raise RuntimeError(
        "FrameDisplayWidget has no supported frame display method"
    )
RuntimeError: FrameDisplayWidget has no supported frame display method
2026-10-07 16:35:34,370 - ultrasound - ERROR - Error displaying video frame: FrameDisplayWidget has no supported frame display method
Traceback (most recent call last):
  File "C:\Users\Laptopi-Homs\Pictures\echogpt\echogpt\main_window_v1.py", line 1477, in display_frame
    raise RuntimeError(
        "FrameDisplayWidget has no supported frame display method"
    )
RuntimeError: FrameDisplayWidget has no supported frame display method
2026-10-07 16:35:34,417 - ultrasound - ERROR - Error displaying video frame: FrameDisplayWidget has no supported frame display method
Traceback (most recent call last):
  File "C:\Users\Laptopi-Homs\Pictures\echogpt\echogpt\main_window_v1.py", line 1477, in display_frame
    raise RuntimeError(
        "FrameDisplayWidget has no supported frame display method"
    )
RuntimeError: FrameDisplayWidget has no supported frame display method
2026-10-07 16:35:34,464 - ultrasound - ERROR - Error displaying video frame: FrameDisplayWidget has no supported frame display method
Traceback (most recent call last):
  File "C:\Users\Laptopi-Homs\Pictures\echogpt\echogpt\main_window_v1.py", line 1477, in display_frame
    raise RuntimeError(
        "FrameDisplayWidget has no supported frame display method"
    )
RuntimeError: FrameDisplayWidget has no supported frame display method
2026-10-07 16:35:34,510 - ultrasound - ERROR - Error displaying video frame: FrameDisplayWidget has no supported frame display method
Traceback (most recent call last):
  File "C:\Users\Laptopi-Homs\Pictures\echogpt\echogpt\main_window_v1.py", line 1477, in display_frame
    raise RuntimeError(
        "FrameDisplayWidget has no supported frame display method"
    )
RuntimeError: FrameDisplayWidget has no supported frame display method
2026-10-07 16:35:34,557 - ultrasound - ERROR - Error displaying video frame: FrameDisplayWidget has no supported frame display method
Traceback (most recent call last):
  File "C:\Users\Laptopi-Homs\Pictures\echogpt\echogpt\main_window_v1.py", line 1477, in display_frame
    raise RuntimeError(
        "FrameDisplayWidget has no supported frame display method"
    )
RuntimeError: FrameDisplayWidget has no supported frame display method
2026-10-07 16:35:34,606 - ultrasound - ERROR - Error displaying video frame: FrameDisplayWidget has no supported frame display method
Traceback (most recent call last):
  File "C:\Users\Laptopi-Homs\Pictures\echogpt\echogpt\main_window_v1.py", line 1477, in display_frame
    raise RuntimeError(
        "FrameDisplayWidget has no supported frame display method"
    )
RuntimeError: FrameDisplayWidget has no supported frame display method
2026-10-07 16:35:34,653 - ultrasound - ERROR - Error displaying video frame: FrameDisplayWidget has no supported frame display method
Traceback (most recent call last):
  File "C:\Users\Laptopi-Homs\Pictures\echogpt\echogpt\main_window_v1.py", line 1477, in display_frame
    raise RuntimeError(
        "FrameDisplayWidget has no supported frame display method"
    )
RuntimeError: FrameDisplayWidget has no supported frame display method
2026-10-07 16:35:34,699 - ultrasound - ERROR - Error displaying video frame: FrameDisplayWidget has no supported frame display method
Traceback (most recent call last):
  File "C:\Users\Laptopi-Homs\Pictures\echogpt\echogpt\main_window_v1.py", line 1477, in display_frame
    raise RuntimeError(
        "FrameDisplayWidget has no supported frame display method"
    )
RuntimeError: FrameDisplayWidget has no supported frame display method
2026-10-07 16:35:34,746 - ultrasound - ERROR - Error displaying video frame: FrameDisplayWidget has no supported frame display method
Traceback (most recent call last):
  File "C:\Users\Laptopi-Homs\Pictures\echogpt\echogpt\main_window_v1.py", line 1477, in display_frame
    raise RuntimeError(
        "FrameDisplayWidget has no supported frame display method"
    )
RuntimeError: FrameDisplayWidget has no supported frame display method
2026-10-07 16:35:34,793 - ultrasound - ERROR - Error displaying video frame: FrameDisplayWidget has no supported frame display method
Traceback (most recent call last):
  File "C:\Users\Laptopi-Homs\Pictures\echogpt\echogpt\main_window_v1.py", line 1477, in display_frame
    raise RuntimeError(
        "FrameDisplayWidget has no supported frame display method"
    )
RuntimeError: FrameDisplayWidget has no supported frame display method
2026-10-07 16:35:34,840 - ultrasound - ERROR - Error displaying video frame: FrameDisplayWidget has no supported frame display method
Traceback (most recent call last):
  File "C:\Users\Laptopi-Homs\Pictures\echogpt\echogpt\main_window_v1.py", line 1477, in display_frame
    raise RuntimeError(
        "FrameDisplayWidget has no supported frame display method"
    )
RuntimeError: FrameDisplayWidget has no supported frame display method
2026-10-07 16:35:34,887 - ultrasound - ERROR - Error displaying video frame: FrameDisplayWidget has no supported frame display method
Traceback (most recent call last):
  File "C:\Users\Laptopi-Homs\Pictures\echogpt\echogpt\main_window_v1.py", line 1477, in display_frame
    raise RuntimeError(
        "FrameDisplayWidget has no supported frame display method"
    )
RuntimeError: FrameDisplayWidget has no supported frame display method
2026-10-07 16:35:34,933 - ultrasound - ERROR - Error displaying video frame: FrameDisplayWidget has no supported frame display method
Traceback (most recent call last):
  File "C:\Users\Laptopi-Homs\Pictures\echogpt\echogpt\main_window_v1.py", line 1477, in display_frame
    raise RuntimeError(
        "FrameDisplayWidget has no supported frame display method"
    )
RuntimeError: FrameDisplayWidget has no supported frame display method
2026-10-07 16:35:34,980 - ultrasound - ERROR - Error displaying video frame: FrameDisplayWidget has no supported frame display method
Traceback (most recent call last):
  File "C:\Users\Laptopi-Homs\Pictures\echogpt\echogpt\main_window_v1.py", line 1477, in display_frame
    raise RuntimeError(
        "FrameDisplayWidget has no supported frame display method"
    )
RuntimeError: FrameDisplayWidget has no supported frame display method
2026-10-07 16:35:35,027 - ultrasound - ERROR - Error displaying video frame: FrameDisplayWidget has no supported frame display method
Traceback (most recent call last):
  File "C:\Users\Laptopi-Homs\Pictures\echogpt\echogpt\main_window_v1.py", line 1477, in display_frame
    raise RuntimeError(
        "FrameDisplayWidget has no supported frame display method"
    )
RuntimeError: FrameDisplayWidget has no supported frame display method
2026-10-07 16:35:35,074 - ultrasound - ERROR - Error displaying video frame: FrameDisplayWidget has no supported frame display method
Traceback (most recent call last):
  File "C:\Users\Laptopi-Homs\Pictures\echogpt\echogpt\main_window_v1.py", line 1477, in display_frame
    raise RuntimeError(
        "FrameDisplayWidget has no supported frame display method"
    )
RuntimeError: FrameDisplayWidget has no supported frame display method
2026-10-07 16:35:35,111 - ultrasound - ERROR - Error displaying video frame: FrameDisplayWidget has no supported frame display method
Traceback (most recent call last):
  File "C:\Users\Laptopi-Homs\Pictures\echogpt\echogpt\main_window_v1.py", line 1477, in display_frame
    raise RuntimeError(
        "FrameDisplayWidget has no supported frame display method"
    )
RuntimeError: FrameDisplayWidget has no supported frame display method
2026-10-07 16:35:35,158 - ultrasound - ERROR - Error displaying video frame: FrameDisplayWidget has no supported frame display method
Traceback (most recent call last):
  File "C:\Users\Laptopi-Homs\Pictures\echogpt\echogpt\main_window_v1.py", line 1477, in display_frame
    raise RuntimeError(
        "FrameDisplayWidget has no supported frame display method"
    )
RuntimeError: FrameDisplayWidget has no supported frame display method
2026-10-07 16:35:35,208 - ultrasound - ERROR - Error displaying video frame: FrameDisplayWidget has no supported frame display method
Traceback (most recent call last):
  File "C:\Users\Laptopi-Homs\Pictures\echogpt\echogpt\main_window_v1.py", line 1477, in display_frame
    raise RuntimeError(
        "FrameDisplayWidget has no supported frame display method"
    )
RuntimeError: FrameDisplayWidget has no supported frame display method
2026-10-07 16:35:35,255 - ultrasound - ERROR - Error displaying video frame: FrameDisplayWidget has no supported frame display method
Traceback (most recent call last):
  File "C:\Users\Laptopi-Homs\Pictures\echogpt\echogpt\main_window_v1.py", line 1477, in display_frame
    raise RuntimeError(
        "FrameDisplayWidget has no supported frame display method"
    )
RuntimeError: FrameDisplayWidget has no supported frame display method
2026-10-07 16:35:35,302 - ultrasound - ERROR - Error displaying video frame: FrameDisplayWidget has no supported frame display method
Traceback (most recent call last):
  File "C:\Users\Laptopi-Homs\Pictures\echogpt\echogpt\main_window_v1.py", line 1477, in display_frame
    raise RuntimeError(
        "FrameDisplayWidget has no supported frame display method"
    )
RuntimeError: FrameDisplayWidget has no supported frame display method
2026-10-07 16:35:35,349 - ultrasound - ERROR - Error displaying video frame: FrameDisplayWidget has no supported frame display method
Traceback (most recent call last):
  File "C:\Users\Laptopi-Homs\Pictures\echogpt\echogpt\main_window_v1.py", line 1477, in display_frame
    raise RuntimeError(
        "FrameDisplayWidget has no supported frame display method"
    )
RuntimeError: FrameDisplayWidget has no supported frame display method
2026-10-07 16:35:35,401 - ultrasound - ERROR - Error displaying video frame: FrameDisplayWidget has no supported frame display method
Traceback (most recent call last):
  File "C:\Users\Laptopi-Homs\Pictures\echogpt\echogpt\main_window_v1.py", line 1477, in display_frame
    raise RuntimeError(
        "FrameDisplayWidget has no supported frame display method"
    )
RuntimeError: FrameDisplayWidget has no supported frame display method
2026-10-07 16:35:35,447 - ultrasound - ERROR - Error displaying video frame: FrameDisplayWidget has no supported frame display method
Traceback (most recent call last):
  File "C:\Users\Laptopi-Homs\Pictures\echogpt\echogpt\main_window_v1.py", line 1477, in display_frame
    raise RuntimeError(
        "FrameDisplayWidget has no supported frame display method"
    )
RuntimeError: FrameDisplayWidget has no supported frame display method
2026-10-07 16:35:35,509 - ultrasound - ERROR - Error displaying video frame: FrameDisplayWidget has no supported frame display method
Traceback (most recent call last):
  File "C:\Users\Laptopi-Homs\Pictures\echogpt\echogpt\main_window_v1.py", line 1477, in display_frame
    raise RuntimeError(
        "FrameDisplayWidget has no supported frame display method"
    )
RuntimeError: FrameDisplayWidget has no supported frame display method
2026-10-07 16:35:35,555 - ultrasound - ERROR - Error displaying video frame: FrameDisplayWidget has no supported frame display method
Traceback (most recent call last):
  File "C:\Users\Laptopi-Homs\Pictures\echogpt\echogpt\main_window_v1.py", line 1477, in display_frame
    raise RuntimeError(
        "FrameDisplayWidget has no supported frame display method"
    )
RuntimeError: FrameDisplayWidget has no supported frame display method
2026-10-07 16:35:35,605 - ultrasound - ERROR - Error displaying video frame: FrameDisplayWidget has no supported frame display method
Traceback (most recent call last):
  File "C:\Users\Laptopi-Homs\Pictures\echogpt\echogpt\main_window_v1.py", line 1477, in display_frame
    raise RuntimeError(
        "FrameDisplayWidget has no supported frame display method"
    )
RuntimeError: FrameDisplayWidget has no supported frame display method
2026-10-07 16:35:35,646 - ultrasound - ERROR - Error displaying video frame: FrameDisplayWidget has no supported frame display method
Traceback (most recent call last):
  File "C:\Users\Laptopi-Homs\Pictures\echogpt\echogpt\main_window_v1.py", line 1477, in display_frame
    raise RuntimeError(
        "FrameDisplayWidget has no supported frame display method"
    )
RuntimeError: FrameDisplayWidget has no supported frame display method
2026-10-07 16:35:35,694 - ultrasound - ERROR - Error displaying video frame: FrameDisplayWidget has no supported frame display method
Traceback (most recent call last):
  File "C:\Users\Laptopi-Homs\Pictures\echogpt\echogpt\main_window_v1.py", line 1477, in display_frame
    raise RuntimeError(
        "FrameDisplayWidget has no supported frame display method"
    )
RuntimeError: FrameDisplayWidget has no supported frame display method
2026-10-07 16:35:35,740 - ultrasound - ERROR - Error displaying video frame: FrameDisplayWidget has no supported frame display method
Traceback (most recent call last):
  File "C:\Users\Laptopi-Homs\Pictures\echogpt\echogpt\main_window_v1.py", line 1477, in display_frame
    raise RuntimeError(
        "FrameDisplayWidget has no supported frame display method"
    )
RuntimeError: FrameDisplayWidget has no supported frame display method
2026-10-07 16:35:35,787 - ultrasound - ERROR - Error displaying video frame: FrameDisplayWidget has no supported frame display method
Traceback (most recent call last):
  File "C:\Users\Laptopi-Homs\Pictures\echogpt\echogpt\main_window_v1.py", line 1477, in display_frame
    raise RuntimeError(
        "FrameDisplayWidget has no supported frame display method"
    )
RuntimeError: FrameDisplayWidget has no supported frame display method
2026-10-07 16:35:35,833 - ultrasound - ERROR - Error displaying video frame: FrameDisplayWidget has no supported frame display method
Traceback (most recent call last):
  File "C:\Users\Laptopi-Homs\Pictures\echogpt\echogpt\main_window_v1.py", line 1477, in display_frame
    raise RuntimeError(
        "FrameDisplayWidget has no supported frame display method"
    )
RuntimeError: FrameDisplayWidget has no supported frame display method
2026-10-07 16:35:35,880 - ultrasound - ERROR - Error displaying video frame: FrameDisplayWidget has no supported frame display method
Traceback (most recent call last):
  File "C:\Users\Laptopi-Homs\Pictures\echogpt\echogpt\main_window_v1.py", line 1477, in display_frame
    raise RuntimeError(
        "FrameDisplayWidget has no supported frame display method"
    )
RuntimeError: FrameDisplayWidget has no supported frame display method
2026-10-07 16:35:35,927 - ultrasound - ERROR - Error displaying video frame: FrameDisplayWidget has no supported frame display method
Traceback (most recent call last):
  File "C:\Users\Laptopi-Homs\Pictures\echogpt\echogpt\main_window_v1.py", line 1477, in display_frame
    raise RuntimeError(
        "FrameDisplayWidget has no supported frame display method"
    )
RuntimeError: FrameDisplayWidget has no supported frame display method
2026-10-07 16:35:35,974 - ultrasound - ERROR - Error displaying video frame: FrameDisplayWidget has no supported frame display method
Traceback (most recent call last):
  File "C:\Users\Laptopi-Homs\Pictures\echogpt\echogpt\main_window_v1.py", line 1477, in display_frame
    raise RuntimeError(
        "FrameDisplayWidget has no supported frame display method"
    )
RuntimeError: FrameDisplayWidget has no supported frame display method
2026-10-07 16:35:36,021 - ultrasound - ERROR - Error displaying video frame: FrameDisplayWidget has no supported frame display method
Traceback (most recent call last):
  File "C:\Users\Laptopi-Homs\Pictures\echogpt\echogpt\main_window_v1.py", line 1477, in display_frame
    raise RuntimeError(
        "FrameDisplayWidget has no supported frame display method"
    )
RuntimeError: FrameDisplayWidget has no supported frame display method
2026-10-07 16:35:36,068 - ultrasound - ERROR - Error displaying video frame: FrameDisplayWidget has no supported frame display method
Traceback (most recent call last):
  File "C:\Users\Laptopi-Homs\Pictures\echogpt\echogpt\main_window_v1.py", line 1477, in display_frame
    raise RuntimeError(
        "FrameDisplayWidget has no supported frame display method"
    )
RuntimeError: FrameDisplayWidget has no supported frame display method
2026-10-07 16:35:36,114 - ultrasound - ERROR - Error displaying video frame: FrameDisplayWidget has no supported frame display method
Traceback (most recent call last):
  File "C:\Users\Laptopi-Homs\Pictures\echogpt\echogpt\main_window_v1.py", line 1477, in display_frame
    raise RuntimeError(
        "FrameDisplayWidget has no supported frame display method"
    )
RuntimeError: FrameDisplayWidget has no supported frame display method
2026-10-07 16:35:36,161 - ultrasound - ERROR - Error displaying video frame: FrameDisplayWidget has no supported frame display method
Traceback (most recent call last):
  File "C:\Users\Laptopi-Homs\Pictures\echogpt\echogpt\main_window_v1.py", line 1477, in display_frame
    raise RuntimeError(
        "FrameDisplayWidget has no supported frame display method"
    )
RuntimeError: FrameDisplayWidget has no supported frame display method
2026-10-07 16:35:36,208 - ultrasound - ERROR - Error displaying video frame: FrameDisplayWidget has no supported frame display method
Traceback (most recent call last):
  File "C:\Users\Laptopi-Homs\Pictures\echogpt\echogpt\main_window_v1.py", line 1477, in display_frame
    raise RuntimeError(
        "FrameDisplayWidget has no supported frame display method"
    )
RuntimeError: FrameDisplayWidget has no supported frame display method
2026-10-07 16:35:36,255 - ultrasound - ERROR - Error displaying video frame: FrameDisplayWidget has no supported frame display method
Traceback (most recent call last):
  File "C:\Users\Laptopi-Homs\Pictures\echogpt\echogpt\main_window_v1.py", line 1477, in display_frame
    raise RuntimeError(
        "FrameDisplayWidget has no supported frame display method"
    )
RuntimeError: FrameDisplayWidget has no supported frame display method
2026-10-07 16:35:36,302 - ultrasound - ERROR - Error displaying video frame: FrameDisplayWidget has no supported frame display method
Traceback (most recent call last):
  File "C:\Users\Laptopi-Homs\Pictures\echogpt\echogpt\main_window_v1.py", line 1477, in display_frame
    raise RuntimeError(
        "FrameDisplayWidget has no supported frame display method"
    )
RuntimeError: FrameDisplayWidget has no supported frame display method
2026-10-07 16:35:36,349 - ultrasound - ERROR - Error displaying video frame: FrameDisplayWidget has no supported frame display method
Traceback (most recent call last):
  File "C:\Users\Laptopi-Homs\Pictures\echogpt\echogpt\main_window_v1.py", line 1477, in display_frame
    raise RuntimeError(
        "FrameDisplayWidget has no supported frame display method"
    )
RuntimeError: FrameDisplayWidget has no supported frame display method
2026-10-07 16:35:36,396 - ultrasound - ERROR - Error displaying video frame: FrameDisplayWidget has no supported frame display method
Traceback (most recent call last):
  File "C:\Users\Laptopi-Homs\Pictures\echogpt\echogpt\main_window_v1.py", line 1477, in display_frame
    raise RuntimeError(
        "FrameDisplayWidget has no supported frame display method"
    )
RuntimeError: FrameDisplayWidget has no supported frame display method
2026-10-07 16:35:36,443 - ultrasound - ERROR - Error displaying video frame: FrameDisplayWidget has no supported frame display method
Traceback (most recent call last):
  File "C:\Users\Laptopi-Homs\Pictures\echogpt\echogpt\main_window_v1.py", line 1477, in display_frame
    raise RuntimeError(
        "FrameDisplayWidget has no supported frame display method"
    )
RuntimeError: FrameDisplayWidget has no supported frame display method
2026-10-07 16:35:36,490 - ultrasound - ERROR - Error displaying video frame: FrameDisplayWidget has no supported frame display method
Traceback (most recent call last):
  File "C:\Users\Laptopi-Homs\Pictures\echogpt\echogpt\main_window_v1.py", line 1477, in display_frame
    raise RuntimeError(
        "FrameDisplayWidget has no supported frame display method"
    )
RuntimeError: FrameDisplayWidget has no supported frame display method
2026-10-07 16:35:36,539 - ultrasound - ERROR - Error displaying video frame: FrameDisplayWidget has no supported frame display method
Traceback (most recent call last):
  File "C:\Users\Laptopi-Homs\Pictures\echogpt\echogpt\main_window_v1.py", line 1477, in display_frame
    raise RuntimeError(
        "FrameDisplayWidget has no supported frame display method"
    )
RuntimeError: FrameDisplayWidget has no supported frame display method
2026-10-07 16:35:36,586 - ultrasound - ERROR - Error displaying video frame: FrameDisplayWidget has no supported frame display method
Traceback (most recent call last):
  File "C:\Users\Laptopi-Homs\Pictures\echogpt\echogpt\main_window_v1.py", line 1477, in display_frame
    raise RuntimeError(
        "FrameDisplayWidget has no supported frame display method"
    )
RuntimeError: FrameDisplayWidget has no supported frame display method
2026-10-07 16:35:36,647 - ultrasound - ERROR - Error displaying video frame: FrameDisplayWidget has no supported frame display method
Traceback (most recent call last):
  File "C:\Users\Laptopi-Homs\Pictures\echogpt\echogpt\main_window_v1.py", line 1477, in display_frame
    raise RuntimeError(
        "FrameDisplayWidget has no supported frame display method"
    )
RuntimeError: FrameDisplayWidget has no supported frame display method
2026-10-07 16:35:36,695 - ultrasound - ERROR - Error displaying video frame: FrameDisplayWidget has no supported frame display method
Traceback (most recent call last):
  File "C:\Users\Laptopi-Homs\Pictures\echogpt\echogpt\main_window_v1.py", line 1477, in display_frame
    raise RuntimeError(
        "FrameDisplayWidget has no supported frame display method"
    )
RuntimeError: FrameDisplayWidget has no supported frame display method
2026-10-07 16:35:36,741 - ultrasound - ERROR - Error displaying video frame: FrameDisplayWidget has no supported frame display method
Traceback (most recent call last):
  File "C:\Users\Laptopi-Homs\Pictures\echogpt\echogpt\main_window_v1.py", line 1477, in display_frame
    raise RuntimeError(
        "FrameDisplayWidget has no supported frame display method"
    )
RuntimeError: FrameDisplayWidget has no supported frame display method
2026-10-07 16:35:36,789 - ultrasound - ERROR - Error displaying video frame: FrameDisplayWidget has no supported frame display method
Traceback (most recent call last):
  File "C:\Users\Laptopi-Homs\Pictures\echogpt\echogpt\main_window_v1.py", line 1477, in display_frame
    raise RuntimeError(
        "FrameDisplayWidget has no supported frame display method"
    )
RuntimeError: FrameDisplayWidget has no supported frame display method
2026-10-07 16:35:41,820 - ultrasound - ERROR - Error displaying video frame: FrameDisplayWidget has no supported frame display method
Traceback (most recent call last):
  File "C:\Users\Laptopi-Homs\Pictures\echogpt\echogpt\main_window_v1.py", line 1477, in display_frame
    raise RuntimeError(
        "FrameDisplayWidget has no supported frame display method"
    )
RuntimeError: FrameDisplayWidget has no supported frame display method
2026-10-07 16:35:41,856 - ultrasound - ERROR - Error displaying video frame: FrameDisplayWidget has no supported frame display method
Traceback (most recent call last):
  File "C:\Users\Laptopi-Homs\Pictures\echogpt\echogpt\main_window_v1.py", line 1477, in display_frame
    raise RuntimeError(
        "FrameDisplayWidget has no supported frame display method"
    )
RuntimeError: FrameDisplayWidget has no supported frame display method
2026-10-07 16:35:41,904 - ultrasound - ERROR - Error displaying video frame: FrameDisplayWidget has no supported frame display method
Traceback (most recent call last):
  File "C:\Users\Laptopi-Homs\Pictures\echogpt\echogpt\main_window_v1.py", line 1477, in display_frame
    raise RuntimeError(
        "FrameDisplayWidget has no supported frame display method"
    )
RuntimeError: FrameDisplayWidget has no supported frame display method
2026-10-07 16:35:41,950 - ultrasound - ERROR - Error displaying video frame: FrameDisplayWidget has no supported frame display method
Traceback (most recent call last):
  File "C:\Users\Laptopi-Homs\Pictures\echogpt\echogpt\main_window_v1.py", line 1477, in display_frame
    raise RuntimeError(
        "FrameDisplayWidget has no supported frame display method"
    )
RuntimeError: FrameDisplayWidget has no supported frame display method
2026-10-07 16:35:41,996 - ultrasound - ERROR - Error displaying video frame: FrameDisplayWidget has no supported frame display method
Traceback (most recent call last):
  File "C:\Users\Laptopi-Homs\Pictures\echogpt\echogpt\main_window_v1.py", line 1477, in display_frame
    raise RuntimeError(
        "FrameDisplayWidget has no supported frame display method"
    )
RuntimeError: FrameDisplayWidget has no supported frame display method
2026-10-07 16:35:42,042 - ultrasound - ERROR - Error displaying video frame: FrameDisplayWidget has no supported frame display method
Traceback (most recent call last):
  File "C:\Users\Laptopi-Homs\Pictures\echogpt\echogpt\main_window_v1.py", line 1477, in display_frame
    raise RuntimeError(
        "FrameDisplayWidget has no supported frame display method"
    )
RuntimeError: FrameDisplayWidget has no supported frame display method
2026-10-07 16:35:42,091 - ultrasound - ERROR - Error displaying video frame: FrameDisplayWidget has no supported frame display method
Traceback (most recent call last):
  File "C:\Users\Laptopi-Homs\Pictures\echogpt\echogpt\main_window_v1.py", line 1477, in display_frame
    raise RuntimeError(
        "FrameDisplayWidget has no supported frame display method"
    )
RuntimeError: FrameDisplayWidget has no supported frame display method
2026-10-07 16:35:42,136 - ultrasound - ERROR - Error displaying video frame: FrameDisplayWidget has no supported frame display method
Traceback (most recent call last):
  File "C:\Users\Laptopi-Homs\Pictures\echogpt\echogpt\main_window_v1.py", line 1477, in display_frame
    raise RuntimeError(
        "FrameDisplayWidget has no supported frame display method"
    )
RuntimeError: FrameDisplayWidget has no supported frame display method
2026-10-07 16:35:42,183 - ultrasound - ERROR - Error displaying video frame: FrameDisplayWidget has no supported frame display method
Traceback (most recent call last):
  File "C:\Users\Laptopi-Homs\Pictures\echogpt\echogpt\main_window_v1.py", line 1477, in display_frame
    raise RuntimeError(
        "FrameDisplayWidget has no supported frame display method"
    )
RuntimeError: FrameDisplayWidget has no supported frame display method
2026-10-07 16:35:42,230 - ultrasound - ERROR - Error displaying video frame: FrameDisplayWidget has no supported frame display method
Traceback (most recent call last):
  File "C:\Users\Laptopi-Homs\Pictures\echogpt\echogpt\main_window_v1.py", line 1477, in display_frame
    raise RuntimeError(
        "FrameDisplayWidget has no supported frame display method"
    )
RuntimeError: FrameDisplayWidget has no supported frame display method
2026-10-07 16:35:42,277 - ultrasound - ERROR - Error displaying video frame: FrameDisplayWidget has no supported frame display method
Traceback (most recent call last):
  File "C:\Users\Laptopi-Homs\Pictures\echogpt\echogpt\main_window_v1.py", line 1477, in display_frame
    raise RuntimeError(
        "FrameDisplayWidget has no supported frame display method"
    )
RuntimeError: FrameDisplayWidget has no supported frame display method
2026-10-07 16:35:42,324 - ultrasound - ERROR - Error displaying video frame: FrameDisplayWidget has no supported frame display method
Traceback (most recent call last):
  File "C:\Users\Laptopi-Homs\Pictures\echogpt\echogpt\main_window_v1.py", line 1477, in display_frame
    raise RuntimeError(
        "FrameDisplayWidget has no supported frame display method"
    )
RuntimeError: FrameDisplayWidget has no supported frame display method
2026-10-07 16:35:42,371 - ultrasound - ERROR - Error displaying video frame: FrameDisplayWidget has no supported frame display method
Traceback (most recent call last):
  File "C:\Users\Laptopi-Homs\Pictures\echogpt\echogpt\main_window_v1.py", line 1477, in display_frame
    raise RuntimeError(
        "FrameDisplayWidget has no supported frame display method"
    )
RuntimeError: FrameDisplayWidget has no supported frame display method
2026-10-07 16:35:42,417 - ultrasound - ERROR - Error displaying video frame: FrameDisplayWidget has no supported frame display method
Traceback (most recent call last):
  File "C:\Users\Laptopi-Homs\Pictures\echogpt\echogpt\main_window_v1.py", line 1477, in display_frame
    raise RuntimeError(
        "FrameDisplayWidget has no supported frame display method"
    )
RuntimeError: FrameDisplayWidget has no supported frame display method
2026-10-07 16:35:42,464 - ultrasound - ERROR - Error displaying video frame: FrameDisplayWidget has no supported frame display method
Traceback (most recent call last):
  File "C:\Users\Laptopi-Homs\Pictures\echogpt\echogpt\main_window_v1.py", line 1477, in display_frame
    raise RuntimeError(
        "FrameDisplayWidget has no supported frame display method"
    )
RuntimeError: FrameDisplayWidget has no supported frame display method
2026-10-07 16:35:42,514 - ultrasound - ERROR - Error displaying video frame: FrameDisplayWidget has no supported frame display method
Traceback (most recent call last):
  File "C:\Users\Laptopi-Homs\Pictures\echogpt\echogpt\main_window_v1.py", line 1477, in display_frame
    raise RuntimeError(
        "FrameDisplayWidget has no supported frame display method"
    )
RuntimeError: FrameDisplayWidget has no supported frame display method
2026-10-07 16:35:42,563 - ultrasound - ERROR - Error displaying video frame: FrameDisplayWidget has no supported frame display method
Traceback (most recent call last):
  File "C:\Users\Laptopi-Homs\Pictures\echogpt\echogpt\main_window_v1.py", line 1477, in display_frame
    raise RuntimeError(
        "FrameDisplayWidget has no supported frame display method"
    )
RuntimeError: FrameDisplayWidget has no supported frame display method
2026-10-07 16:35:42,611 - ultrasound - ERROR - Error displaying video frame: FrameDisplayWidget has no supported frame display method
Traceback (most recent call last):
  File "C:\Users\Laptopi-Homs\Pictures\echogpt\echogpt\main_window_v1.py", line 1477, in display_frame
    raise RuntimeError(
        "FrameDisplayWidget has no supported frame display method"
    )
RuntimeError: FrameDisplayWidget has no supported frame display method
2026-10-07 16:35:42,655 - ultrasound - ERROR - Error displaying video frame: FrameDisplayWidget has no supported frame display method
Traceback (most recent call last):
  File "C:\Users\Laptopi-Homs\Pictures\echogpt\echogpt\main_window_v1.py", line 1477, in display_frame
    raise RuntimeError(
        "FrameDisplayWidget has no supported frame display method"
    )
RuntimeError: FrameDisplayWidget has no supported frame display method
2026-10-07 16:35:42,705 - ultrasound - ERROR - Error displaying video frame: FrameDisplayWidget has no supported frame display method
Traceback (most recent call last):
  File "C:\Users\Laptopi-Homs\Pictures\echogpt\echogpt\main_window_v1.py", line 1477, in display_frame
    raise RuntimeError(
        "FrameDisplayWidget has no supported frame display method"
    )
RuntimeError: FrameDisplayWidget has no supported frame display method
2026-10-07 16:35:42,751 - ultrasound - ERROR - Error displaying video frame: FrameDisplayWidget has no supported frame display method
Traceback (most recent call last):
  File "C:\Users\Laptopi-Homs\Pictures\echogpt\echogpt\main_window_v1.py", line 1477, in display_frame
    raise RuntimeError(
        "FrameDisplayWidget has no supported frame display method"
    )
RuntimeError: FrameDisplayWidget has no supported frame display method
2026-10-07 16:35:42,803 - ultrasound - ERROR - Error displaying video frame: FrameDisplayWidget has no supported frame display method
Traceback (most recent call last):
  File "C:\Users\Laptopi-Homs\Pictures\echogpt\echogpt\main_window_v1.py", line 1477, in display_frame
    raise RuntimeError(
        "FrameDisplayWidget has no supported frame display method"
    )
RuntimeError: FrameDisplayWidget has no supported frame display method
2026-10-07 16:35:42,848 - ultrasound - ERROR - Error displaying video frame: FrameDisplayWidget has no supported frame display method
Traceback (most recent call last):
  File "C:\Users\Laptopi-Homs\Pictures\echogpt\echogpt\main_window_v1.py", line 1477, in display_frame
    raise RuntimeError(
        "FrameDisplayWidget has no supported frame display method"
    )
RuntimeError: FrameDisplayWidget has no supported frame display method
2026-10-07 16:35:42,891 - ultrasound - ERROR - Error displaying video frame: FrameDisplayWidget has no supported frame display method
Traceback (most recent call last):
  File "C:\Users\Laptopi-Homs\Pictures\echogpt\echogpt\main_window_v1.py", line 1477, in display_frame
    raise RuntimeError(
        "FrameDisplayWidget has no supported frame display method"
    )
RuntimeError: FrameDisplayWidget has no supported frame display method
2026-10-07 16:35:42,938 - ultrasound - ERROR - Error displaying video frame: FrameDisplayWidget has no supported frame display method
Traceback (most recent call last):
  File "C:\Users\Laptopi-Homs\Pictures\echogpt\echogpt\main_window_v1.py", line 1477, in display_frame
    raise RuntimeError(
        "FrameDisplayWidget has no supported frame display method"
    )
RuntimeError: FrameDisplayWidget has no supported frame display method
2026-10-07 16:35:42,985 - ultrasound - ERROR - Error displaying video frame: FrameDisplayWidget has no supported frame display method
Traceback (most recent call last):
  File "C:\Users\Laptopi-Homs\Pictures\echogpt\echogpt\main_window_v1.py", line 1477, in display_frame
    raise RuntimeError(
        "FrameDisplayWidget has no supported frame display method"
    )
RuntimeError: FrameDisplayWidget has no supported frame display method
2026-10-07 16:35:43,025 - ultrasound - ERROR - Error displaying video frame: FrameDisplayWidget has no supported frame display method
Traceback (most recent call last):
  File "C:\Users\Laptopi-Homs\Pictures\echogpt\echogpt\main_window_v1.py", line 1477, in display_frame
    raise RuntimeError(
        "FrameDisplayWidget has no supported frame display method"
    )
RuntimeError: FrameDisplayWidget has no supported frame display method
2026-10-07 16:35:43,069 - ultrasound - ERROR - Error displaying video frame: FrameDisplayWidget has no supported frame display method
Traceback (most recent call last):
  File "C:\Users\Laptopi-Homs\Pictures\echogpt\echogpt\main_window_v1.py", line 1477, in display_frame
    raise RuntimeError(
        "FrameDisplayWidget has no supported frame display method"
    )
RuntimeError: FrameDisplayWidget has no supported frame display method
2026-10-07 16:35:43,117 - ultrasound - ERROR - Error displaying video frame: FrameDisplayWidget has no supported frame display method
Traceback (most recent call last):
  File "C:\Users\Laptopi-Homs\Pictures\echogpt\echogpt\main_window_v1.py", line 1477, in display_frame
    raise RuntimeError(
        "FrameDisplayWidget has no supported frame display method"
    )
RuntimeError: FrameDisplayWidget has no supported frame display method
2026-10-07 16:35:43,165 - ultrasound - ERROR - Error displaying video frame: FrameDisplayWidget has no supported frame display method
Traceback (most recent call last):
  File "C:\Users\Laptopi-Homs\Pictures\echogpt\echogpt\main_window_v1.py", line 1477, in display_frame
    raise RuntimeError(
        "FrameDisplayWidget has no supported frame display method"
    )
RuntimeError: FrameDisplayWidget has no supported frame display method
2026-10-07 16:35:43,212 - ultrasound - ERROR - Error displaying video frame: FrameDisplayWidget has no supported frame display method
Traceback (most recent call last):
  File "C:\Users\Laptopi-Homs\Pictures\echogpt\echogpt\main_window_v1.py", line 1477, in display_frame
    raise RuntimeError(
        "FrameDisplayWidget has no supported frame display method"
    )
RuntimeError: FrameDisplayWidget has no supported frame display method
2026-10-07 16:35:43,258 - ultrasound - ERROR - Error displaying video frame: FrameDisplayWidget has no supported frame display method
Traceback (most recent call last):
  File "C:\Users\Laptopi-Homs\Pictures\echogpt\echogpt\main_window_v1.py", line 1477, in display_frame
    raise RuntimeError(
        "FrameDisplayWidget has no supported frame display method"
    )
RuntimeError: FrameDisplayWidget has no supported frame display method
2026-10-07 16:35:43,307 - ultrasound - ERROR - Error displaying video frame: FrameDisplayWidget has no supported frame display method
Traceback (most recent call last):
  File "C:\Users\Laptopi-Homs\Pictures\echogpt\echogpt\main_window_v1.py", line 1477, in display_frame
    raise RuntimeError(
        "FrameDisplayWidget has no supported frame display method"
    )
RuntimeError: FrameDisplayWidget has no supported frame display method
2026-10-07 16:35:43,352 - ultrasound - ERROR - Error displaying video frame: FrameDisplayWidget has no supported frame display method
Traceback (most recent call last):
  File "C:\Users\Laptopi-Homs\Pictures\echogpt\echogpt\main_window_v1.py", line 1477, in display_frame
    raise RuntimeError(
        "FrameDisplayWidget has no supported frame display method"
    )
RuntimeError: FrameDisplayWidget has no supported frame display method
2026-10-07 16:35:43,398 - ultrasound - ERROR - Error displaying video frame: FrameDisplayWidget has no supported frame display method
Traceback (most recent call last):
  File "C:\Users\Laptopi-Homs\Pictures\echogpt\echogpt\main_window_v1.py", line 1477, in display_frame
    raise RuntimeError(
        "FrameDisplayWidget has no supported frame display method"
    )
RuntimeError: FrameDisplayWidget has no supported frame display method
2026-10-07 16:35:43,445 - ultrasound - ERROR - Error displaying video frame: FrameDisplayWidget has no supported frame display method
Traceback (most recent call last):
  File "C:\Users\Laptopi-Homs\Pictures\echogpt\echogpt\main_window_v1.py", line 1477, in display_frame
    raise RuntimeError(
        "FrameDisplayWidget has no supported frame display method"
    )
RuntimeError: FrameDisplayWidget has no supported frame display method
2026-10-07 16:35:43,492 - ultrasound - ERROR - Error displaying video frame: FrameDisplayWidget has no supported frame display method
Traceback (most recent call last):
  File "C:\Users\Laptopi-Homs\Pictures\echogpt\echogpt\main_window_v1.py", line 1477, in display_frame
    raise RuntimeError(
        "FrameDisplayWidget has no supported frame display method"
    )
RuntimeError: FrameDisplayWidget has no supported frame display method
2026-10-07 16:35:43,539 - ultrasound - ERROR - Error displaying video frame: FrameDisplayWidget has no supported frame display method
Traceback (most recent call last):
  File "C:\Users\Laptopi-Homs\Pictures\echogpt\echogpt\main_window_v1.py", line 1477, in display_frame
    raise RuntimeError(
        "FrameDisplayWidget has no supported frame display method"
    )
RuntimeError: FrameDisplayWidget has no supported frame display method
2026-10-07 16:35:43,586 - ultrasound - ERROR - Error displaying video frame: FrameDisplayWidget has no supported frame display method
Traceback (most recent call last):
  File "C:\Users\Laptopi-Homs\Pictures\echogpt\echogpt\main_window_v1.py", line 1477, in display_frame
    raise RuntimeError(
        "FrameDisplayWidget has no supported frame display method"
    )
RuntimeError: FrameDisplayWidget has no supported frame display method
2026-10-07 16:35:43,635 - ultrasound - ERROR - Error displaying video frame: FrameDisplayWidget has no supported frame display method
Traceback (most recent call last):
  File "C:\Users\Laptopi-Homs\Pictures\echogpt\echogpt\main_window_v1.py", line 1477, in display_frame
    raise RuntimeError(
        "FrameDisplayWidget has no supported frame display method"
    )
RuntimeError: FrameDisplayWidget has no supported frame display method
2026-10-07 16:35:43,685 - ultrasound - ERROR - Error displaying video frame: FrameDisplayWidget has no supported frame display method
Traceback (most recent call last):
  File "C:\Users\Laptopi-Homs\Pictures\echogpt\echogpt\main_window_v1.py", line 1477, in display_frame
    raise RuntimeError(
        "FrameDisplayWidget has no supported frame display method"
    )
RuntimeError: FrameDisplayWidget has no supported frame display method
2026-10-07 16:35:43,735 - ultrasound - ERROR - Error displaying video frame: FrameDisplayWidget has no supported frame display method
Traceback (most recent call last):
  File "C:\Users\Laptopi-Homs\Pictures\echogpt\echogpt\main_window_v1.py", line 1477, in display_frame
    raise RuntimeError(
        "FrameDisplayWidget has no supported frame display method"
    )
RuntimeError: FrameDisplayWidget has no supported frame display method
2026-10-07 16:35:43,775 - ultrasound - ERROR - Error displaying video frame: FrameDisplayWidget has no supported frame display method
Traceback (most recent call last):
  File "C:\Users\Laptopi-Homs\Pictures\echogpt\echogpt\main_window_v1.py", line 1477, in display_frame
    raise RuntimeError(
        "FrameDisplayWidget has no supported frame display method"
    )
RuntimeError: FrameDisplayWidget has no supported frame display method
2026-10-07 16:35:43,820 - ultrasound - ERROR - Error displaying video frame: FrameDisplayWidget has no supported frame display method
Traceback (most recent call last):
  File "C:\Users\Laptopi-Homs\Pictures\echogpt\echogpt\main_window_v1.py", line 1477, in display_frame
    raise RuntimeError(
        "FrameDisplayWidget has no supported frame display method"
    )
RuntimeError: FrameDisplayWidget has no supported frame display method
2026-10-07 16:35:43,871 - ultrasound - ERROR - Error displaying video frame: FrameDisplayWidget has no supported frame display method
Traceback (most recent call last):
  File "C:\Users\Laptopi-Homs\Pictures\echogpt\echogpt\main_window_v1.py", line 1477, in display_frame
    raise RuntimeError(
        "FrameDisplayWidget has no supported frame display method"
    )
RuntimeError: FrameDisplayWidget has no supported frame display method
2026-10-07 16:35:43,914 - ultrasound - ERROR - Error displaying video frame: FrameDisplayWidget has no supported frame display method
Traceback (most recent call last):
  File "C:\Users\Laptopi-Homs\Pictures\echogpt\echogpt\main_window_v1.py", line 1477, in display_frame
    raise RuntimeError(
        "FrameDisplayWidget has no supported frame display method"
    )
RuntimeError: FrameDisplayWidget has no supported frame display method
2026-10-07 16:35:43,959 - ultrasound - ERROR - Error displaying video frame: FrameDisplayWidget has no supported frame display method
Traceback (most recent call last):
  File "C:\Users\Laptopi-Homs\Pictures\echogpt\echogpt\main_window_v1.py", line 1477, in display_frame
    raise RuntimeError(
        "FrameDisplayWidget has no supported frame display method"
    )
RuntimeError: FrameDisplayWidget has no supported frame display method
2026-10-07 16:35:44,007 - ultrasound - ERROR - Error displaying video frame: FrameDisplayWidget has no supported frame display method
Traceback (most recent call last):
  File "C:\Users\Laptopi-Homs\Pictures\echogpt\echogpt\main_window_v1.py", line 1477, in display_frame
    raise RuntimeError(
        "FrameDisplayWidget has no supported frame display method"
    )
RuntimeError: FrameDisplayWidget has no supported frame display method
2026-10-07 16:35:44,053 - ultrasound - ERROR - Error displaying video frame: FrameDisplayWidget has no supported frame display method
Traceback (most recent call last):
  File "C:\Users\Laptopi-Homs\Pictures\echogpt\echogpt\main_window_v1.py", line 1477, in display_frame
    raise RuntimeError(
        "FrameDisplayWidget has no supported frame display method"
    )
RuntimeError: FrameDisplayWidget has no supported frame display method
2026-10-07 16:35:44,100 - ultrasound - ERROR - Error displaying video frame: FrameDisplayWidget has no supported frame display method
Traceback (most recent call last):
  File "C:\Users\Laptopi-Homs\Pictures\echogpt\echogpt\main_window_v1.py", line 1477, in display_frame
    raise RuntimeError(
        "FrameDisplayWidget has no supported frame display method"
    )
RuntimeError: FrameDisplayWidget has no supported frame display method
2026-10-07 16:35:44,147 - ultrasound - ERROR - Error displaying video frame: FrameDisplayWidget has no supported frame display method
Traceback (most recent call last):
  File "C:\Users\Laptopi-Homs\Pictures\echogpt\echogpt\main_window_v1.py", line 1477, in display_frame
    raise RuntimeError(
        "FrameDisplayWidget has no supported frame display method"
    )
RuntimeError: FrameDisplayWidget has no supported frame display method
2026-10-07 16:35:44,194 - ultrasound - ERROR - Error displaying video frame: FrameDisplayWidget has no supported frame display method
Traceback (most recent call last):
  File "C:\Users\Laptopi-Homs\Pictures\echogpt\echogpt\main_window_v1.py", line 1477, in display_frame
    raise RuntimeError(
        "FrameDisplayWidget has no supported frame display method"
    )
RuntimeError: FrameDisplayWidget has no supported frame display method
2026-10-07 16:35:44,240 - ultrasound - ERROR - Error displaying video frame: FrameDisplayWidget has no supported frame display method
Traceback (most recent call last):
  File "C:\Users\Laptopi-Homs\Pictures\echogpt\echogpt\main_window_v1.py", line 1477, in display_frame
    raise RuntimeError(
        "FrameDisplayWidget has no supported frame display method"
    )
RuntimeError: FrameDisplayWidget has no supported frame display method
2026-10-07 16:35:44,287 - ultrasound - ERROR - Error displaying video frame: FrameDisplayWidget has no supported frame display method
Traceback (most recent call last):
  File "C:\Users\Laptopi-Homs\Pictures\echogpt\echogpt\main_window_v1.py", line 1477, in display_frame
    raise RuntimeError(
        "FrameDisplayWidget has no supported frame display method"
    )
RuntimeError: FrameDisplayWidget has no supported frame display method
2026-10-07 16:35:44,334 - ultrasound - ERROR - Error displaying video frame: FrameDisplayWidget has no supported frame display method
Traceback (most recent call last):
  File "C:\Users\Laptopi-Homs\Pictures\echogpt\echogpt\main_window_v1.py", line 1477, in display_frame
    raise RuntimeError(
        "FrameDisplayWidget has no supported frame display method"
    )
RuntimeError: FrameDisplayWidget has no supported frame display method
2026-10-07 16:35:44,381 - ultrasound - ERROR - Error displaying video frame: FrameDisplayWidget has no supported frame display method
Traceback (most recent call last):
  File "C:\Users\Laptopi-Homs\Pictures\echogpt\echogpt\main_window_v1.py", line 1477, in display_frame
    raise RuntimeError(
        "FrameDisplayWidget has no supported frame display method"
    )
RuntimeError: FrameDisplayWidget has no supported frame display method
2026-10-07 16:35:44,430 - ultrasound - ERROR - Error displaying video frame: FrameDisplayWidget has no supported frame display method
Traceback (most recent call last):
  File "C:\Users\Laptopi-Homs\Pictures\echogpt\echogpt\main_window_v1.py", line 1477, in display_frame
    raise RuntimeError(
        "FrameDisplayWidget has no supported frame display method"
    )
RuntimeError: FrameDisplayWidget has no supported frame display method
2026-10-07 16:35:44,476 - ultrasound - ERROR - Error displaying video frame: FrameDisplayWidget has no supported frame display method
Traceback (most recent call last):
  File "C:\Users\Laptopi-Homs\Pictures\echogpt\echogpt\main_window_v1.py", line 1477, in display_frame
    raise RuntimeError(
        "FrameDisplayWidget has no supported frame display method"
    )
RuntimeError: FrameDisplayWidget has no supported frame display method
2026-10-07 16:35:44,520 - ultrasound - ERROR - Error displaying video frame: FrameDisplayWidget has no supported frame display method
Traceback (most recent call last):
  File "C:\Users\Laptopi-Homs\Pictures\echogpt\echogpt\main_window_v1.py", line 1477, in display_frame
    raise RuntimeError(
        "FrameDisplayWidget has no supported frame display method"
    )
RuntimeError: FrameDisplayWidget has no supported frame display method
2026-10-07 16:35:44,568 - ultrasound - ERROR - Error displaying video frame: FrameDisplayWidget has no supported frame display method
Traceback (most recent call last):
  File "C:\Users\Laptopi-Homs\Pictures\echogpt\echogpt\main_window_v1.py", line 1477, in display_frame
    raise RuntimeError(
        "FrameDisplayWidget has no supported frame display method"
    )
RuntimeError: FrameDisplayWidget has no supported frame display method
2026-10-07 16:35:44,614 - ultrasound - ERROR - Error displaying video frame: FrameDisplayWidget has no supported frame display method
Traceback (most recent call last):
  File "C:\Users\Laptopi-Homs\Pictures\echogpt\echogpt\main_window_v1.py", line 1477, in display_frame
    raise RuntimeError(
        "FrameDisplayWidget has no supported frame display method"
    )
RuntimeError: FrameDisplayWidget has no supported frame display method
2026-10-07 16:35:44,665 - ultrasound - ERROR - Error displaying video frame: FrameDisplayWidget has no supported frame display method
Traceback (most recent call last):
  File "C:\Users\Laptopi-Homs\Pictures\echogpt\echogpt\main_window_v1.py", line 1477, in display_frame
    raise RuntimeError(
        "FrameDisplayWidget has no supported frame display method"
    )
RuntimeError: FrameDisplayWidget has no supported frame display method
2026-10-07 16:35:44,712 - ultrasound - ERROR - Error displaying video frame: FrameDisplayWidget has no supported frame display method
Traceback (most recent call last):
  File "C:\Users\Laptopi-Homs\Pictures\echogpt\echogpt\main_window_v1.py", line 1477, in display_frame
    raise RuntimeError(
        "FrameDisplayWidget has no supported frame display method"
    )
RuntimeError: FrameDisplayWidget has no supported frame display method
2026-10-07 16:35:44,759 - ultrasound - ERROR - Error displaying video frame: FrameDisplayWidget has no supported frame display method
Traceback (most recent call last):
  File "C:\Users\Laptopi-Homs\Pictures\echogpt\echogpt\main_window_v1.py", line 1477, in display_frame
    raise RuntimeError(
        "FrameDisplayWidget has no supported frame display method"
    )
RuntimeError: FrameDisplayWidget has no supported frame display method
2026-10-07 16:35:44,813 - ultrasound - ERROR - Error displaying video frame: FrameDisplayWidget has no supported frame display method
Traceback (most recent call last):
  File "C:\Users\Laptopi-Homs\Pictures\echogpt\echogpt\main_window_v1.py", line 1477, in display_frame
    raise RuntimeError(
        "FrameDisplayWidget has no supported frame display method"
    )
RuntimeError: FrameDisplayWidget has no supported frame display method
2026-10-07 16:35:44,850 - ultrasound - ERROR - Error displaying video frame: FrameDisplayWidget has no supported frame display method
Traceback (most recent call last):
  File "C:\Users\Laptopi-Homs\Pictures\echogpt\echogpt\main_window_v1.py", line 1477, in display_frame
    raise RuntimeError(
        "FrameDisplayWidget has no supported frame display method"
    )
RuntimeError: FrameDisplayWidget has no supported frame display method
2026-10-07 16:35:44,896 - ultrasound - ERROR - Error displaying video frame: FrameDisplayWidget has no supported frame display method
Traceback (most recent call last):
  File "C:\Users\Laptopi-Homs\Pictures\echogpt\echogpt\main_window_v1.py", line 1477, in display_frame
    raise RuntimeError(
        "FrameDisplayWidget has no supported frame display method"
    )
RuntimeError: FrameDisplayWidget has no supported frame display method
2026-10-07 16:35:44,945 - ultrasound - ERROR - Error displaying video frame: FrameDisplayWidget has no supported frame display method
Traceback (most recent call last):
  File "C:\Users\Laptopi-Homs\Pictures\echogpt\echogpt\main_window_v1.py", line 1477, in display_frame
    raise RuntimeError(
        "FrameDisplayWidget has no supported frame display method"
    )
RuntimeError: FrameDisplayWidget has no supported frame display method
2026-10-07 16:35:44,989 - ultrasound - ERROR - Error displaying video frame: FrameDisplayWidget has no supported frame display method
Traceback (most recent call last):
  File "C:\Users\Laptopi-Homs\Pictures\echogpt\echogpt\main_window_v1.py", line 1477, in display_frame
    raise RuntimeError(
        "FrameDisplayWidget has no supported frame display method"
    )
RuntimeError: FrameDisplayWidget has no supported frame display method
2026-10-07 16:35:45,036 - ultrasound - ERROR - Error displaying video frame: FrameDisplayWidget has no supported frame display method
Traceback (most recent call last):
  File "C:\Users\Laptopi-Homs\Pictures\echogpt\echogpt\main_window_v1.py", line 1477, in display_frame
    raise RuntimeError(
        "FrameDisplayWidget has no supported frame display method"
    )
RuntimeError: FrameDisplayWidget has no supported frame display method
2026-10-07 16:35:45,083 - ultrasound - ERROR - Error displaying video frame: FrameDisplayWidget has no supported frame display method
Traceback (most recent call last):
  File "C:\Users\Laptopi-Homs\Pictures\echogpt\echogpt\main_window_v1.py", line 1477, in display_frame
    raise RuntimeError(
        "FrameDisplayWidget has no supported frame display method"
    )
RuntimeError: FrameDisplayWidget has no supported frame display method
2026-10-07 16:35:45,130 - ultrasound - ERROR - Error displaying video frame: FrameDisplayWidget has no supported frame display method
Traceback (most recent call last):
  File "C:\Users\Laptopi-Homs\Pictures\echogpt\echogpt\main_window_v1.py", line 1477, in display_frame
    raise RuntimeError(
        "FrameDisplayWidget has no supported frame display method"
    )
RuntimeError: FrameDisplayWidget has no supported frame display method
2026-10-07 16:35:45,177 - ultrasound - ERROR - Error displaying video frame: FrameDisplayWidget has no supported frame display method
Traceback (most recent call last):
  File "C:\Users\Laptopi-Homs\Pictures\echogpt\echogpt\main_window_v1.py", line 1477, in display_frame
    raise RuntimeError(
        "FrameDisplayWidget has no supported frame display method"
    )
RuntimeError: FrameDisplayWidget has no supported frame display method
2026-10-07 16:35:45,224 - ultrasound - ERROR - Error displaying video frame: FrameDisplayWidget has no supported frame display method
Traceback (most recent call last):
  File "C:\Users\Laptopi-Homs\Pictures\echogpt\echogpt\main_window_v1.py", line 1477, in display_frame
    raise RuntimeError(
        "FrameDisplayWidget has no supported frame display method"
    )
RuntimeError: FrameDisplayWidget has no supported frame display method
2026-10-07 16:35:45,271 - ultrasound - ERROR - Error displaying video frame: FrameDisplayWidget has no supported frame display method
Traceback (most recent call last):
  File "C:\Users\Laptopi-Homs\Pictures\echogpt\echogpt\main_window_v1.py", line 1477, in display_frame
    raise RuntimeError(
        "FrameDisplayWidget has no supported frame display method"
    )
RuntimeError: FrameDisplayWidget has no supported frame display method
2026-10-07 16:35:45,318 - ultrasound - ERROR - Error displaying video frame: FrameDisplayWidget has no supported frame display method
Traceback (most recent call last):
  File "C:\Users\Laptopi-Homs\Pictures\echogpt\echogpt\main_window_v1.py", line 1477, in display_frame
    raise RuntimeError(
        "FrameDisplayWidget has no supported frame display method"
    )
RuntimeError: FrameDisplayWidget has no supported frame display method
2026-10-07 16:35:45,365 - ultrasound - ERROR - Error displaying video frame: FrameDisplayWidget has no supported frame display method
Traceback (most recent call last):
  File "C:\Users\Laptopi-Homs\Pictures\echogpt\echogpt\main_window_v1.py", line 1477, in display_frame
    raise RuntimeError(
        "FrameDisplayWidget has no supported frame display method"
    )
RuntimeError: FrameDisplayWidget has no supported frame display method
2026-10-07 16:35:45,412 - ultrasound - ERROR - Error displaying video frame: FrameDisplayWidget has no supported frame display method
Traceback (most recent call last):
  File "C:\Users\Laptopi-Homs\Pictures\echogpt\echogpt\main_window_v1.py", line 1477, in display_frame
    raise RuntimeError(
        "FrameDisplayWidget has no supported frame display method"
    )
RuntimeError: FrameDisplayWidget has no supported frame display method
2026-10-07 16:35:45,459 - ultrasound - ERROR - Error displaying video frame: FrameDisplayWidget has no supported frame display method
Traceback (most recent call last):
  File "C:\Users\Laptopi-Homs\Pictures\echogpt\echogpt\main_window_v1.py", line 1477, in display_frame
    raise RuntimeError(
        "FrameDisplayWidget has no supported frame display method"
    )
RuntimeError: FrameDisplayWidget has no supported frame display method
2026-10-07 16:35:45,506 - ultrasound - ERROR - Error displaying video frame: FrameDisplayWidget has no supported frame display method
Traceback (most recent call last):
  File "C:\Users\Laptopi-Homs\Pictures\echogpt\echogpt\main_window_v1.py", line 1477, in display_frame
    raise RuntimeError(
        "FrameDisplayWidget has no supported frame display method"
    )
RuntimeError: FrameDisplayWidget has no supported frame display method
2026-10-07 16:35:45,564 - ultrasound - ERROR - Error displaying video frame: FrameDisplayWidget has no supported frame display method
Traceback (most recent call last):
  File "C:\Users\Laptopi-Homs\Pictures\echogpt\echogpt\main_window_v1.py", line 1477, in display_frame
    raise RuntimeError(
        "FrameDisplayWidget has no supported frame display method"
    )
RuntimeError: FrameDisplayWidget has no supported frame display method
2026-10-07 16:35:45,618 - ultrasound - ERROR - Error displaying video frame: FrameDisplayWidget has no supported frame display method
Traceback (most recent call last):
  File "C:\Users\Laptopi-Homs\Pictures\echogpt\echogpt\main_window_v1.py", line 1477, in display_frame
    raise RuntimeError(
        "FrameDisplayWidget has no supported frame display method"
    )
RuntimeError: FrameDisplayWidget has no supported frame display method
2026-10-07 16:35:45,665 - ultrasound - ERROR - Error displaying video frame: FrameDisplayWidget has no supported frame display method
Traceback (most recent call last):
  File "C:\Users\Laptopi-Homs\Pictures\echogpt\echogpt\main_window_v1.py", line 1477, in display_frame
    raise RuntimeError(
        "FrameDisplayWidget has no supported frame display method"
    )
RuntimeError: FrameDisplayWidget has no supported frame display method
2026-10-07 16:35:45,711 - ultrasound - ERROR - Error displaying video frame: FrameDisplayWidget has no supported frame display method
Traceback (most recent call last):
  File "C:\Users\Laptopi-Homs\Pictures\echogpt\echogpt\main_window_v1.py", line 1477, in display_frame
    raise RuntimeError(
        "FrameDisplayWidget has no supported frame display method"
    )
RuntimeError: FrameDisplayWidget has no supported frame display method
2026-10-07 16:35:45,761 - ultrasound - ERROR - Error displaying video frame: FrameDisplayWidget has no supported frame display method
Traceback (most recent call last):
  File "C:\Users\Laptopi-Homs\Pictures\echogpt\echogpt\main_window_v1.py", line 1477, in display_frame
    raise RuntimeError(
        "FrameDisplayWidget has no supported frame display method"
    )
RuntimeError: FrameDisplayWidget has no supported frame display method
2026-10-07 16:35:45,812 - ultrasound - ERROR - Error displaying video frame: FrameDisplayWidget has no supported frame display method
Traceback (most recent call last):
  File "C:\Users\Laptopi-Homs\Pictures\echogpt\echogpt\main_window_v1.py", line 1477, in display_frame
    raise RuntimeError(
        "FrameDisplayWidget has no supported frame display method"
    )
RuntimeError: FrameDisplayWidget has no supported frame display method
2026-10-07 16:35:45,859 - ultrasound - ERROR - Error displaying video frame: FrameDisplayWidget has no supported frame display method
Traceback (most recent call last):
  File "C:\Users\Laptopi-Homs\Pictures\echogpt\echogpt\main_window_v1.py", line 1477, in display_frame
    raise RuntimeError(
        "FrameDisplayWidget has no supported frame display method"
    )
RuntimeError: FrameDisplayWidget has no supported frame display method
2026-10-07 16:35:45,906 - ultrasound - ERROR - Error displaying video frame: FrameDisplayWidget has no supported frame display method
Traceback (most recent call last):
  File "C:\Users\Laptopi-Homs\Pictures\echogpt\echogpt\main_window_v1.py", line 1477, in display_frame
    raise RuntimeError(
        "FrameDisplayWidget has no supported frame display method"
    )
RuntimeError: FrameDisplayWidget has no supported frame display method
2026-10-07 16:35:45,945 - ultrasound - ERROR - Error displaying video frame: FrameDisplayWidget has no supported frame display method
Traceback (most recent call last):
  File "C:\Users\Laptopi-Homs\Pictures\echogpt\echogpt\main_window_v1.py", line 1477, in display_frame
    raise RuntimeError(
        "FrameDisplayWidget has no supported frame display method"
    )
RuntimeError: FrameDisplayWidget has no supported frame display method
2026-10-07 16:35:45,990 - ultrasound - ERROR - Error displaying video frame: FrameDisplayWidget has no supported frame display method
Traceback (most recent call last):
  File "C:\Users\Laptopi-Homs\Pictures\echogpt\echogpt\main_window_v1.py", line 1477, in display_frame
    raise RuntimeError(
        "FrameDisplayWidget has no supported frame display method"
    )
RuntimeError: FrameDisplayWidget has no supported frame display method
2026-10-07 16:35:46,037 - ultrasound - ERROR - Error displaying video frame: FrameDisplayWidget has no supported frame display method
Traceback (most recent call last):
  File "C:\Users\Laptopi-Homs\Pictures\echogpt\echogpt\main_window_v1.py", line 1477, in display_frame
    raise RuntimeError(
        "FrameDisplayWidget has no supported frame display method"
    )
RuntimeError: FrameDisplayWidget has no supported frame display method
2026-10-07 16:35:46,080 - ultrasound - ERROR - Error displaying video frame: FrameDisplayWidget has no supported frame display method
Traceback (most recent call last):
  File "C:\Users\Laptopi-Homs\Pictures\echogpt\echogpt\main_window_v1.py", line 1477, in display_frame
    raise RuntimeError(
        "FrameDisplayWidget has no supported frame display method"
    )
RuntimeError: FrameDisplayWidget has no supported frame display method
2026-10-07 16:35:46,139 - ultrasound - ERROR - Error displaying video frame: FrameDisplayWidget has no supported frame display method
Traceback (most recent call last):
  File "C:\Users\Laptopi-Homs\Pictures\echogpt\echogpt\main_window_v1.py", line 1477, in display_frame
    raise RuntimeError(
        "FrameDisplayWidget has no supported frame display method"
    )
RuntimeError: FrameDisplayWidget has no supported frame display method
2026-10-07 16:35:46,186 - ultrasound - ERROR - Error displaying video frame: FrameDisplayWidget has no supported frame display method
Traceback (most recent call last):
  File "C:\Users\Laptopi-Homs\Pictures\echogpt\echogpt\main_window_v1.py", line 1477, in display_frame
    raise RuntimeError(
        "FrameDisplayWidget has no supported frame display method"
    )
RuntimeError: FrameDisplayWidget has no supported frame display method
2026-10-07 16:35:46,237 - ultrasound - ERROR - Error displaying video frame: FrameDisplayWidget has no supported frame display method
Traceback (most recent call last):
  File "C:\Users\Laptopi-Homs\Pictures\echogpt\echogpt\main_window_v1.py", line 1477, in display_frame
    raise RuntimeError(
        "FrameDisplayWidget has no supported frame display method"
    )
RuntimeError: FrameDisplayWidget has no supported frame display method
2026-10-07 16:35:46,273 - ultrasound - ERROR - Error displaying video frame: FrameDisplayWidget has no supported frame display method
Traceback (most recent call last):
  File "C:\Users\Laptopi-Homs\Pictures\echogpt\echogpt\main_window_v1.py", line 1477, in display_frame
    raise RuntimeError(
        "FrameDisplayWidget has no supported frame display method"
    )
RuntimeError: FrameDisplayWidget has no supported frame display method
2026-10-07 16:35:46,320 - ultrasound - ERROR - Error displaying video frame: FrameDisplayWidget has no supported frame display method
Traceback (most recent call last):
  File "C:\Users\Laptopi-Homs\Pictures\echogpt\echogpt\main_window_v1.py", line 1477, in display_frame
    raise RuntimeError(
        "FrameDisplayWidget has no supported frame display method"
    )
RuntimeError: FrameDisplayWidget has no supported frame display method
2026-10-07 16:35:46,366 - ultrasound - ERROR - Error displaying video frame: FrameDisplayWidget has no supported frame display method
Traceback (most recent call last):
  File "C:\Users\Laptopi-Homs\Pictures\echogpt\echogpt\main_window_v1.py", line 1477, in display_frame
    raise RuntimeError(
        "FrameDisplayWidget has no supported frame display method"
    )
RuntimeError: FrameDisplayWidget has no supported frame display method
2026-10-07 16:35:46,418 - ultrasound - ERROR - Error displaying video frame: FrameDisplayWidget has no supported frame display method
Traceback (most recent call last):
  File "C:\Users\Laptopi-Homs\Pictures\echogpt\echogpt\main_window_v1.py", line 1477, in display_frame
    raise RuntimeError(
        "FrameDisplayWidget has no supported frame display method"
    )
RuntimeError: FrameDisplayWidget has no supported frame display method
2026-10-07 16:35:46,465 - ultrasound - ERROR - Error displaying video frame: FrameDisplayWidget has no supported frame display method
Traceback (most recent call last):
  File "C:\Users\Laptopi-Homs\Pictures\echogpt\echogpt\main_window_v1.py", line 1477, in display_frame
    raise RuntimeError(
        "FrameDisplayWidget has no supported frame display method"
    )
RuntimeError: FrameDisplayWidget has no supported frame display method
2026-10-07 16:35:46,512 - ultrasound - ERROR - Error displaying video frame: FrameDisplayWidget has no supported frame display method
Traceback (most recent call last):
  File "C:\Users\Laptopi-Homs\Pictures\echogpt\echogpt\main_window_v1.py", line 1477, in display_frame
    raise RuntimeError(
        "FrameDisplayWidget has no supported frame display method"
    )
RuntimeError: FrameDisplayWidget has no supported frame display method
2026-10-07 16:35:46,559 - ultrasound - ERROR - Error displaying video frame: FrameDisplayWidget has no supported frame display method
Traceback (most recent call last):
  File "C:\Users\Laptopi-Homs\Pictures\echogpt\echogpt\main_window_v1.py", line 1477, in display_frame
    raise RuntimeError(
        "FrameDisplayWidget has no supported frame display method"
    )
RuntimeError: FrameDisplayWidget has no supported frame display method
2026-10-07 16:35:46,610 - ultrasound - ERROR - Error displaying video frame: FrameDisplayWidget has no supported frame display method
Traceback (most recent call last):
  File "C:\Users\Laptopi-Homs\Pictures\echogpt\echogpt\main_window_v1.py", line 1477, in display_frame
    raise RuntimeError(
        "FrameDisplayWidget has no supported frame display method"
    )
RuntimeError: FrameDisplayWidget has no supported frame display method
2026-10-07 16:35:46,654 - ultrasound - ERROR - Error displaying video frame: FrameDisplayWidget has no supported frame display method
Traceback (most recent call last):
  File "C:\Users\Laptopi-Homs\Pictures\echogpt\echogpt\main_window_v1.py", line 1477, in display_frame
    raise RuntimeError(
        "FrameDisplayWidget has no supported frame display method"
    )
RuntimeError: FrameDisplayWidget has no supported frame display method
2026-10-07 16:35:46,700 - ultrasound - ERROR - Error displaying video frame: FrameDisplayWidget has no supported frame display method
Traceback (most recent call last):
  File "C:\Users\Laptopi-Homs\Pictures\echogpt\echogpt\main_window_v1.py", line 1477, in display_frame
    raise RuntimeError(
        "FrameDisplayWidget has no supported frame display method"
    )
RuntimeError: FrameDisplayWidget has no supported frame display method
2026-10-07 16:35:46,748 - ultrasound - ERROR - Error displaying video frame: FrameDisplayWidget has no supported frame display method
Traceback (most recent call last):
  File "C:\Users\Laptopi-Homs\Pictures\echogpt\echogpt\main_window_v1.py", line 1477, in display_frame
    raise RuntimeError(
        "FrameDisplayWidget has no supported frame display method"
    )
RuntimeError: FrameDisplayWidget has no supported frame display method
2026-10-07 16:35:46,795 - ultrasound - ERROR - Error displaying video frame: FrameDisplayWidget has no supported frame display method
Traceback (most recent call last):
  File "C:\Users\Laptopi-Homs\Pictures\echogpt\echogpt\main_window_v1.py", line 1477, in display_frame
    raise RuntimeError(
        "FrameDisplayWidget has no supported frame display method"
    )
RuntimeError: FrameDisplayWidget has no supported frame display method
2026-10-07 16:35:46,839 - ultrasound - ERROR - Error displaying video frame: FrameDisplayWidget has no supported frame display method
Traceback (most recent call last):
  File "C:\Users\Laptopi-Homs\Pictures\echogpt\echogpt\main_window_v1.py", line 1477, in display_frame
    raise RuntimeError(
        "FrameDisplayWidget has no supported frame display method"
    )
RuntimeError: FrameDisplayWidget has no supported frame display method
2026-10-07 16:35:46,886 - ultrasound - ERROR - Error displaying video frame: FrameDisplayWidget has no supported frame display method
Traceback (most recent call last):
  File "C:\Users\Laptopi-Homs\Pictures\echogpt\echogpt\main_window_v1.py", line 1477, in display_frame
    raise RuntimeError(
        "FrameDisplayWidget has no supported frame display method"
    )
RuntimeError: FrameDisplayWidget has no supported frame display method
2026-10-07 16:35:46,936 - ultrasound - ERROR - Error displaying video frame: FrameDisplayWidget has no supported frame display method
Traceback (most recent call last):
  File "C:\Users\Laptopi-Homs\Pictures\echogpt\echogpt\main_window_v1.py", line 1477, in display_frame
    raise RuntimeError(
        "FrameDisplayWidget has no supported frame display method"
    )
RuntimeError: FrameDisplayWidget has no supported frame display method
2026-10-07 16:35:46,978 - ultrasound - ERROR - Error displaying video frame: FrameDisplayWidget has no supported frame display method
Traceback (most recent call last):
  File "C:\Users\Laptopi-Homs\Pictures\echogpt\echogpt\main_window_v1.py", line 1477, in display_frame
    raise RuntimeError(
        "FrameDisplayWidget has no supported frame display method"
    )
RuntimeError: FrameDisplayWidget has no supported frame display method
2026-10-07 16:35:47,026 - ultrasound - ERROR - Error displaying video frame: FrameDisplayWidget has no supported frame display method
Traceback (most recent call last):
  File "C:\Users\Laptopi-Homs\Pictures\echogpt\echogpt\main_window_v1.py", line 1477, in display_frame
    raise RuntimeError(
        "FrameDisplayWidget has no supported frame display method"
    )
RuntimeError: FrameDisplayWidget has no supported frame display method
2026-10-07 16:35:47,071 - ultrasound - ERROR - Error displaying video frame: FrameDisplayWidget has no supported frame display method
Traceback (most recent call last):
  File "C:\Users\Laptopi-Homs\Pictures\echogpt\echogpt\main_window_v1.py", line 1477, in display_frame
    raise RuntimeError(
        "FrameDisplayWidget has no supported frame display method"
    )
RuntimeError: FrameDisplayWidget has no supported frame display method
2026-10-07 16:35:47,118 - ultrasound - ERROR - Error displaying video frame: FrameDisplayWidget has no supported frame display method
Traceback (most recent call last):
  File "C:\Users\Laptopi-Homs\Pictures\echogpt\echogpt\main_window_v1.py", line 1477, in display_frame
    raise RuntimeError(
        "FrameDisplayWidget has no supported frame display method"
    )
RuntimeError: FrameDisplayWidget has no supported frame display method
2026-10-07 16:35:47,166 - ultrasound - ERROR - Error displaying video frame: FrameDisplayWidget has no supported frame display method
Traceback (most recent call last):
  File "C:\Users\Laptopi-Homs\Pictures\echogpt\echogpt\main_window_v1.py", line 1477, in display_frame
    raise RuntimeError(
        "FrameDisplayWidget has no supported frame display method"
    )
RuntimeError: FrameDisplayWidget has no supported frame display method
2026-10-07 16:35:47,213 - ultrasound - ERROR - Error displaying video frame: FrameDisplayWidget has no supported frame display method
Traceback (most recent call last):
  File "C:\Users\Laptopi-Homs\Pictures\echogpt\echogpt\main_window_v1.py", line 1477, in display_frame
    raise RuntimeError(
        "FrameDisplayWidget has no supported frame display method"
    )
RuntimeError: FrameDisplayWidget has no supported frame display method
2026-10-07 16:35:47,263 - ultrasound - ERROR - Error displaying video frame: FrameDisplayWidget has no supported frame display method
Traceback (most recent call last):
  File "C:\Users\Laptopi-Homs\Pictures\echogpt\echogpt\main_window_v1.py", line 1477, in display_frame
    raise RuntimeError(
        "FrameDisplayWidget has no supported frame display method"
    )
RuntimeError: FrameDisplayWidget has no supported frame display method
2026-10-07 16:35:47,316 - ultrasound - ERROR - Error displaying video frame: FrameDisplayWidget has no supported frame display method
Traceback (most recent call last):
  File "C:\Users\Laptopi-Homs\Pictures\echogpt\echogpt\main_window_v1.py", line 1477, in display_frame
    raise RuntimeError(
        "FrameDisplayWidget has no supported frame display method"
    )
RuntimeError: FrameDisplayWidget has no supported frame display method
2026-10-07 16:35:47,353 - ultrasound - ERROR - Error displaying video frame: FrameDisplayWidget has no supported frame display method
Traceback (most recent call last):
  File "C:\Users\Laptopi-Homs\Pictures\echogpt\echogpt\main_window_v1.py", line 1477, in display_frame
    raise RuntimeError(
        "FrameDisplayWidget has no supported frame display method"
    )
RuntimeError: FrameDisplayWidget has no supported frame display method
2026-10-07 16:35:47,399 - ultrasound - ERROR - Error displaying video frame: FrameDisplayWidget has no supported frame display method
Traceback (most recent call last):
  File "C:\Users\Laptopi-Homs\Pictures\echogpt\echogpt\main_window_v1.py", line 1477, in display_frame
    raise RuntimeError(
        "FrameDisplayWidget has no supported frame display method"
    )
RuntimeError: FrameDisplayWidget has no supported frame display method
2026-10-07 16:35:47,447 - ultrasound - ERROR - Error displaying video frame: FrameDisplayWidget has no supported frame display method
Traceback (most recent call last):
  File "C:\Users\Laptopi-Homs\Pictures\echogpt\echogpt\main_window_v1.py", line 1477, in display_frame
    raise RuntimeError(
        "FrameDisplayWidget has no supported frame display method"
    )
RuntimeError: FrameDisplayWidget has no supported frame display method
2026-10-07 16:35:47,501 - ultrasound - ERROR - Error displaying video frame: FrameDisplayWidget has no supported frame display method
Traceback (most recent call last):
  File "C:\Users\Laptopi-Homs\Pictures\echogpt\echogpt\main_window_v1.py", line 1477, in display_frame
    raise RuntimeError(
        "FrameDisplayWidget has no supported frame display method"
    )
RuntimeError: FrameDisplayWidget has no supported frame display method
2026-10-07 16:35:47,547 - ultrasound - ERROR - Error displaying video frame: FrameDisplayWidget has no supported frame display method
Traceback (most recent call last):
  File "C:\Users\Laptopi-Homs\Pictures\echogpt\echogpt\main_window_v1.py", line 1477, in display_frame
    raise RuntimeError(
        "FrameDisplayWidget has no supported frame display method"
    )
RuntimeError: FrameDisplayWidget has no supported frame display method
2026-10-07 16:35:47,582 - ultrasound - ERROR - Error displaying video frame: FrameDisplayWidget has no supported frame display method
Traceback (most recent call last):
  File "C:\Users\Laptopi-Homs\Pictures\echogpt\echogpt\main_window_v1.py", line 1477, in display_frame
    raise RuntimeError(
        "FrameDisplayWidget has no supported frame display method"
    )
RuntimeError: FrameDisplayWidget has no supported frame display method
2026-10-07 16:35:47,628 - ultrasound - ERROR - Error displaying video frame: FrameDisplayWidget has no supported frame display method
Traceback (most recent call last):
  File "C:\Users\Laptopi-Homs\Pictures\echogpt\echogpt\main_window_v1.py", line 1477, in display_frame
    raise RuntimeError(
        "FrameDisplayWidget has no supported frame display method"
    )
RuntimeError: FrameDisplayWidget has no supported frame display method
2026-10-07 16:35:47,676 - ultrasound - ERROR - Error displaying video frame: FrameDisplayWidget has no supported frame display method
Traceback (most recent call last):
  File "C:\Users\Laptopi-Homs\Pictures\echogpt\echogpt\main_window_v1.py", line 1477, in display_frame
    raise RuntimeError(
        "FrameDisplayWidget has no supported frame display method"
    )
RuntimeError: FrameDisplayWidget has no supported frame display method
2026-10-07 16:35:47,726 - ultrasound - ERROR - Error displaying video frame: FrameDisplayWidget has no supported frame display method
Traceback (most recent call last):
  File "C:\Users\Laptopi-Homs\Pictures\echogpt\echogpt\main_window_v1.py", line 1477, in display_frame
    raise RuntimeError(
        "FrameDisplayWidget has no supported frame display method"
    )
RuntimeError: FrameDisplayWidget has no supported frame display method
2026-10-07 16:35:47,776 - ultrasound - ERROR - Error displaying video frame: FrameDisplayWidget has no supported frame display method
Traceback (most recent call last):
  File "C:\Users\Laptopi-Homs\Pictures\echogpt\echogpt\main_window_v1.py", line 1477, in display_frame
    raise RuntimeError(
        "FrameDisplayWidget has no supported frame display method"
    )
RuntimeError: FrameDisplayWidget has no supported frame display method
2026-10-07 16:35:47,815 - ultrasound - ERROR - Error displaying video frame: FrameDisplayWidget has no supported frame display method
Traceback (most recent call last):
  File "C:\Users\Laptopi-Homs\Pictures\echogpt\echogpt\main_window_v1.py", line 1477, in display_frame
    raise RuntimeError(
        "FrameDisplayWidget has no supported frame display method"
    )
RuntimeError: FrameDisplayWidget has no supported frame display method
2026-10-07 16:35:47,863 - ultrasound - ERROR - Error displaying video frame: FrameDisplayWidget has no supported frame display method
Traceback (most recent call last):
  File "C:\Users\Laptopi-Homs\Pictures\echogpt\echogpt\main_window_v1.py", line 1477, in display_frame
    raise RuntimeError(
        "FrameDisplayWidget has no supported frame display method"
    )
RuntimeError: FrameDisplayWidget has no supported frame display method
2026-10-07 16:35:47,910 - ultrasound - ERROR - Error displaying video frame: FrameDisplayWidget has no supported frame display method
Traceback (most recent call last):
  File "C:\Users\Laptopi-Homs\Pictures\echogpt\echogpt\main_window_v1.py", line 1477, in display_frame
    raise RuntimeError(
        "FrameDisplayWidget has no supported frame display method"
    )
RuntimeError: FrameDisplayWidget has no supported frame display method
2026-10-07 16:35:47,955 - ultrasound - ERROR - Error displaying video frame: FrameDisplayWidget has no supported frame display method
Traceback (most recent call last):
  File "C:\Users\Laptopi-Homs\Pictures\echogpt\echogpt\main_window_v1.py", line 1477, in display_frame
    raise RuntimeError(
        "FrameDisplayWidget has no supported frame display method"
    )
RuntimeError: FrameDisplayWidget has no supported frame display method
2026-10-07 16:35:48,002 - ultrasound - ERROR - Error displaying video frame: FrameDisplayWidget has no supported frame display method
Traceback (most recent call last):
  File "C:\Users\Laptopi-Homs\Pictures\echogpt\echogpt\main_window_v1.py", line 1477, in display_frame
    raise RuntimeError(
        "FrameDisplayWidget has no supported frame display method"
    )
RuntimeError: FrameDisplayWidget has no supported frame display method
2026-10-07 16:35:48,050 - ultrasound - ERROR - Error displaying video frame: FrameDisplayWidget has no supported frame display method
Traceback (most recent call last):
  File "C:\Users\Laptopi-Homs\Pictures\echogpt\echogpt\main_window_v1.py", line 1477, in display_frame
    raise RuntimeError(
        "FrameDisplayWidget has no supported frame display method"
    )
RuntimeError: FrameDisplayWidget has no supported frame display method
2026-10-07 16:35:48,096 - ultrasound - ERROR - Error displaying video frame: FrameDisplayWidget has no supported frame display method
Traceback (most recent call last):
  File "C:\Users\Laptopi-Homs\Pictures\echogpt\echogpt\main_window_v1.py", line 1477, in display_frame
    raise RuntimeError(
        "FrameDisplayWidget has no supported frame display method"
    )
RuntimeError: FrameDisplayWidget has no supported frame display method
2026-10-07 16:35:48,143 - ultrasound - ERROR - Error displaying video frame: FrameDisplayWidget has no supported frame display method
Traceback (most recent call last):
  File "C:\Users\Laptopi-Homs\Pictures\echogpt\echogpt\main_window_v1.py", line 1477, in display_frame
    raise RuntimeError(
        "FrameDisplayWidget has no supported frame display method"
    )
RuntimeError: FrameDisplayWidget has no supported frame display method
2026-10-07 16:35:48,192 - ultrasound - ERROR - Error displaying video frame: FrameDisplayWidget has no supported frame display method
Traceback (most recent call last):
  File "C:\Users\Laptopi-Homs\Pictures\echogpt\echogpt\main_window_v1.py", line 1477, in display_frame
    raise RuntimeError(
        "FrameDisplayWidget has no supported frame display method"
    )
RuntimeError: FrameDisplayWidget has no supported frame display method
2026-10-07 16:35:48,236 - ultrasound - ERROR - Error displaying video frame: FrameDisplayWidget has no supported frame display method
Traceback (most recent call last):
  File "C:\Users\Laptopi-Homs\Pictures\echogpt\echogpt\main_window_v1.py", line 1477, in display_frame
    raise RuntimeError(
        "FrameDisplayWidget has no supported frame display method"
    )
RuntimeError: FrameDisplayWidget has no supported frame display method
2026-10-07 16:35:48,283 - ultrasound - ERROR - Error displaying video frame: FrameDisplayWidget has no supported frame display method
Traceback (most recent call last):
  File "C:\Users\Laptopi-Homs\Pictures\echogpt\echogpt\main_window_v1.py", line 1477, in display_frame
    raise RuntimeError(
        "FrameDisplayWidget has no supported frame display method"
    )
RuntimeError: FrameDisplayWidget has no supported frame display method
2026-10-07 16:35:48,330 - ultrasound - ERROR - Error displaying video frame: FrameDisplayWidget has no supported frame display method
Traceback (most recent call last):
  File "C:\Users\Laptopi-Homs\Pictures\echogpt\echogpt\main_window_v1.py", line 1477, in display_frame
    raise RuntimeError(
        "FrameDisplayWidget has no supported frame display method"
    )
RuntimeError: FrameDisplayWidget has no supported frame display method
2026-10-07 16:35:48,377 - ultrasound - ERROR - Error displaying video frame: FrameDisplayWidget has no supported frame display method
Traceback (most recent call last):
  File "C:\Users\Laptopi-Homs\Pictures\echogpt\echogpt\main_window_v1.py", line 1477, in display_frame
    raise RuntimeError(
        "FrameDisplayWidget has no supported frame display method"
    )
RuntimeError: FrameDisplayWidget has no supported frame display method
2026-10-07 16:35:48,425 - ultrasound - ERROR - Error displaying video frame: FrameDisplayWidget has no supported frame display method
Traceback (most recent call last):
  File "C:\Users\Laptopi-Homs\Pictures\echogpt\echogpt\main_window_v1.py", line 1477, in display_frame
    raise RuntimeError(
        "FrameDisplayWidget has no supported frame display method"
    )
RuntimeError: FrameDisplayWidget has no supported frame display method
2026-10-07 16:35:48,472 - ultrasound - ERROR - Error displaying video frame: FrameDisplayWidget has no supported frame display method
Traceback (most recent call last):
  File "C:\Users\Laptopi-Homs\Pictures\echogpt\echogpt\main_window_v1.py", line 1477, in display_frame
    raise RuntimeError(
        "FrameDisplayWidget has no supported frame display method"
    )
RuntimeError: FrameDisplayWidget has no supported frame display method
2026-10-07 16:35:48,517 - ultrasound - ERROR - Error displaying video frame: FrameDisplayWidget has no supported frame display method
Traceback (most recent call last):
  File "C:\Users\Laptopi-Homs\Pictures\echogpt\echogpt\main_window_v1.py", line 1477, in display_frame
    raise RuntimeError(
        "FrameDisplayWidget has no supported frame display method"
    )
RuntimeError: FrameDisplayWidget has no supported frame display method
2026-10-07 16:35:48,566 - ultrasound - ERROR - Error displaying video frame: FrameDisplayWidget has no supported frame display method
Traceback (most recent call last):
  File "C:\Users\Laptopi-Homs\Pictures\echogpt\echogpt\main_window_v1.py", line 1477, in display_frame
    raise RuntimeError(
        "FrameDisplayWidget has no supported frame display method"
    )
RuntimeError: FrameDisplayWidget has no supported frame display method
2026-10-07 16:35:48,612 - ultrasound - ERROR - Error displaying video frame: FrameDisplayWidget has no supported frame display method
Traceback (most recent call last):
  File "C:\Users\Laptopi-Homs\Pictures\echogpt\echogpt\main_window_v1.py", line 1477, in display_frame
    raise RuntimeError(
        "FrameDisplayWidget has no supported frame display method"
    )
RuntimeError: FrameDisplayWidget has no supported frame display method
2026-10-07 16:35:48,658 - ultrasound - ERROR - Error displaying video frame: FrameDisplayWidget has no supported frame display method
Traceback (most recent call last):
  File "C:\Users\Laptopi-Homs\Pictures\echogpt\echogpt\main_window_v1.py", line 1477, in display_frame
    raise RuntimeError(
        "FrameDisplayWidget has no supported frame display method"
    )
RuntimeError: FrameDisplayWidget has no supported frame display method
2026-10-07 16:35:48,706 - ultrasound - ERROR - Error displaying video frame: FrameDisplayWidget has no supported frame display method
Traceback (most recent call last):
  File "C:\Users\Laptopi-Homs\Pictures\echogpt\echogpt\main_window_v1.py", line 1477, in display_frame
    raise RuntimeError(
        "FrameDisplayWidget has no supported frame display method"
    )
RuntimeError: FrameDisplayWidget has no supported frame display method
2026-10-07 16:35:48,752 - ultrasound - ERROR - Error displaying video frame: FrameDisplayWidget has no supported frame display method
Traceback (most recent call last):
  File "C:\Users\Laptopi-Homs\Pictures\echogpt\echogpt\main_window_v1.py", line 1477, in display_frame
    raise RuntimeError(
        "FrameDisplayWidget has no supported frame display method"
    )
RuntimeError: FrameDisplayWidget has no supported frame display method
2026-10-07 16:35:48,800 - ultrasound - ERROR - Error displaying video frame: FrameDisplayWidget has no supported frame display method
Traceback (most recent call last):
  File "C:\Users\Laptopi-Homs\Pictures\echogpt\echogpt\main_window_v1.py", line 1477, in display_frame
    raise RuntimeError(
        "FrameDisplayWidget has no supported frame display method"
    )
RuntimeError: FrameDisplayWidget has no supported frame display method
2026-10-07 16:35:48,847 - ultrasound - ERROR - Error displaying video frame: FrameDisplayWidget has no supported frame display method
Traceback (most recent call last):
  File "C:\Users\Laptopi-Homs\Pictures\echogpt\echogpt\main_window_v1.py", line 1477, in display_frame
    raise RuntimeError(
        "FrameDisplayWidget has no supported frame display method"
    )
RuntimeError: FrameDisplayWidget has no supported frame display method
2026-10-07 16:35:48,894 - ultrasound - ERROR - Error displaying video frame: FrameDisplayWidget has no supported frame display method
Traceback (most recent call last):
  File "C:\Users\Laptopi-Homs\Pictures\echogpt\echogpt\main_window_v1.py", line 1477, in display_frame
    raise RuntimeError(
        "FrameDisplayWidget has no supported frame display method"
    )
RuntimeError: FrameDisplayWidget has no supported frame display method
2026-10-07 16:35:48,941 - ultrasound - ERROR - Error displaying video frame: FrameDisplayWidget has no supported frame display method
Traceback (most recent call last):
  File "C:\Users\Laptopi-Homs\Pictures\echogpt\echogpt\main_window_v1.py", line 1477, in display_frame
    raise RuntimeError(
        "FrameDisplayWidget has no supported frame display method"
    )
RuntimeError: FrameDisplayWidget has no supported frame display method
2026-10-07 16:35:48,988 - ultrasound - ERROR - Error displaying video frame: FrameDisplayWidget has no supported frame display method
Traceback (most recent call last):
  File "C:\Users\Laptopi-Homs\Pictures\echogpt\echogpt\main_window_v1.py", line 1477, in display_frame
    raise RuntimeError(
        "FrameDisplayWidget has no supported frame display method"
    )
RuntimeError: FrameDisplayWidget has no supported frame display method
2026-10-07 16:35:49,035 - ultrasound - ERROR - Error displaying video frame: FrameDisplayWidget has no supported frame display method
Traceback (most recent call last):
  File "C:\Users\Laptopi-Homs\Pictures\echogpt\echogpt\main_window_v1.py", line 1477, in display_frame
    raise RuntimeError(
        "FrameDisplayWidget has no supported frame display method"
    )
RuntimeError: FrameDisplayWidget has no supported frame display method
2026-10-07 16:35:49,082 - ultrasound - ERROR - Error displaying video frame: FrameDisplayWidget has no supported frame display method
Traceback (most recent call last):
  File "C:\Users\Laptopi-Homs\Pictures\echogpt\echogpt\main_window_v1.py", line 1477, in display_frame
    raise RuntimeError(
        "FrameDisplayWidget has no supported frame display method"
    )
RuntimeError: FrameDisplayWidget has no supported frame display method
2026-10-07 16:35:49,128 - ultrasound - ERROR - Error displaying video frame: FrameDisplayWidget has no supported frame display method
Traceback (most recent call last):
  File "C:\Users\Laptopi-Homs\Pictures\echogpt\echogpt\main_window_v1.py", line 1477, in display_frame
    raise RuntimeError(
        "FrameDisplayWidget has no supported frame display method"
    )
RuntimeError: FrameDisplayWidget has no supported frame display method
2026-10-07 16:35:49,175 - ultrasound - ERROR - Error displaying video frame: FrameDisplayWidget has no supported frame display method
Traceback (most recent call last):
  File "C:\Users\Laptopi-Homs\Pictures\echogpt\echogpt\main_window_v1.py", line 1477, in display_frame
    raise RuntimeError(
        "FrameDisplayWidget has no supported frame display method"
    )
RuntimeError: FrameDisplayWidget has no supported frame display method
2026-10-07 16:35:49,223 - ultrasound - ERROR - Error displaying video frame: FrameDisplayWidget has no supported frame display method
Traceback (most recent call last):
  File "C:\Users\Laptopi-Homs\Pictures\echogpt\echogpt\main_window_v1.py", line 1477, in display_frame
    raise RuntimeError(
        "FrameDisplayWidget has no supported frame display method"
    )
RuntimeError: FrameDisplayWidget has no supported frame display method
2026-10-07 16:35:49,269 - ultrasound - ERROR - Error displaying video frame: FrameDisplayWidget has no supported frame display method
Traceback (most recent call last):
  File "C:\Users\Laptopi-Homs\Pictures\echogpt\echogpt\main_window_v1.py", line 1477, in display_frame
    raise RuntimeError(
        "FrameDisplayWidget has no supported frame display method"
    )
RuntimeError: FrameDisplayWidget has no supported frame display method
2026-10-07 16:35:49,316 - ultrasound - ERROR - Error displaying video frame: FrameDisplayWidget has no supported frame display method
Traceback (most recent call last):
  File "C:\Users\Laptopi-Homs\Pictures\echogpt\echogpt\main_window_v1.py", line 1477, in display_frame
    raise RuntimeError(
        "FrameDisplayWidget has no supported frame display method"
    )
RuntimeError: FrameDisplayWidget has no supported frame display method
2026-10-07 16:35:49,362 - ultrasound - ERROR - Error displaying video frame: FrameDisplayWidget has no supported frame display method
Traceback (most recent call last):
  File "C:\Users\Laptopi-Homs\Pictures\echogpt\echogpt\main_window_v1.py", line 1477, in display_frame
    raise RuntimeError(
        "FrameDisplayWidget has no supported frame display method"
    )
RuntimeError: FrameDisplayWidget has no supported frame display method
2026-10-07 16:35:49,411 - ultrasound - ERROR - Error displaying video frame: FrameDisplayWidget has no supported frame display method
Traceback (most recent call last):
  File "C:\Users\Laptopi-Homs\Pictures\echogpt\echogpt\main_window_v1.py", line 1477, in display_frame
    raise RuntimeError(
        "FrameDisplayWidget has no supported frame display method"
    )
RuntimeError: FrameDisplayWidget has no supported frame display method
2026-10-07 16:35:49,458 - ultrasound - ERROR - Error displaying video frame: FrameDisplayWidget has no supported frame display method
Traceback (most recent call last):
  File "C:\Users\Laptopi-Homs\Pictures\echogpt\echogpt\main_window_v1.py", line 1477, in display_frame
    raise RuntimeError(
        "FrameDisplayWidget has no supported frame display method"
    )
RuntimeError: FrameDisplayWidget has no supported frame display method
2026-10-07 16:35:49,505 - ultrasound - ERROR - Error displaying video frame: FrameDisplayWidget has no supported frame display method
Traceback (most recent call last):
  File "C:\Users\Laptopi-Homs\Pictures\echogpt\echogpt\main_window_v1.py", line 1477, in display_frame
    raise RuntimeError(
        "FrameDisplayWidget has no supported frame display method"
    )
RuntimeError: FrameDisplayWidget has no supported frame display method
2026-10-07 16:35:49,552 - ultrasound - ERROR - Error displaying video frame: FrameDisplayWidget has no supported frame display method
Traceback (most recent call last):
  File "C:\Users\Laptopi-Homs\Pictures\echogpt\echogpt\main_window_v1.py", line 1477, in display_frame
    raise RuntimeError(
        "FrameDisplayWidget has no supported frame display method"
    )
RuntimeError: FrameDisplayWidget has no supported frame display method
2026-10-07 16:35:49,599 - ultrasound - ERROR - Error displaying video frame: FrameDisplayWidget has no supported frame display method
Traceback (most recent call last):
  File "C:\Users\Laptopi-Homs\Pictures\echogpt\echogpt\main_window_v1.py", line 1477, in display_frame
    raise RuntimeError(
        "FrameDisplayWidget has no supported frame display method"
    )
RuntimeError: FrameDisplayWidget has no supported frame display method
2026-10-07 16:35:49,645 - ultrasound - ERROR - Error displaying video frame: FrameDisplayWidget has no supported frame display method
Traceback (most recent call last):
  File "C:\Users\Laptopi-Homs\Pictures\echogpt\echogpt\main_window_v1.py", line 1477, in display_frame
    raise RuntimeError(
        "FrameDisplayWidget has no supported frame display method"
    )
RuntimeError: FrameDisplayWidget has no supported frame display method
2026-10-07 16:35:49,692 - ultrasound - ERROR - Error displaying video frame: FrameDisplayWidget has no supported frame display method
Traceback (most recent call last):
  File "C:\Users\Laptopi-Homs\Pictures\echogpt\echogpt\main_window_v1.py", line 1477, in display_frame
    raise RuntimeError(
        "FrameDisplayWidget has no supported frame display method"
    )
RuntimeError: FrameDisplayWidget has no supported frame display method
2026-10-07 16:35:49,741 - ultrasound - ERROR - Error displaying video frame: FrameDisplayWidget has no supported frame display method
Traceback (most recent call last):
  File "C:\Users\Laptopi-Homs\Pictures\echogpt\echogpt\main_window_v1.py", line 1477, in display_frame
    raise RuntimeError(
        "FrameDisplayWidget has no supported frame display method"
    )
RuntimeError: FrameDisplayWidget has no supported frame display method
2026-10-07 16:35:49,790 - ultrasound - ERROR - Error displaying video frame: FrameDisplayWidget has no supported frame display method
Traceback (most recent call last):
  File "C:\Users\Laptopi-Homs\Pictures\echogpt\echogpt\main_window_v1.py", line 1477, in display_frame
    raise RuntimeError(
        "FrameDisplayWidget has no supported frame display method"
    )
RuntimeError: FrameDisplayWidget has no supported frame display method
2026-10-07 16:35:49,835 - ultrasound - ERROR - Error displaying video frame: FrameDisplayWidget has no supported frame display method
Traceback (most recent call last):
  File "C:\Users\Laptopi-Homs\Pictures\echogpt\echogpt\main_window_v1.py", line 1477, in display_frame
    raise RuntimeError(
        "FrameDisplayWidget has no supported frame display method"
    )
RuntimeError: FrameDisplayWidget has no supported frame display method
2026-10-07 16:35:49,883 - ultrasound - ERROR - Error displaying video frame: FrameDisplayWidget has no supported frame display method
Traceback (most recent call last):
  File "C:\Users\Laptopi-Homs\Pictures\echogpt\echogpt\main_window_v1.py", line 1477, in display_frame
    raise RuntimeError(
        "FrameDisplayWidget has no supported frame display method"
    )
RuntimeError: FrameDisplayWidget has no supported frame display method
2026-10-07 16:35:49,928 - ultrasound - ERROR - Error displaying video frame: FrameDisplayWidget has no supported frame display method
Traceback (most recent call last):
  File "C:\Users\Laptopi-Homs\Pictures\echogpt\echogpt\main_window_v1.py", line 1477, in display_frame
    raise RuntimeError(
        "FrameDisplayWidget has no supported frame display method"
    )
RuntimeError: FrameDisplayWidget has no supported frame display method
2026-10-07 16:35:49,977 - ultrasound - ERROR - Error displaying video frame: FrameDisplayWidget has no supported frame display method
Traceback (most recent call last):
  File "C:\Users\Laptopi-Homs\Pictures\echogpt\echogpt\main_window_v1.py", line 1477, in display_frame
    raise RuntimeError(
        "FrameDisplayWidget has no supported frame display method"
    )
RuntimeError: FrameDisplayWidget has no supported frame display method
2026-10-07 16:35:50,024 - ultrasound - ERROR - Error displaying video frame: FrameDisplayWidget has no supported frame display method
Traceback (most recent call last):
  File "C:\Users\Laptopi-Homs\Pictures\echogpt\echogpt\main_window_v1.py", line 1477, in display_frame
    raise RuntimeError(
        "FrameDisplayWidget has no supported frame display method"
    )
RuntimeError: FrameDisplayWidget has no supported frame display method
2026-10-07 16:35:50,070 - ultrasound - ERROR - Error displaying video frame: FrameDisplayWidget has no supported frame display method
Traceback (most recent call last):
  File "C:\Users\Laptopi-Homs\Pictures\echogpt\echogpt\main_window_v1.py", line 1477, in display_frame
    raise RuntimeError(
        "FrameDisplayWidget has no supported frame display method"
    )
RuntimeError: FrameDisplayWidget has no supported frame display method
2026-10-07 16:35:50,117 - ultrasound - ERROR - Error displaying video frame: FrameDisplayWidget has no supported frame display method
Traceback (most recent call last):
  File "C:\Users\Laptopi-Homs\Pictures\echogpt\echogpt\main_window_v1.py", line 1477, in display_frame
    raise RuntimeError(
        "FrameDisplayWidget has no supported frame display method"
    )
RuntimeError: FrameDisplayWidget has no supported frame display method
2026-10-07 16:35:50,163 - ultrasound - ERROR - Error displaying video frame: FrameDisplayWidget has no supported frame display method
Traceback (most recent call last):
  File "C:\Users\Laptopi-Homs\Pictures\echogpt\echogpt\main_window_v1.py", line 1477, in display_frame
    raise RuntimeError(
        "FrameDisplayWidget has no supported frame display method"
    )
RuntimeError: FrameDisplayWidget has no supported frame display method
2026-10-07 16:35:50,210 - ultrasound - ERROR - Error displaying video frame: FrameDisplayWidget has no supported frame display method
Traceback (most recent call last):
  File "C:\Users\Laptopi-Homs\Pictures\echogpt\echogpt\main_window_v1.py", line 1477, in display_frame
    raise RuntimeError(
        "FrameDisplayWidget has no supported frame display method"
    )
RuntimeError: FrameDisplayWidget has no supported frame display method
2026-10-07 16:35:50,257 - ultrasound - ERROR - Error displaying video frame: FrameDisplayWidget has no supported frame display method
Traceback (most recent call last):
  File "C:\Users\Laptopi-Homs\Pictures\echogpt\echogpt\main_window_v1.py", line 1477, in display_frame
    raise RuntimeError(
        "FrameDisplayWidget has no supported frame display method"
    )
RuntimeError: FrameDisplayWidget has no supported frame display method
2026-10-07 16:35:50,304 - ultrasound - ERROR - Error displaying video frame: FrameDisplayWidget has no supported frame display method
Traceback (most recent call last):
  File "C:\Users\Laptopi-Homs\Pictures\echogpt\echogpt\main_window_v1.py", line 1477, in display_frame
    raise RuntimeError(
        "FrameDisplayWidget has no supported frame display method"
    )
RuntimeError: FrameDisplayWidget has no supported frame display method
2026-10-07 16:35:50,351 - ultrasound - ERROR - Error displaying video frame: FrameDisplayWidget has no supported frame display method
Traceback (most recent call last):
  File "C:\Users\Laptopi-Homs\Pictures\echogpt\echogpt\main_window_v1.py", line 1477, in display_frame
    raise RuntimeError(
        "FrameDisplayWidget has no supported frame display method"
    )
RuntimeError: FrameDisplayWidget has no supported frame display method
2026-10-07 16:35:50,398 - ultrasound - ERROR - Error displaying video frame: FrameDisplayWidget has no supported frame display method
Traceback (most recent call last):
  File "C:\Users\Laptopi-Homs\Pictures\echogpt\echogpt\main_window_v1.py", line 1477, in display_frame
    raise RuntimeError(
        "FrameDisplayWidget has no supported frame display method"
    )
RuntimeError: FrameDisplayWidget has no supported frame display method
2026-10-07 16:35:50,446 - ultrasound - ERROR - Error displaying video frame: FrameDisplayWidget has no supported frame display method
Traceback (most recent call last):
  File "C:\Users\Laptopi-Homs\Pictures\echogpt\echogpt\main_window_v1.py", line 1477, in display_frame
    raise RuntimeError(
        "FrameDisplayWidget has no supported frame display method"
    )
RuntimeError: FrameDisplayWidget has no supported frame display method
2026-10-07 16:35:50,491 - ultrasound - ERROR - Error displaying video frame: FrameDisplayWidget has no supported frame display method
Traceback (most recent call last):
  File "C:\Users\Laptopi-Homs\Pictures\echogpt\echogpt\main_window_v1.py", line 1477, in display_frame
    raise RuntimeError(
        "FrameDisplayWidget has no supported frame display method"
    )
RuntimeError: FrameDisplayWidget has no supported frame display method
2026-10-07 16:35:50,539 - ultrasound - ERROR - Error displaying video frame: FrameDisplayWidget has no supported frame display method
Traceback (most recent call last):
  File "C:\Users\Laptopi-Homs\Pictures\echogpt\echogpt\main_window_v1.py", line 1477, in display_frame
    raise RuntimeError(
        "FrameDisplayWidget has no supported frame display method"
    )
RuntimeError: FrameDisplayWidget has no supported frame display method
2026-10-07 16:35:50,586 - ultrasound - ERROR - Error displaying video frame: FrameDisplayWidget has no supported frame display method
Traceback (most recent call last):
  File "C:\Users\Laptopi-Homs\Pictures\echogpt\echogpt\main_window_v1.py", line 1477, in display_frame
    raise RuntimeError(
        "FrameDisplayWidget has no supported frame display method"
    )
RuntimeError: FrameDisplayWidget has no supported frame display method
2026-10-07 16:35:50,631 - ultrasound - ERROR - Error displaying video frame: FrameDisplayWidget has no supported frame display method
Traceback (most recent call last):
  File "C:\Users\Laptopi-Homs\Pictures\echogpt\echogpt\main_window_v1.py", line 1477, in display_frame
    raise RuntimeError(
        "FrameDisplayWidget has no supported frame display method"
    )
RuntimeError: FrameDisplayWidget has no supported frame display method
2026-10-07 16:35:50,678 - ultrasound - ERROR - Error displaying video frame: FrameDisplayWidget has no supported frame display method
Traceback (most recent call last):
  File "C:\Users\Laptopi-Homs\Pictures\echogpt\echogpt\main_window_v1.py", line 1477, in display_frame
    raise RuntimeError(
        "FrameDisplayWidget has no supported frame display method"
    )
RuntimeError: FrameDisplayWidget has no supported frame display method
2026-10-07 16:35:50,726 - ultrasound - ERROR - Error displaying video frame: FrameDisplayWidget has no supported frame display method
Traceback (most recent call last):
  File "C:\Users\Laptopi-Homs\Pictures\echogpt\echogpt\main_window_v1.py", line 1477, in display_frame
    raise RuntimeError(
        "FrameDisplayWidget has no supported frame display method"
    )
RuntimeError: FrameDisplayWidget has no supported frame display method
2026-10-07 16:35:50,775 - ultrasound - ERROR - Error displaying video frame: FrameDisplayWidget has no supported frame display method
Traceback (most recent call last):
  File "C:\Users\Laptopi-Homs\Pictures\echogpt\echogpt\main_window_v1.py", line 1477, in display_frame
    raise RuntimeError(
        "FrameDisplayWidget has no supported frame display method"
    )
RuntimeError: FrameDisplayWidget has no supported frame display method
2026-10-07 16:35:50,825 - ultrasound - ERROR - Error displaying video frame: FrameDisplayWidget has no supported frame display method
Traceback (most recent call last):
  File "C:\Users\Laptopi-Homs\Pictures\echogpt\echogpt\main_window_v1.py", line 1477, in display_frame
    raise RuntimeError(
        "FrameDisplayWidget has no supported frame display method"
    )
RuntimeError: FrameDisplayWidget has no supported frame display method
2026-10-07 16:35:50,875 - ultrasound - ERROR - Error displaying video frame: FrameDisplayWidget has no supported frame display method
Traceback (most recent call last):
  File "C:\Users\Laptopi-Homs\Pictures\echogpt\echogpt\main_window_v1.py", line 1477, in display_frame
    raise RuntimeError(
        "FrameDisplayWidget has no supported frame display method"
    )
RuntimeError: FrameDisplayWidget has no supported frame display method
2026-10-07 16:35:50,922 - ultrasound - ERROR - Error displaying video frame: FrameDisplayWidget has no supported frame display method
Traceback (most recent call last):
  File "C:\Users\Laptopi-Homs\Pictures\echogpt\echogpt\main_window_v1.py", line 1477, in display_frame
    raise RuntimeError(
        "FrameDisplayWidget has no supported frame display method"
    )
RuntimeError: FrameDisplayWidget has no supported frame display method
2026-10-07 16:35:50,966 - ultrasound - ERROR - Error displaying video frame: FrameDisplayWidget has no supported frame display method
Traceback (most recent call last):
  File "C:\Users\Laptopi-Homs\Pictures\echogpt\echogpt\main_window_v1.py", line 1477, in display_frame
    raise RuntimeError(
        "FrameDisplayWidget has no supported frame display method"
    )
RuntimeError: FrameDisplayWidget has no supported frame display method
2026-10-07 16:35:51,014 - ultrasound - ERROR - Error displaying video frame: FrameDisplayWidget has no supported frame display method
Traceback (most recent call last):
  File "C:\Users\Laptopi-Homs\Pictures\echogpt\echogpt\main_window_v1.py", line 1477, in display_frame
    raise RuntimeError(
        "FrameDisplayWidget has no supported frame display method"
    )
RuntimeError: FrameDisplayWidget has no supported frame display method
2026-10-07 16:35:51,060 - ultrasound - ERROR - Error displaying video frame: FrameDisplayWidget has no supported frame display method
Traceback (most recent call last):
  File "C:\Users\Laptopi-Homs\Pictures\echogpt\echogpt\main_window_v1.py", line 1477, in display_frame
    raise RuntimeError(
        "FrameDisplayWidget has no supported frame display method"
    )
RuntimeError: FrameDisplayWidget has no supported frame display method
2026-10-07 16:35:51,108 - ultrasound - ERROR - Error displaying video frame: FrameDisplayWidget has no supported frame display method
Traceback (most recent call last):
  File "C:\Users\Laptopi-Homs\Pictures\echogpt\echogpt\main_window_v1.py", line 1477, in display_frame
    raise RuntimeError(
        "FrameDisplayWidget has no supported frame display method"
    )
RuntimeError: FrameDisplayWidget has no supported frame display method
2026-10-07 16:35:51,154 - ultrasound - ERROR - Error displaying video frame: FrameDisplayWidget has no supported frame display method
Traceback (most recent call last):
  File "C:\Users\Laptopi-Homs\Pictures\echogpt\echogpt\main_window_v1.py", line 1477, in display_frame
    raise RuntimeError(
        "FrameDisplayWidget has no supported frame display method"
    )
RuntimeError: FrameDisplayWidget has no supported frame display method
2026-10-07 16:35:51,200 - ultrasound - ERROR - Error displaying video frame: FrameDisplayWidget has no supported frame display method
Traceback (most recent call last):
  File "C:\Users\Laptopi-Homs\Pictures\echogpt\echogpt\main_window_v1.py", line 1477, in display_frame
    raise RuntimeError(
        "FrameDisplayWidget has no supported frame display method"
    )
RuntimeError: FrameDisplayWidget has no supported frame display method
2026-10-07 16:35:51,248 - ultrasound - ERROR - Error displaying video frame: FrameDisplayWidget has no supported frame display method
Traceback (most recent call last):
  File "C:\Users\Laptopi-Homs\Pictures\echogpt\echogpt\main_window_v1.py", line 1477, in display_frame
    raise RuntimeError(
        "FrameDisplayWidget has no supported frame display method"
    )
RuntimeError: FrameDisplayWidget has no supported frame display method
2026-10-07 16:35:51,294 - ultrasound - ERROR - Error displaying video frame: FrameDisplayWidget has no supported frame display method
Traceback (most recent call last):
  File "C:\Users\Laptopi-Homs\Pictures\echogpt\echogpt\main_window_v1.py", line 1477, in display_frame
    raise RuntimeError(
        "FrameDisplayWidget has no supported frame display method"
    )
RuntimeError: FrameDisplayWidget has no supported frame display method
2026-10-07 16:35:51,343 - ultrasound - ERROR - Error displaying video frame: FrameDisplayWidget has no supported frame display method
Traceback (most recent call last):
  File "C:\Users\Laptopi-Homs\Pictures\echogpt\echogpt\main_window_v1.py", line 1477, in display_frame
    raise RuntimeError(
        "FrameDisplayWidget has no supported frame display method"
    )
RuntimeError: FrameDisplayWidget has no supported frame display method
2026-10-07 16:35:51,522 - ultrasound - ERROR - Error displaying video frame: FrameDisplayWidget has no supported frame display method
Traceback (most recent call last):
  File "C:\Users\Laptopi-Homs\Pictures\echogpt\echogpt\main_window_v1.py", line 1477, in display_frame
    raise RuntimeError(
        "FrameDisplayWidget has no supported frame display method"
    )
RuntimeError: FrameDisplayWidget has no supported frame display method
2026-10-07 16:35:51,848 - ultrasound - ERROR - Error displaying video frame: FrameDisplayWidget has no supported frame display method
Traceback (most recent call last):
  File "C:\Users\Laptopi-Homs\Pictures\echogpt\echogpt\main_window_v1.py", line 1477, in display_frame
    raise RuntimeError(
        "FrameDisplayWidget has no supported frame display method"
    )
RuntimeError: FrameDisplayWidget has no supported frame display method
2026-10-07 16:35:51,894 - ultrasound - ERROR - Error displaying video frame: FrameDisplayWidget has no supported frame display method
Traceback (most recent call last):
  File "C:\Users\Laptopi-Homs\Pictures\echogpt\echogpt\main_window_v1.py", line 1477, in display_frame
    raise RuntimeError(
        "FrameDisplayWidget has no supported frame display method"
    )
RuntimeError: FrameDisplayWidget has no supported frame display method
2026-10-07 16:35:51,954 - ultrasound - ERROR - Error displaying video frame: FrameDisplayWidget has no supported frame display method
Traceback (most recent call last):
  File "C:\Users\Laptopi-Homs\Pictures\echogpt\echogpt\main_window_v1.py", line 1477, in display_frame
    raise RuntimeError(
        "FrameDisplayWidget has no supported frame display method"
    )
RuntimeError: FrameDisplayWidget has no supported frame display method
2026-10-07 16:35:52,007 - ultrasound - ERROR - Error displaying video frame: FrameDisplayWidget has no supported frame display method
Traceback (most recent call last):
  File "C:\Users\Laptopi-Homs\Pictures\echogpt\echogpt\main_window_v1.py", line 1477, in display_frame
    raise RuntimeError(
        "FrameDisplayWidget has no supported frame display method"
    )
RuntimeError: FrameDisplayWidget has no supported frame display method
2026-10-07 16:35:52,057 - ultrasound - ERROR - Error displaying video frame: FrameDisplayWidget has no supported frame display method
Traceback (most recent call last):
  File "C:\Users\Laptopi-Homs\Pictures\echogpt\echogpt\main_window_v1.py", line 1477, in display_frame
    raise RuntimeError(
        "FrameDisplayWidget has no supported frame display method"
    )
RuntimeError: FrameDisplayWidget has no supported frame display method
2026-10-07 16:35:52,106 - ultrasound - ERROR - Error displaying video frame: FrameDisplayWidget has no supported frame display method
Traceback (most recent call last):
  File "C:\Users\Laptopi-Homs\Pictures\echogpt\echogpt\main_window_v1.py", line 1477, in display_frame
    raise RuntimeError(
        "FrameDisplayWidget has no supported frame display method"
    )
RuntimeError: FrameDisplayWidget has no supported frame display method
2026-10-07 16:35:52,156 - ultrasound - ERROR - Error displaying video frame: FrameDisplayWidget has no supported frame display method
Traceback (most recent call last):
  File "C:\Users\Laptopi-Homs\Pictures\echogpt\echogpt\main_window_v1.py", line 1477, in display_frame
    raise RuntimeError(
        "FrameDisplayWidget has no supported frame display method"
    )
RuntimeError: FrameDisplayWidget has no supported frame display method
2026-10-07 16:35:52,192 - ultrasound - ERROR - Error displaying video frame: FrameDisplayWidget has no supported frame display method
Traceback (most recent call last):
  File "C:\Users\Laptopi-Homs\Pictures\echogpt\echogpt\main_window_v1.py", line 1477, in display_frame
    raise RuntimeError(
        "FrameDisplayWidget has no supported frame display method"
    )
RuntimeError: FrameDisplayWidget has no supported frame display method
2026-10-07 16:35:52,238 - ultrasound - ERROR - Error displaying video frame: FrameDisplayWidget has no supported frame display method
Traceback (most recent call last):
  File "C:\Users\Laptopi-Homs\Pictures\echogpt\echogpt\main_window_v1.py", line 1477, in display_frame
    raise RuntimeError(
        "FrameDisplayWidget has no supported frame display method"
    )
RuntimeError: FrameDisplayWidget has no supported frame display method
2026-10-07 16:35:52,290 - ultrasound - ERROR - Error displaying video frame: FrameDisplayWidget has no supported frame display method
Traceback (most recent call last):
  File "C:\Users\Laptopi-Homs\Pictures\echogpt\echogpt\main_window_v1.py", line 1477, in display_frame
    raise RuntimeError(
        "FrameDisplayWidget has no supported frame display method"
    )
RuntimeError: FrameDisplayWidget has no supported frame display method
2026-10-07 16:35:52,341 - ultrasound - ERROR - Error displaying video frame: FrameDisplayWidget has no supported frame display method
Traceback (most recent call last):
  File "C:\Users\Laptopi-Homs\Pictures\echogpt\echogpt\main_window_v1.py", line 1477, in display_frame
    raise RuntimeError(
        "FrameDisplayWidget has no supported frame display method"
    )
RuntimeError: FrameDisplayWidget has no supported frame display method
2026-10-07 16:35:52,382 - ultrasound - ERROR - Error displaying video frame: FrameDisplayWidget has no supported frame display method
Traceback (most recent call last):
  File "C:\Users\Laptopi-Homs\Pictures\echogpt\echogpt\main_window_v1.py", line 1477, in display_frame
    raise RuntimeError(
        "FrameDisplayWidget has no supported frame display method"
    )
RuntimeError: FrameDisplayWidget has no supported frame display method
2026-10-07 16:35:52,439 - ultrasound - ERROR - Error displaying video frame: FrameDisplayWidget has no supported frame display method
Traceback (most recent call last):
  File "C:\Users\Laptopi-Homs\Pictures\echogpt\echogpt\main_window_v1.py", line 1477, in display_frame
    raise RuntimeError(
        "FrameDisplayWidget has no supported frame display method"
    )
RuntimeError: FrameDisplayWidget has no supported frame display method
2026-10-07 16:35:52,482 - ultrasound - ERROR - Error displaying video frame: FrameDisplayWidget has no supported frame display method
Traceback (most recent call last):
  File "C:\Users\Laptopi-Homs\Pictures\echogpt\echogpt\main_window_v1.py", line 1477, in display_frame
    raise RuntimeError(
        "FrameDisplayWidget has no supported frame display method"
    )
RuntimeError: FrameDisplayWidget has no supported frame display method
2026-10-07 16:35:52,524 - ultrasound - ERROR - Error displaying video frame: FrameDisplayWidget has no supported frame display method
Traceback (most recent call last):
  File "C:\Users\Laptopi-Homs\Pictures\echogpt\echogpt\main_window_v1.py", line 1477, in display_frame
    raise RuntimeError(
        "FrameDisplayWidget has no supported frame display method"
    )
RuntimeError: FrameDisplayWidget has no supported frame display method
2026-10-07 16:35:52,571 - ultrasound - ERROR - Error displaying video frame: FrameDisplayWidget has no supported frame display method
Traceback (most recent call last):
  File "C:\Users\Laptopi-Homs\Pictures\echogpt\echogpt\main_window_v1.py", line 1477, in display_frame
    raise RuntimeError(
        "FrameDisplayWidget has no supported frame display method"
    )
RuntimeError: FrameDisplayWidget has no supported frame display method
2026-10-07 16:35:52,621 - ultrasound - ERROR - Error displaying video frame: FrameDisplayWidget has no supported frame display method
Traceback (most recent call last):
  File "C:\Users\Laptopi-Homs\Pictures\echogpt\echogpt\main_window_v1.py", line 1477, in display_frame
    raise RuntimeError(
        "FrameDisplayWidget has no supported frame display method"
    )
RuntimeError: FrameDisplayWidget has no supported frame display method
2026-10-07 16:35:52,708 - ultrasound - ERROR - Error displaying video frame: FrameDisplayWidget has no supported frame display method
Traceback (most recent call last):
  File "C:\Users\Laptopi-Homs\Pictures\echogpt\echogpt\main_window_v1.py", line 1477, in display_frame
    raise RuntimeError(
        "FrameDisplayWidget has no supported frame display method"
    )
RuntimeError: FrameDisplayWidget has no supported frame display method
2026-10-07 16:35:52,765 - ultrasound - ERROR - Error displaying video frame: FrameDisplayWidget has no supported frame display method
Traceback (most recent call last):
  File "C:\Users\Laptopi-Homs\Pictures\echogpt\echogpt\main_window_v1.py", line 1477, in display_frame
    raise RuntimeError(
        "FrameDisplayWidget has no supported frame display method"
    )
RuntimeError: FrameDisplayWidget has no supported frame display method
2026-10-07 16:35:52,804 - ultrasound - ERROR - Error displaying video frame: FrameDisplayWidget has no supported frame display method
Traceback (most recent call last):
  File "C:\Users\Laptopi-Homs\Pictures\echogpt\echogpt\main_window_v1.py", line 1477, in display_frame
    raise RuntimeError(
        "FrameDisplayWidget has no supported frame display method"
    )
RuntimeError: FrameDisplayWidget has no supported frame display method
2026-10-07 16:35:52,847 - ultrasound - ERROR - Error displaying video frame: FrameDisplayWidget has no supported frame display method
Traceback (most recent call last):
  File "C:\Users\Laptopi-Homs\Pictures\echogpt\echogpt\main_window_v1.py", line 1477, in display_frame
    raise RuntimeError(
        "FrameDisplayWidget has no supported frame display method"
    )
RuntimeError: FrameDisplayWidget has no supported frame display method
2026-10-07 16:35:52,896 - ultrasound - ERROR - Error displaying video frame: FrameDisplayWidget has no supported frame display method
Traceback (most recent call last):
  File "C:\Users\Laptopi-Homs\Pictures\echogpt\echogpt\main_window_v1.py", line 1477, in display_frame
    raise RuntimeError(
        "FrameDisplayWidget has no supported frame display method"
    )
RuntimeError: FrameDisplayWidget has no supported frame display method
2026-10-07 16:35:52,940 - ultrasound - ERROR - Error displaying video frame: FrameDisplayWidget has no supported frame display method
Traceback (most recent call last):
  File "C:\Users\Laptopi-Homs\Pictures\echogpt\echogpt\main_window_v1.py", line 1477, in display_frame
    raise RuntimeError(
        "FrameDisplayWidget has no supported frame display method"
    )
RuntimeError: FrameDisplayWidget has no supported frame display method
2026-10-07 16:35:52,990 - ultrasound - ERROR - Error displaying video frame: FrameDisplayWidget has no supported frame display method
Traceback (most recent call last):
  File "C:\Users\Laptopi-Homs\Pictures\echogpt\echogpt\main_window_v1.py", line 1477, in display_frame
    raise RuntimeError(
        "FrameDisplayWidget has no supported frame display method"
    )
RuntimeError: FrameDisplayWidget has no supported frame display method
2026-10-07 16:35:53,039 - ultrasound - ERROR - Error displaying video frame: FrameDisplayWidget has no supported frame display method
Traceback (most recent call last):
  File "C:\Users\Laptopi-Homs\Pictures\echogpt\echogpt\main_window_v1.py", line 1477, in display_frame
    raise RuntimeError(
        "FrameDisplayWidget has no supported frame display method"
    )
RuntimeError: FrameDisplayWidget has no supported frame display method
2026-10-07 16:35:53,083 - ultrasound - ERROR - Error displaying video frame: FrameDisplayWidget has no supported frame display method
Traceback (most recent call last):
  File "C:\Users\Laptopi-Homs\Pictures\echogpt\echogpt\main_window_v1.py", line 1477, in display_frame
    raise RuntimeError(
        "FrameDisplayWidget has no supported frame display method"
    )
RuntimeError: FrameDisplayWidget has no supported frame display method
2026-10-07 16:35:53,137 - ultrasound - ERROR - Error displaying video frame: FrameDisplayWidget has no supported frame display method
Traceback (most recent call last):
  File "C:\Users\Laptopi-Homs\Pictures\echogpt\echogpt\main_window_v1.py", line 1477, in display_frame
    raise RuntimeError(
        "FrameDisplayWidget has no supported frame display method"
    )
RuntimeError: FrameDisplayWidget has no supported frame display method
2026-10-07 16:35:53,184 - ultrasound - ERROR - Error displaying video frame: FrameDisplayWidget has no supported frame display method
Traceback (most recent call last):
  File "C:\Users\Laptopi-Homs\Pictures\echogpt\echogpt\main_window_v1.py", line 1477, in display_frame
    raise RuntimeError(
        "FrameDisplayWidget has no supported frame display method"
    )
RuntimeError: FrameDisplayWidget has no supported frame display method
2026-10-07 16:35:53,224 - ultrasound - ERROR - Error displaying video frame: FrameDisplayWidget has no supported frame display method
Traceback (most recent call last):
  File "C:\Users\Laptopi-Homs\Pictures\echogpt\echogpt\main_window_v1.py", line 1477, in display_frame
    raise RuntimeError(
        "FrameDisplayWidget has no supported frame display method"
    )
RuntimeError: FrameDisplayWidget has no supported frame display method
2026-10-07 16:35:53,273 - ultrasound - ERROR - Error displaying video frame: FrameDisplayWidget has no supported frame display method
Traceback (most recent call last):
  File "C:\Users\Laptopi-Homs\Pictures\echogpt\echogpt\main_window_v1.py", line 1477, in display_frame
    raise RuntimeError(
        "FrameDisplayWidget has no supported frame display method"
    )
RuntimeError: FrameDisplayWidget has no supported frame display method
2026-10-07 16:35:53,322 - ultrasound - ERROR - Error displaying video frame: FrameDisplayWidget has no supported frame display method
Traceback (most recent call last):
  File "C:\Users\Laptopi-Homs\Pictures\echogpt\echogpt\main_window_v1.py", line 1477, in display_frame
    raise RuntimeError(
        "FrameDisplayWidget has no supported frame display method"
    )
RuntimeError: FrameDisplayWidget has no supported frame display method
2026-10-07 16:35:53,377 - ultrasound - ERROR - Error displaying video frame: FrameDisplayWidget has no supported frame display method
Traceback (most recent call last):
  File "C:\Users\Laptopi-Homs\Pictures\echogpt\echogpt\main_window_v1.py", line 1477, in display_frame
    raise RuntimeError(
        "FrameDisplayWidget has no supported frame display method"
    )
RuntimeError: FrameDisplayWidget has no supported frame display method
2026-10-07 16:35:53,552 - ultrasound - ERROR - Error displaying video frame: FrameDisplayWidget has no supported frame display method
Traceback (most recent call last):
  File "C:\Users\Laptopi-Homs\Pictures\echogpt\echogpt\main_window_v1.py", line 1477, in display_frame
    raise RuntimeError(
        "FrameDisplayWidget has no supported frame display method"
    )
RuntimeError: FrameDisplayWidget has no supported frame display method
2026-10-07 16:35:53,937 - ultrasound - ERROR - Error displaying video frame: FrameDisplayWidget has no supported frame display method
Traceback (most recent call last):
  File "C:\Users\Laptopi-Homs\Pictures\echogpt\echogpt\main_window_v1.py", line 1477, in display_frame
    raise RuntimeError(
        "FrameDisplayWidget has no supported frame display method"
    )
RuntimeError: FrameDisplayWidget has no supported frame display method
2026-10-07 16:35:54,071 - ultrasound - ERROR - Error displaying video frame: FrameDisplayWidget has no supported frame display method
Traceback (most recent call last):
  File "C:\Users\Laptopi-Homs\Pictures\echogpt\echogpt\main_window_v1.py", line 1477, in display_frame
    raise RuntimeError(
        "FrameDisplayWidget has no supported frame display method"
    )
RuntimeError: FrameDisplayWidget has no supported frame display method
2026-10-07 16:35:54,255 - ultrasound - ERROR - Error displaying video frame: FrameDisplayWidget has no supported frame display method
Traceback (most recent call last):
  File "C:\Users\Laptopi-Homs\Pictures\echogpt\echogpt\main_window_v1.py", line 1477, in display_frame
    raise RuntimeError(
        "FrameDisplayWidget has no supported frame display method"
    )
RuntimeError: FrameDisplayWidget has no supported frame display method
2026-10-07 16:35:54,400 - ultrasound - ERROR - Error displaying video frame: FrameDisplayWidget has no supported frame display method
Traceback (most recent call last):
  File "C:\Users\Laptopi-Homs\Pictures\echogpt\echogpt\main_window_v1.py", line 1477, in display_frame
    raise RuntimeError(
        "FrameDisplayWidget has no supported frame display method"
    )
RuntimeError: FrameDisplayWidget has no supported frame display method
2026-10-07 16:35:54,542 - ultrasound - ERROR - Error displaying video frame: FrameDisplayWidget has no supported frame display method
Traceback (most recent call last):
  File "C:\Users\Laptopi-Homs\Pictures\echogpt\echogpt\main_window_v1.py", line 1477, in display_frame
    raise RuntimeError(
        "FrameDisplayWidget has no supported frame display method"
    )
RuntimeError: FrameDisplayWidget has no supported frame display method
2026-10-07 16:35:54,692 - ultrasound - ERROR - Error displaying video frame: FrameDisplayWidget has no supported frame display method
Traceback (most recent call last):
  File "C:\Users\Laptopi-Homs\Pictures\echogpt\echogpt\main_window_v1.py", line 1477, in display_frame
    raise RuntimeError(
        "FrameDisplayWidget has no supported frame display method"
    )
RuntimeError: FrameDisplayWidget has no supported frame display method
2026-10-07 16:35:54,739 - ultrasound - ERROR - Error displaying video frame: FrameDisplayWidget has no supported frame display method
Traceback (most recent call last):
  File "C:\Users\Laptopi-Homs\Pictures\echogpt\echogpt\main_window_v1.py", line 1477, in display_frame
    raise RuntimeError(
        "FrameDisplayWidget has no supported frame display method"
    )
RuntimeError: FrameDisplayWidget has no supported frame display method
2026-10-07 16:35:54,824 - ultrasound - ERROR - Error displaying video frame: FrameDisplayWidget has no supported frame display method
Traceback (most recent call last):
  File "C:\Users\Laptopi-Homs\Pictures\echogpt\echogpt\main_window_v1.py", line 1477, in display_frame
    raise RuntimeError(
        "FrameDisplayWidget has no supported frame display method"
    )
RuntimeError: FrameDisplayWidget has no supported frame display method
2026-10-07 16:35:54,922 - ultrasound - ERROR - Error displaying video frame: FrameDisplayWidget has no supported frame display method
Traceback (most recent call last):
  File "C:\Users\Laptopi-Homs\Pictures\echogpt\echogpt\main_window_v1.py", line 1477, in display_frame
    raise RuntimeError(
        "FrameDisplayWidget has no supported frame display method"
    )
RuntimeError: FrameDisplayWidget has no supported frame display method
2026-10-07 16:35:55,054 - ultrasound - ERROR - Error displaying video frame: FrameDisplayWidget has no supported frame display method
Traceback (most recent call last):
  File "C:\Users\Laptopi-Homs\Pictures\echogpt\echogpt\main_window_v1.py", line 1477, in display_frame
    raise RuntimeError(
        "FrameDisplayWidget has no supported frame display method"
    )
RuntimeError: FrameDisplayWidget has no supported frame display method
2026-10-07 16:35:55,103 - ultrasound - ERROR - Error displaying video frame: FrameDisplayWidget has no supported frame display method
Traceback (most recent call last):
  File "C:\Users\Laptopi-Homs\Pictures\echogpt\echogpt\main_window_v1.py", line 1477, in display_frame
    raise RuntimeError(
        "FrameDisplayWidget has no supported frame display method"
    )
RuntimeError: FrameDisplayWidget has no supported frame display method
2026-10-07 16:35:55,153 - ultrasound - ERROR - Error displaying video frame: FrameDisplayWidget has no supported frame display method
Traceback (most recent call last):
  File "C:\Users\Laptopi-Homs\Pictures\echogpt\echogpt\main_window_v1.py", line 1477, in display_frame
    raise RuntimeError(
        "FrameDisplayWidget has no supported frame display method"
    )
RuntimeError: FrameDisplayWidget has no supported frame display method
2026-10-07 16:35:55,196 - ultrasound - ERROR - Error displaying video frame: FrameDisplayWidget has no supported frame display method
Traceback (most recent call last):
  File "C:\Users\Laptopi-Homs\Pictures\echogpt\echogpt\main_window_v1.py", line 1477, in display_frame
    raise RuntimeError(
        "FrameDisplayWidget has no supported frame display method"
    )
RuntimeError: FrameDisplayWidget has no supported frame display method
2026-10-07 16:35:55,250 - ultrasound - ERROR - Error displaying video frame: FrameDisplayWidget has no supported frame display method
Traceback (most recent call last):
  File "C:\Users\Laptopi-Homs\Pictures\echogpt\echogpt\main_window_v1.py", line 1477, in display_frame
    raise RuntimeError(
        "FrameDisplayWidget has no supported frame display method"
    )
RuntimeError: FrameDisplayWidget has no supported frame display method
2026-10-07 16:35:55,286 - ultrasound - ERROR - Error displaying video frame: FrameDisplayWidget has no supported frame display method
Traceback (most recent call last):
  File "C:\Users\Laptopi-Homs\Pictures\echogpt\echogpt\main_window_v1.py", line 1477, in display_frame
    raise RuntimeError(
        "FrameDisplayWidget has no supported frame display method"
    )
RuntimeError: FrameDisplayWidget has no supported frame display method
2026-10-07 16:35:55,334 - ultrasound - ERROR - Error displaying video frame: FrameDisplayWidget has no supported frame display method
Traceback (most recent call last):
  File "C:\Users\Laptopi-Homs\Pictures\echogpt\echogpt\main_window_v1.py", line 1477, in display_frame
    raise RuntimeError(
        "FrameDisplayWidget has no supported frame display method"
    )
RuntimeError: FrameDisplayWidget has no supported frame display method
2026-10-07 16:35:55,380 - ultrasound - ERROR - Error displaying video frame: FrameDisplayWidget has no supported frame display method
Traceback (most recent call last):
  File "C:\Users\Laptopi-Homs\Pictures\echogpt\echogpt\main_window_v1.py", line 1477, in display_frame
    raise RuntimeError(
        "FrameDisplayWidget has no supported frame display method"
    )
RuntimeError: FrameDisplayWidget has no supported frame display method
2026-10-07 16:35:55,435 - ultrasound - ERROR - Error displaying video frame: FrameDisplayWidget has no supported frame display method
Traceback (most recent call last):
  File "C:\Users\Laptopi-Homs\Pictures\echogpt\echogpt\main_window_v1.py", line 1477, in display_frame
    raise RuntimeError(
        "FrameDisplayWidget has no supported frame display method"
    )
RuntimeError: FrameDisplayWidget has no supported frame display method
2026-10-07 16:35:55,485 - ultrasound - ERROR - Error displaying video frame: FrameDisplayWidget has no supported frame display method
Traceback (most recent call last):
  File "C:\Users\Laptopi-Homs\Pictures\echogpt\echogpt\main_window_v1.py", line 1477, in display_frame
    raise RuntimeError(
        "FrameDisplayWidget has no supported frame display method"
    )
RuntimeError: FrameDisplayWidget has no supported frame display method
2026-10-07 16:35:55,532 - ultrasound - ERROR - Error displaying video frame: FrameDisplayWidget has no supported frame display method
Traceback (most recent call last):
  File "C:\Users\Laptopi-Homs\Pictures\echogpt\echogpt\main_window_v1.py", line 1477, in display_frame
    raise RuntimeError(
        "FrameDisplayWidget has no supported frame display method"
    )
RuntimeError: FrameDisplayWidget has no supported frame display method
2026-10-07 16:35:55,579 - ultrasound - ERROR - Error displaying video frame: FrameDisplayWidget has no supported frame display method
Traceback (most recent call last):
  File "C:\Users\Laptopi-Homs\Pictures\echogpt\echogpt\main_window_v1.py", line 1477, in display_frame
    raise RuntimeError(
        "FrameDisplayWidget has no supported frame display method"
    )
RuntimeError: FrameDisplayWidget has no supported frame display method
2026-10-07 16:35:55,621 - ultrasound - ERROR - Error displaying video frame: FrameDisplayWidget has no supported frame display method
Traceback (most recent call last):
  File "C:\Users\Laptopi-Homs\Pictures\echogpt\echogpt\main_window_v1.py", line 1477, in display_frame
    raise RuntimeError(
        "FrameDisplayWidget has no supported frame display method"
    )
RuntimeError: FrameDisplayWidget has no supported frame display method
2026-10-07 16:35:55,665 - ultrasound - ERROR - Error displaying video frame: FrameDisplayWidget has no supported frame display method
Traceback (most recent call last):
  File "C:\Users\Laptopi-Homs\Pictures\echogpt\echogpt\main_window_v1.py", line 1477, in display_frame
    raise RuntimeError(
        "FrameDisplayWidget has no supported frame display method"
    )
RuntimeError: FrameDisplayWidget has no supported frame display method
2026-10-07 16:35:55,710 - ultrasound - ERROR - Error displaying video frame: FrameDisplayWidget has no supported frame display method
Traceback (most recent call last):
  File "C:\Users\Laptopi-Homs\Pictures\echogpt\echogpt\main_window_v1.py", line 1477, in display_frame
    raise RuntimeError(
        "FrameDisplayWidget has no supported frame display method"
    )
RuntimeError: FrameDisplayWidget has no supported frame display method
2026-10-07 16:35:55,761 - ultrasound - ERROR - Error displaying video frame: FrameDisplayWidget has no supported frame display method
Traceback (most recent call last):
  File "C:\Users\Laptopi-Homs\Pictures\echogpt\echogpt\main_window_v1.py", line 1477, in display_frame
    raise RuntimeError(
        "FrameDisplayWidget has no supported frame display method"
    )
RuntimeError: FrameDisplayWidget has no supported frame display method
2026-10-07 16:35:55,801 - ultrasound - ERROR - Error displaying video frame: FrameDisplayWidget has no supported frame display method
Traceback (most recent call last):
  File "C:\Users\Laptopi-Homs\Pictures\echogpt\echogpt\main_window_v1.py", line 1477, in display_frame
    raise RuntimeError(
        "FrameDisplayWidget has no supported frame display method"
    )
RuntimeError: FrameDisplayWidget has no supported frame display method
2026-10-07 16:35:55,851 - ultrasound - ERROR - Error displaying video frame: FrameDisplayWidget has no supported frame display method
Traceback (most recent call last):
  File "C:\Users\Laptopi-Homs\Pictures\echogpt\echogpt\main_window_v1.py", line 1477, in display_frame
    raise RuntimeError(
        "FrameDisplayWidget has no supported frame display method"
    )
RuntimeError: FrameDisplayWidget has no supported frame display method
2026-10-07 16:35:55,892 - ultrasound - ERROR - Error displaying video frame: FrameDisplayWidget has no supported frame display method
Traceback (most recent call last):
  File "C:\Users\Laptopi-Homs\Pictures\echogpt\echogpt\main_window_v1.py", line 1477, in display_frame
    raise RuntimeError(
        "FrameDisplayWidget has no supported frame display method"
    )
RuntimeError: FrameDisplayWidget has no supported frame display method
2026-10-07 16:35:55,950 - ultrasound - ERROR - Error displaying video frame: FrameDisplayWidget has no supported frame display method
Traceback (most recent call last):
  File "C:\Users\Laptopi-Homs\Pictures\echogpt\echogpt\main_window_v1.py", line 1477, in display_frame
    raise RuntimeError(
        "FrameDisplayWidget has no supported frame display method"
    )
RuntimeError: FrameDisplayWidget has no supported frame display method
2026-10-07 16:35:55,992 - ultrasound - ERROR - Error displaying video frame: FrameDisplayWidget has no supported frame display method
Traceback (most recent call last):
  File "C:\Users\Laptopi-Homs\Pictures\echogpt\echogpt\main_window_v1.py", line 1477, in display_frame
    raise RuntimeError(
        "FrameDisplayWidget has no supported frame display method"
    )
RuntimeError: FrameDisplayWidget has no supported frame display method
2026-10-07 16:35:56,039 - ultrasound - ERROR - Error displaying video frame: FrameDisplayWidget has no supported frame display method
Traceback (most recent call last):
  File "C:\Users\Laptopi-Homs\Pictures\echogpt\echogpt\main_window_v1.py", line 1477, in display_frame
    raise RuntimeError(
        "FrameDisplayWidget has no supported frame display method"
    )
RuntimeError: FrameDisplayWidget has no supported frame display method
2026-10-07 16:35:56,088 - ultrasound - ERROR - Error displaying video frame: FrameDisplayWidget has no supported frame display method
Traceback (most recent call last):
  File "C:\Users\Laptopi-Homs\Pictures\echogpt\echogpt\main_window_v1.py", line 1477, in display_frame
    raise RuntimeError(
        "FrameDisplayWidget has no supported frame display method"
    )
RuntimeError: FrameDisplayWidget has no supported frame display method
2026-10-07 16:35:56,135 - ultrasound - ERROR - Error displaying video frame: FrameDisplayWidget has no supported frame display method
Traceback (most recent call last):
  File "C:\Users\Laptopi-Homs\Pictures\echogpt\echogpt\main_window_v1.py", line 1477, in display_frame
    raise RuntimeError(
        "FrameDisplayWidget has no supported frame display method"
    )
RuntimeError: FrameDisplayWidget has no supported frame display method
2026-10-07 16:35:56,182 - ultrasound - ERROR - Error displaying video frame: FrameDisplayWidget has no supported frame display method
Traceback (most recent call last):
  File "C:\Users\Laptopi-Homs\Pictures\echogpt\echogpt\main_window_v1.py", line 1477, in display_frame
    raise RuntimeError(
        "FrameDisplayWidget has no supported frame display method"
    )
RuntimeError: FrameDisplayWidget has no supported frame display method
2026-10-07 16:35:56,223 - ultrasound - ERROR - Error displaying video frame: FrameDisplayWidget has no supported frame display method
Traceback (most recent call last):
  File "C:\Users\Laptopi-Homs\Pictures\echogpt\echogpt\main_window_v1.py", line 1477, in display_frame
    raise RuntimeError(
        "FrameDisplayWidget has no supported frame display method"
    )
RuntimeError: FrameDisplayWidget has no supported frame display method
2026-10-07 16:35:56,275 - ultrasound - ERROR - Error displaying video frame: FrameDisplayWidget has no supported frame display method
Traceback (most recent call last):
  File "C:\Users\Laptopi-Homs\Pictures\echogpt\echogpt\main_window_v1.py", line 1477, in display_frame
    raise RuntimeError(
        "FrameDisplayWidget has no supported frame display method"
    )
RuntimeError: FrameDisplayWidget has no supported frame display method
2026-10-07 16:35:56,319 - ultrasound - ERROR - Error displaying video frame: FrameDisplayWidget has no supported frame display method
Traceback (most recent call last):
  File "C:\Users\Laptopi-Homs\Pictures\echogpt\echogpt\main_window_v1.py", line 1477, in display_frame
    raise RuntimeError(
        "FrameDisplayWidget has no supported frame display method"
    )
RuntimeError: FrameDisplayWidget has no supported frame display method
2026-10-07 16:35:56,368 - ultrasound - ERROR - Error displaying video frame: FrameDisplayWidget has no supported frame display method
Traceback (most recent call last):
  File "C:\Users\Laptopi-Homs\Pictures\echogpt\echogpt\main_window_v1.py", line 1477, in display_frame
    raise RuntimeError(
        "FrameDisplayWidget has no supported frame display method"
    )
RuntimeError: FrameDisplayWidget has no supported frame display method
2026-10-07 16:35:56,418 - ultrasound - ERROR - Error displaying video frame: FrameDisplayWidget has no supported frame display method
Traceback (most recent call last):
  File "C:\Users\Laptopi-Homs\Pictures\echogpt\echogpt\main_window_v1.py", line 1477, in display_frame
    raise RuntimeError(
        "FrameDisplayWidget has no supported frame display method"
    )
RuntimeError: FrameDisplayWidget has no supported frame display method
2026-10-07 16:35:56,456 - ultrasound - ERROR - Error displaying video frame: FrameDisplayWidget has no supported frame display method
Traceback (most recent call last):
  File "C:\Users\Laptopi-Homs\Pictures\echogpt\echogpt\main_window_v1.py", line 1477, in display_frame
    raise RuntimeError(
        "FrameDisplayWidget has no supported frame display method"
    )
RuntimeError: FrameDisplayWidget has no supported frame display method
2026-10-07 16:35:56,503 - ultrasound - ERROR - Error displaying video frame: FrameDisplayWidget has no supported frame display method
Traceback (most recent call last):
  File "C:\Users\Laptopi-Homs\Pictures\echogpt\echogpt\main_window_v1.py", line 1477, in display_frame
    raise RuntimeError(
        "FrameDisplayWidget has no supported frame display method"
    )
RuntimeError: FrameDisplayWidget has no supported frame display method
2026-10-07 16:35:56,550 - ultrasound - ERROR - Error displaying video frame: FrameDisplayWidget has no supported frame display method
Traceback (most recent call last):
  File "C:\Users\Laptopi-Homs\Pictures\echogpt\echogpt\main_window_v1.py", line 1477, in display_frame
    raise RuntimeError(
        "FrameDisplayWidget has no supported frame display method"
    )
RuntimeError: FrameDisplayWidget has no supported frame display method
2026-10-07 16:35:56,600 - ultrasound - ERROR - Error displaying video frame: FrameDisplayWidget has no supported frame display method
Traceback (most recent call last):
  File "C:\Users\Laptopi-Homs\Pictures\echogpt\echogpt\main_window_v1.py", line 1477, in display_frame
    raise RuntimeError(
        "FrameDisplayWidget has no supported frame display method"
    )
RuntimeError: FrameDisplayWidget has no supported frame display method
2026-10-07 16:35:56,653 - ultrasound - ERROR - Error displaying video frame: FrameDisplayWidget has no supported frame display method
Traceback (most recent call last):
  File "C:\Users\Laptopi-Homs\Pictures\echogpt\echogpt\main_window_v1.py", line 1477, in display_frame
    raise RuntimeError(
        "FrameDisplayWidget has no supported frame display method"
    )
RuntimeError: FrameDisplayWidget has no supported frame display method
2026-10-07 16:35:56,701 - ultrasound - ERROR - Error displaying video frame: FrameDisplayWidget has no supported frame display method
Traceback (most recent call last):
  File "C:\Users\Laptopi-Homs\Pictures\echogpt\echogpt\main_window_v1.py", line 1477, in display_frame
    raise RuntimeError(
        "FrameDisplayWidget has no supported frame display method"
    )
RuntimeError: FrameDisplayWidget has no supported frame display method
2026-10-07 16:35:56,746 - ultrasound - ERROR - Error displaying video frame: FrameDisplayWidget has no supported frame display method
Traceback (most recent call last):
  File "C:\Users\Laptopi-Homs\Pictures\echogpt\echogpt\main_window_v1.py", line 1477, in display_frame
    raise RuntimeError(
        "FrameDisplayWidget has no supported frame display method"
    )
RuntimeError: FrameDisplayWidget has no supported frame display method
2026-10-07 16:35:56,794 - ultrasound - ERROR - Error displaying video frame: FrameDisplayWidget has no supported frame display method
Traceback (most recent call last):
  File "C:\Users\Laptopi-Homs\Pictures\echogpt\echogpt\main_window_v1.py", line 1477, in display_frame
    raise RuntimeError(
        "FrameDisplayWidget has no supported frame display method"
    )
RuntimeError: FrameDisplayWidget has no supported frame display method
2026-10-07 16:35:56,830 - ultrasound - ERROR - Error displaying video frame: FrameDisplayWidget has no supported frame display method
Traceback (most recent call last):
  File "C:\Users\Laptopi-Homs\Pictures\echogpt\echogpt\main_window_v1.py", line 1477, in display_frame
    raise RuntimeError(
        "FrameDisplayWidget has no supported frame display method"
    )
RuntimeError: FrameDisplayWidget has no supported frame display method
2026-10-07 16:35:56,878 - ultrasound - ERROR - Error displaying video frame: FrameDisplayWidget has no supported frame display method
Traceback (most recent call last):
  File "C:\Users\Laptopi-Homs\Pictures\echogpt\echogpt\main_window_v1.py", line 1477, in display_frame
    raise RuntimeError(
        "FrameDisplayWidget has no supported frame display method"
    )
RuntimeError: FrameDisplayWidget has no supported frame display method
2026-10-07 16:35:56,933 - ultrasound - ERROR - Error displaying video frame: FrameDisplayWidget has no supported frame display method
Traceback (most recent call last):
  File "C:\Users\Laptopi-Homs\Pictures\echogpt\echogpt\main_window_v1.py", line 1477, in display_frame
    raise RuntimeError(
        "FrameDisplayWidget has no supported frame display method"
    )
RuntimeError: FrameDisplayWidget has no supported frame display method
2026-10-07 16:35:56,984 - ultrasound - ERROR - Error displaying video frame: FrameDisplayWidget has no supported frame display method
Traceback (most recent call last):
  File "C:\Users\Laptopi-Homs\Pictures\echogpt\echogpt\main_window_v1.py", line 1477, in display_frame
    raise RuntimeError(
        "FrameDisplayWidget has no supported frame display method"
    )
RuntimeError: FrameDisplayWidget has no supported frame display method
2026-10-07 16:35:57,018 - ultrasound - ERROR - Error displaying video frame: FrameDisplayWidget has no supported frame display method
Traceback (most recent call last):
  File "C:\Users\Laptopi-Homs\Pictures\echogpt\echogpt\main_window_v1.py", line 1477, in display_frame
    raise RuntimeError(
        "FrameDisplayWidget has no supported frame display method"
    )
RuntimeError: FrameDisplayWidget has no supported frame display method
2026-10-07 16:35:57,069 - ultrasound - ERROR - Error displaying video frame: FrameDisplayWidget has no supported frame display method
Traceback (most recent call last):
  File "C:\Users\Laptopi-Homs\Pictures\echogpt\echogpt\main_window_v1.py", line 1477, in display_frame
    raise RuntimeError(
        "FrameDisplayWidget has no supported frame display method"
    )
RuntimeError: FrameDisplayWidget has no supported frame display method
2026-10-07 16:35:57,117 - ultrasound - ERROR - Error displaying video frame: FrameDisplayWidget has no supported frame display method
Traceback (most recent call last):
  File "C:\Users\Laptopi-Homs\Pictures\echogpt\echogpt\main_window_v1.py", line 1477, in display_frame
    raise RuntimeError(
        "FrameDisplayWidget has no supported frame display method"
    )
RuntimeError: FrameDisplayWidget has no supported frame display method
2026-10-07 16:35:57,168 - ultrasound - ERROR - Error displaying video frame: FrameDisplayWidget has no supported frame display method
Traceback (most recent call last):
  File "C:\Users\Laptopi-Homs\Pictures\echogpt\echogpt\main_window_v1.py", line 1477, in display_frame
    raise RuntimeError(
        "FrameDisplayWidget has no supported frame display method"
    )
RuntimeError: FrameDisplayWidget has no supported frame display method
2026-10-07 16:35:57,215 - ultrasound - ERROR - Error displaying video frame: FrameDisplayWidget has no supported frame display method
Traceback (most recent call last):
  File "C:\Users\Laptopi-Homs\Pictures\echogpt\echogpt\main_window_v1.py", line 1477, in display_frame
    raise RuntimeError(
        "FrameDisplayWidget has no supported frame display method"
    )
RuntimeError: FrameDisplayWidget has no supported frame display method
2026-10-07 16:35:57,264 - ultrasound - ERROR - Error displaying video frame: FrameDisplayWidget has no supported frame display method
Traceback (most recent call last):
  File "C:\Users\Laptopi-Homs\Pictures\echogpt\echogpt\main_window_v1.py", line 1477, in display_frame
    raise RuntimeError(
        "FrameDisplayWidget has no supported frame display method"
    )
RuntimeError: FrameDisplayWidget has no supported frame display method
2026-10-07 16:35:57,316 - ultrasound - ERROR - Error displaying video frame: FrameDisplayWidget has no supported frame display method
Traceback (most recent call last):
  File "C:\Users\Laptopi-Homs\Pictures\echogpt\echogpt\main_window_v1.py", line 1477, in display_frame
    raise RuntimeError(
        "FrameDisplayWidget has no supported frame display method"
    )
RuntimeError: FrameDisplayWidget has no supported frame display method
2026-10-07 16:35:57,355 - ultrasound - ERROR - Error displaying video frame: FrameDisplayWidget has no supported frame display method
Traceback (most recent call last):
  File "C:\Users\Laptopi-Homs\Pictures\echogpt\echogpt\main_window_v1.py", line 1477, in display_frame
    raise RuntimeError(
        "FrameDisplayWidget has no supported frame display method"
    )
RuntimeError: FrameDisplayWidget has no supported frame display method
2026-10-07 16:35:57,415 - ultrasound - ERROR - Error displaying video frame: FrameDisplayWidget has no supported frame display method
Traceback (most recent call last):
  File "C:\Users\Laptopi-Homs\Pictures\echogpt\echogpt\main_window_v1.py", line 1477, in display_frame
    raise RuntimeError(
        "FrameDisplayWidget has no supported frame display method"
    )
RuntimeError: FrameDisplayWidget has no supported frame display method
2026-10-07 16:35:57,464 - ultrasound - ERROR - Error displaying video frame: FrameDisplayWidget has no supported frame display method
Traceback (most recent call last):
  File "C:\Users\Laptopi-Homs\Pictures\echogpt\echogpt\main_window_v1.py", line 1477, in display_frame
    raise RuntimeError(
        "FrameDisplayWidget has no supported frame display method"
    )
RuntimeError: FrameDisplayWidget has no supported frame display method
2026-10-07 16:35:57,510 - ultrasound - ERROR - Error displaying video frame: FrameDisplayWidget has no supported frame display method
Traceback (most recent call last):
  File "C:\Users\Laptopi-Homs\Pictures\echogpt\echogpt\main_window_v1.py", line 1477, in display_frame
    raise RuntimeError(
        "FrameDisplayWidget has no supported frame display method"
    )
RuntimeError: FrameDisplayWidget has no supported frame display method
2026-10-07 16:35:57,556 - ultrasound - ERROR - Error displaying video frame: FrameDisplayWidget has no supported frame display method
Traceback (most recent call last):
  File "C:\Users\Laptopi-Homs\Pictures\echogpt\echogpt\main_window_v1.py", line 1477, in display_frame
    raise RuntimeError(
        "FrameDisplayWidget has no supported frame display method"
    )
RuntimeError: FrameDisplayWidget has no supported frame display method
2026-10-07 16:35:57,597 - ultrasound - ERROR - Error displaying video frame: FrameDisplayWidget has no supported frame display method
Traceback (most recent call last):
  File "C:\Users\Laptopi-Homs\Pictures\echogpt\echogpt\main_window_v1.py", line 1477, in display_frame
    raise RuntimeError(
        "FrameDisplayWidget has no supported frame display method"
    )
RuntimeError: FrameDisplayWidget has no supported frame display method
2026-10-07 16:35:57,649 - ultrasound - ERROR - Error displaying video frame: FrameDisplayWidget has no supported frame display method
Traceback (most recent call last):
  File "C:\Users\Laptopi-Homs\Pictures\echogpt\echogpt\main_window_v1.py", line 1477, in display_frame
    raise RuntimeError(
        "FrameDisplayWidget has no supported frame display method"
    )
RuntimeError: FrameDisplayWidget has no supported frame display method
2026-10-07 16:35:57,700 - ultrasound - ERROR - Error displaying video frame: FrameDisplayWidget has no supported frame display method
Traceback (most recent call last):
  File "C:\Users\Laptopi-Homs\Pictures\echogpt\echogpt\main_window_v1.py", line 1477, in display_frame
    raise RuntimeError(
        "FrameDisplayWidget has no supported frame display method"
    )
RuntimeError: FrameDisplayWidget has no supported frame display method
2026-10-07 16:35:57,752 - ultrasound - ERROR - Error displaying video frame: FrameDisplayWidget has no supported frame display method
Traceback (most recent call last):
  File "C:\Users\Laptopi-Homs\Pictures\echogpt\echogpt\main_window_v1.py", line 1477, in display_frame
    raise RuntimeError(
        "FrameDisplayWidget has no supported frame display method"
    )
RuntimeError: FrameDisplayWidget has no supported frame display method
2026-10-07 16:35:57,805 - ultrasound - ERROR - Error displaying video frame: FrameDisplayWidget has no supported frame display method
Traceback (most recent call last):
  File "C:\Users\Laptopi-Homs\Pictures\echogpt\echogpt\main_window_v1.py", line 1477, in display_frame
    raise RuntimeError(
        "FrameDisplayWidget has no supported frame display method"
    )
RuntimeError: FrameDisplayWidget has no supported frame display method
2026-10-07 16:35:57,850 - ultrasound - ERROR - Error displaying video frame: FrameDisplayWidget has no supported frame display method
Traceback (most recent call last):
  File "C:\Users\Laptopi-Homs\Pictures\echogpt\echogpt\main_window_v1.py", line 1477, in display_frame
    raise RuntimeError(
        "FrameDisplayWidget has no supported frame display method"
    )
RuntimeError: FrameDisplayWidget has no supported frame display method
2026-10-07 16:35:57,901 - ultrasound - ERROR - Error displaying video frame: FrameDisplayWidget has no supported frame display method
Traceback (most recent call last):
  File "C:\Users\Laptopi-Homs\Pictures\echogpt\echogpt\main_window_v1.py", line 1477, in display_frame
    raise RuntimeError(
        "FrameDisplayWidget has no supported frame display method"
    )
RuntimeError: FrameDisplayWidget has no supported frame display method
2026-10-07 16:35:57,963 - ultrasound - ERROR - Error displaying video frame: FrameDisplayWidget has no supported frame display method
Traceback (most recent call last):
  File "C:\Users\Laptopi-Homs\Pictures\echogpt\echogpt\main_window_v1.py", line 1477, in display_frame
    raise RuntimeError(
        "FrameDisplayWidget has no supported frame display method"
    )
RuntimeError: FrameDisplayWidget has no supported frame display method
2026-10-07 16:35:58,146 - ultrasound - ERROR - Error displaying video frame: FrameDisplayWidget has no supported frame display method
Traceback (most recent call last):
  File "C:\Users\Laptopi-Homs\Pictures\echogpt\echogpt\main_window_v1.py", line 1477, in display_frame
    raise RuntimeError(
        "FrameDisplayWidget has no supported frame display method"
    )
RuntimeError: FrameDisplayWidget has no supported frame display method
2026-10-07 16:35:58,233 - ultrasound - ERROR - Error displaying video frame: FrameDisplayWidget has no supported frame display method
Traceback (most recent call last):
  File "C:\Users\Laptopi-Homs\Pictures\echogpt\echogpt\main_window_v1.py", line 1477, in display_frame
    raise RuntimeError(
        "FrameDisplayWidget has no supported frame display method"
    )
RuntimeError: FrameDisplayWidget has no supported frame display method
2026-10-07 16:35:58,284 - ultrasound - ERROR - Error displaying video frame: FrameDisplayWidget has no supported frame display method
Traceback (most recent call last):
  File "C:\Users\Laptopi-Homs\Pictures\echogpt\echogpt\main_window_v1.py", line 1477, in display_frame
    raise RuntimeError(
        "FrameDisplayWidget has no supported frame display method"
    )
RuntimeError: FrameDisplayWidget has no supported frame display method
2026-10-07 16:35:58,315 - ultrasound - ERROR - Error displaying video frame: FrameDisplayWidget has no supported frame display method
Traceback (most recent call last):
  File "C:\Users\Laptopi-Homs\Pictures\echogpt\echogpt\main_window_v1.py", line 1477, in display_frame
    raise RuntimeError(
        "FrameDisplayWidget has no supported frame display method"
    )
RuntimeError: FrameDisplayWidget has no supported frame display method
2026-10-07 16:35:58,366 - ultrasound - ERROR - Error displaying video frame: FrameDisplayWidget has no supported frame display method
Traceback (most recent call last):
  File "C:\Users\Laptopi-Homs\Pictures\echogpt\echogpt\main_window_v1.py", line 1477, in display_frame
    raise RuntimeError(
        "FrameDisplayWidget has no supported frame display method"
    )
RuntimeError: FrameDisplayWidget has no supported frame display method
2026-10-07 16:35:58,413 - ultrasound - ERROR - Error displaying video frame: FrameDisplayWidget has no supported frame display method
Traceback (most recent call last):
  File "C:\Users\Laptopi-Homs\Pictures\echogpt\echogpt\main_window_v1.py", line 1477, in display_frame
    raise RuntimeError(
        "FrameDisplayWidget has no supported frame display method"
    )
RuntimeError: FrameDisplayWidget has no supported frame display method
2026-10-07 16:35:58,460 - ultrasound - ERROR - Error displaying video frame: FrameDisplayWidget has no supported frame display method
Traceback (most recent call last):
  File "C:\Users\Laptopi-Homs\Pictures\echogpt\echogpt\main_window_v1.py", line 1477, in display_frame
    raise RuntimeError(
        "FrameDisplayWidget has no supported frame display method"
    )
RuntimeError: FrameDisplayWidget has no supported frame display method
2026-10-07 16:35:58,513 - ultrasound - ERROR - Error displaying video frame: FrameDisplayWidget has no supported frame display method
Traceback (most recent call last):
  File "C:\Users\Laptopi-Homs\Pictures\echogpt\echogpt\main_window_v1.py", line 1477, in display_frame
    raise RuntimeError(
        "FrameDisplayWidget has no supported frame display method"
    )
RuntimeError: FrameDisplayWidget has no supported frame display method
2026-10-07 16:35:58,562 - ultrasound - ERROR - Error displaying video frame: FrameDisplayWidget has no supported frame display method
Traceback (most recent call last):
  File "C:\Users\Laptopi-Homs\Pictures\echogpt\echogpt\main_window_v1.py", line 1477, in display_frame
    raise RuntimeError(
        "FrameDisplayWidget has no supported frame display method"
    )
RuntimeError: FrameDisplayWidget has no supported frame display method
2026-10-07 16:35:58,610 - ultrasound - ERROR - Error displaying video frame: FrameDisplayWidget has no supported frame display method
Traceback (most recent call last):
  File "C:\Users\Laptopi-Homs\Pictures\echogpt\echogpt\main_window_v1.py", line 1477, in display_frame
    raise RuntimeError(
        "FrameDisplayWidget has no supported frame display method"
    )
RuntimeError: FrameDisplayWidget has no supported frame display method
2026-10-07 16:35:58,656 - ultrasound - ERROR - Error displaying video frame: FrameDisplayWidget has no supported frame display method
Traceback (most recent call last):
  File "C:\Users\Laptopi-Homs\Pictures\echogpt\echogpt\main_window_v1.py", line 1477, in display_frame
    raise RuntimeError(
        "FrameDisplayWidget has no supported frame display method"
    )
RuntimeError: FrameDisplayWidget has no supported frame display method
2026-10-07 16:35:58,703 - ultrasound - ERROR - Error displaying video frame: FrameDisplayWidget has no supported frame display method
Traceback (most recent call last):
  File "C:\Users\Laptopi-Homs\Pictures\echogpt\echogpt\main_window_v1.py", line 1477, in display_frame
    raise RuntimeError(
        "FrameDisplayWidget has no supported frame display method"
    )
RuntimeError: FrameDisplayWidget has no supported frame display method
2026-10-07 16:35:58,750 - ultrasound - ERROR - Error displaying video frame: FrameDisplayWidget has no supported frame display method
Traceback (most recent call last):
  File "C:\Users\Laptopi-Homs\Pictures\echogpt\echogpt\main_window_v1.py", line 1477, in display_frame
    raise RuntimeError(
        "FrameDisplayWidget has no supported frame display method"
    )
RuntimeError: FrameDisplayWidget has no supported frame display method
2026-10-07 16:35:58,796 - ultrasound - ERROR - Error displaying video frame: FrameDisplayWidget has no supported frame display method
Traceback (most recent call last):
  File "C:\Users\Laptopi-Homs\Pictures\echogpt\echogpt\main_window_v1.py", line 1477, in display_frame
    raise RuntimeError(
        "FrameDisplayWidget has no supported frame display method"
    )
RuntimeError: FrameDisplayWidget has no supported frame display method
2026-10-07 16:35:58,845 - ultrasound - ERROR - Error displaying video frame: FrameDisplayWidget has no supported frame display method
Traceback (most recent call last):
  File "C:\Users\Laptopi-Homs\Pictures\echogpt\echogpt\main_window_v1.py", line 1477, in display_frame
    raise RuntimeError(
        "FrameDisplayWidget has no supported frame display method"
    )
RuntimeError: FrameDisplayWidget has no supported frame display method
2026-10-07 16:35:58,890 - ultrasound - ERROR - Error displaying video frame: FrameDisplayWidget has no supported frame display method
Traceback (most recent call last):
  File "C:\Users\Laptopi-Homs\Pictures\echogpt\echogpt\main_window_v1.py", line 1477, in display_frame
    raise RuntimeError(
        "FrameDisplayWidget has no supported frame display method"
    )
RuntimeError: FrameDisplayWidget has no supported frame display method
2026-10-07 16:35:58,937 - ultrasound - ERROR - Error displaying video frame: FrameDisplayWidget has no supported frame display method
Traceback (most recent call last):
  File "C:\Users\Laptopi-Homs\Pictures\echogpt\echogpt\main_window_v1.py", line 1477, in display_frame
    raise RuntimeError(
        "FrameDisplayWidget has no supported frame display method"
    )
RuntimeError: FrameDisplayWidget has no supported frame display method
2026-10-07 16:35:58,985 - ultrasound - ERROR - Error displaying video frame: FrameDisplayWidget has no supported frame display method
Traceback (most recent call last):
  File "C:\Users\Laptopi-Homs\Pictures\echogpt\echogpt\main_window_v1.py", line 1477, in display_frame
    raise RuntimeError(
        "FrameDisplayWidget has no supported frame display method"
    )
RuntimeError: FrameDisplayWidget has no supported frame display method
2026-10-07 16:35:59,020 - ultrasound - ERROR - Error displaying video frame: FrameDisplayWidget has no supported frame display method
Traceback (most recent call last):
  File "C:\Users\Laptopi-Homs\Pictures\echogpt\echogpt\main_window_v1.py", line 1477, in display_frame
    raise RuntimeError(
        "FrameDisplayWidget has no supported frame display method"
    )
RuntimeError: FrameDisplayWidget has no supported frame display method
2026-10-07 16:35:59,065 - ultrasound - ERROR - Error displaying video frame: FrameDisplayWidget has no supported frame display method
Traceback (most recent call last):
  File "C:\Users\Laptopi-Homs\Pictures\echogpt\echogpt\main_window_v1.py", line 1477, in display_frame
    raise RuntimeError(
        "FrameDisplayWidget has no supported frame display method"
    )
RuntimeError: FrameDisplayWidget has no supported frame display method
2026-10-07 16:35:59,113 - ultrasound - ERROR - Error displaying video frame: FrameDisplayWidget has no supported frame display method
Traceback (most recent call last):
  File "C:\Users\Laptopi-Homs\Pictures\echogpt\echogpt\main_window_v1.py", line 1477, in display_frame
    raise RuntimeError(
        "FrameDisplayWidget has no supported frame display method"
    )
RuntimeError: FrameDisplayWidget has no supported frame display method
2026-10-07 16:35:59,161 - ultrasound - ERROR - Error displaying video frame: FrameDisplayWidget has no supported frame display method
Traceback (most recent call last):
  File "C:\Users\Laptopi-Homs\Pictures\echogpt\echogpt\main_window_v1.py", line 1477, in display_frame
    raise RuntimeError(
        "FrameDisplayWidget has no supported frame display method"
    )
RuntimeError: FrameDisplayWidget has no supported frame display method
2026-10-07 16:35:59,206 - ultrasound - ERROR - Error displaying video frame: FrameDisplayWidget has no supported frame display method
Traceback (most recent call last):
  File "C:\Users\Laptopi-Homs\Pictures\echogpt\echogpt\main_window_v1.py", line 1477, in display_frame
    raise RuntimeError(
        "FrameDisplayWidget has no supported frame display method"
    )
RuntimeError: FrameDisplayWidget has no supported frame display method
2026-10-07 16:35:59,254 - ultrasound - ERROR - Error displaying video frame: FrameDisplayWidget has no supported frame display method
Traceback (most recent call last):
  File "C:\Users\Laptopi-Homs\Pictures\echogpt\echogpt\main_window_v1.py", line 1477, in display_frame
    raise RuntimeError(
        "FrameDisplayWidget has no supported frame display method"
    )
RuntimeError: FrameDisplayWidget has no supported frame display method
2026-10-07 16:35:59,300 - ultrasound - ERROR - Error displaying video frame: FrameDisplayWidget has no supported frame display method
Traceback (most recent call last):
  File "C:\Users\Laptopi-Homs\Pictures\echogpt\echogpt\main_window_v1.py", line 1477, in display_frame
    raise RuntimeError(
        "FrameDisplayWidget has no supported frame display method"
    )
RuntimeError: FrameDisplayWidget has no supported frame display method
2026-10-07 16:35:59,347 - ultrasound - ERROR - Error displaying video frame: FrameDisplayWidget has no supported frame display method
Traceback (most recent call last):
  File "C:\Users\Laptopi-Homs\Pictures\echogpt\echogpt\main_window_v1.py", line 1477, in display_frame
    raise RuntimeError(
        "FrameDisplayWidget has no supported frame display method"
    )
RuntimeError: FrameDisplayWidget has no supported frame display method
2026-10-07 16:35:59,393 - ultrasound - ERROR - Error displaying video frame: FrameDisplayWidget has no supported frame display method
Traceback (most recent call last):
  File "C:\Users\Laptopi-Homs\Pictures\echogpt\echogpt\main_window_v1.py", line 1477, in display_frame
    raise RuntimeError(
        "FrameDisplayWidget has no supported frame display method"
    )
RuntimeError: FrameDisplayWidget has no supported frame display method
2026-10-07 16:35:59,441 - ultrasound - ERROR - Error displaying video frame: FrameDisplayWidget has no supported frame display method
Traceback (most recent call last):
  File "C:\Users\Laptopi-Homs\Pictures\echogpt\echogpt\main_window_v1.py", line 1477, in display_frame
    raise RuntimeError(
        "FrameDisplayWidget has no supported frame display method"
    )
RuntimeError: FrameDisplayWidget has no supported frame display method
2026-10-07 16:35:59,490 - ultrasound - ERROR - Error displaying video frame: FrameDisplayWidget has no supported frame display method
Traceback (most recent call last):
  File "C:\Users\Laptopi-Homs\Pictures\echogpt\echogpt\main_window_v1.py", line 1477, in display_frame
    raise RuntimeError(
        "FrameDisplayWidget has no supported frame display method"
    )
RuntimeError: FrameDisplayWidget has no supported frame display method
2026-10-07 16:35:59,546 - ultrasound - ERROR - Error displaying video frame: FrameDisplayWidget has no supported frame display method
Traceback (most recent call last):
  File "C:\Users\Laptopi-Homs\Pictures\echogpt\echogpt\main_window_v1.py", line 1477, in display_frame
    raise RuntimeError(
        "FrameDisplayWidget has no supported frame display method"
    )
RuntimeError: FrameDisplayWidget has no supported frame display method
2026-10-07 16:35:59,582 - ultrasound - ERROR - Error displaying video frame: FrameDisplayWidget has no supported frame display method
Traceback (most recent call last):
  File "C:\Users\Laptopi-Homs\Pictures\echogpt\echogpt\main_window_v1.py", line 1477, in display_frame
    raise RuntimeError(
        "FrameDisplayWidget has no supported frame display method"
    )
RuntimeError: FrameDisplayWidget has no supported frame display method
2026-10-07 16:35:59,632 - ultrasound - ERROR - Error displaying video frame: FrameDisplayWidget has no supported frame display method
Traceback (most recent call last):
  File "C:\Users\Laptopi-Homs\Pictures\echogpt\echogpt\main_window_v1.py", line 1477, in display_frame
    raise RuntimeError(
        "FrameDisplayWidget has no supported frame display method"
    )
RuntimeError: FrameDisplayWidget has no supported frame display method
2026-10-07 16:35:59,679 - ultrasound - ERROR - Error displaying video frame: FrameDisplayWidget has no supported frame display method
Traceback (most recent call last):
  File "C:\Users\Laptopi-Homs\Pictures\echogpt\echogpt\main_window_v1.py", line 1477, in display_frame
    raise RuntimeError(
        "FrameDisplayWidget has no supported frame display method"
    )
RuntimeError: FrameDisplayWidget has no supported frame display method
2026-10-07 16:35:59,726 - ultrasound - ERROR - Error displaying video frame: FrameDisplayWidget has no supported frame display method
Traceback (most recent call last):
  File "C:\Users\Laptopi-Homs\Pictures\echogpt\echogpt\main_window_v1.py", line 1477, in display_frame
    raise RuntimeError(
        "FrameDisplayWidget has no supported frame display method"
    )
RuntimeError: FrameDisplayWidget has no supported frame display method
2026-10-07 16:35:59,773 - ultrasound - ERROR - Error displaying video frame: FrameDisplayWidget has no supported frame display method
Traceback (most recent call last):
  File "C:\Users\Laptopi-Homs\Pictures\echogpt\echogpt\main_window_v1.py", line 1477, in display_frame
    raise RuntimeError(
        "FrameDisplayWidget has no supported frame display method"
    )
RuntimeError: FrameDisplayWidget has no supported frame display method
2026-10-07 16:35:59,819 - ultrasound - ERROR - Error displaying video frame: FrameDisplayWidget has no supported frame display method
Traceback (most recent call last):
  File "C:\Users\Laptopi-Homs\Pictures\echogpt\echogpt\main_window_v1.py", line 1477, in display_frame
    raise RuntimeError(
        "FrameDisplayWidget has no supported frame display method"
    )
RuntimeError: FrameDisplayWidget has no supported frame display method
2026-10-07 16:35:59,867 - ultrasound - ERROR - Error displaying video frame: FrameDisplayWidget has no supported frame display method
Traceback (most recent call last):
  File "C:\Users\Laptopi-Homs\Pictures\echogpt\echogpt\main_window_v1.py", line 1477, in display_frame
    raise RuntimeError(
        "FrameDisplayWidget has no supported frame display method"
    )
RuntimeError: FrameDisplayWidget has no supported frame display method
2026-10-07 16:35:59,913 - ultrasound - ERROR - Error displaying video frame: FrameDisplayWidget has no supported frame display method
Traceback (most recent call last):
  File "C:\Users\Laptopi-Homs\Pictures\echogpt\echogpt\main_window_v1.py", line 1477, in display_frame
    raise RuntimeError(
        "FrameDisplayWidget has no supported frame display method"
    )
RuntimeError: FrameDisplayWidget has no supported frame display method
2026-10-07 16:35:59,960 - ultrasound - ERROR - Error displaying video frame: FrameDisplayWidget has no supported frame display method
Traceback (most recent call last):
  File "C:\Users\Laptopi-Homs\Pictures\echogpt\echogpt\main_window_v1.py", line 1477, in display_frame
    raise RuntimeError(
        "FrameDisplayWidget has no supported frame display method"
    )
RuntimeError: FrameDisplayWidget has no supported frame display method
2026-10-07 16:36:00,008 - ultrasound - ERROR - Error displaying video frame: FrameDisplayWidget has no supported frame display method
Traceback (most recent call last):
  File "C:\Users\Laptopi-Homs\Pictures\echogpt\echogpt\main_window_v1.py", line 1477, in display_frame
    raise RuntimeError(
        "FrameDisplayWidget has no supported frame display method"
    )
RuntimeError: FrameDisplayWidget has no supported frame display method
2026-10-07 16:36:00,054 - ultrasound - ERROR - Error displaying video frame: FrameDisplayWidget has no supported frame display method
Traceback (most recent call last):
  File "C:\Users\Laptopi-Homs\Pictures\echogpt\echogpt\main_window_v1.py", line 1477, in display_frame
    raise RuntimeError(
        "FrameDisplayWidget has no supported frame display method"
    )
RuntimeError: FrameDisplayWidget has no supported frame display method
2026-10-07 16:36:00,102 - ultrasound - ERROR - Error displaying video frame: FrameDisplayWidget has no supported frame display method
Traceback (most recent call last):
  File "C:\Users\Laptopi-Homs\Pictures\echogpt\echogpt\main_window_v1.py", line 1477, in display_frame
    raise RuntimeError(
        "FrameDisplayWidget has no supported frame display method"
    )
RuntimeError: FrameDisplayWidget has no supported frame display method
2026-10-07 16:36:00,146 - ultrasound - ERROR - Error displaying video frame: FrameDisplayWidget has no supported frame display method
Traceback (most recent call last):
  File "C:\Users\Laptopi-Homs\Pictures\echogpt\echogpt\main_window_v1.py", line 1477, in display_frame
    raise RuntimeError(
        "FrameDisplayWidget has no supported frame display method"
    )
RuntimeError: FrameDisplayWidget has no supported frame display method
2026-10-07 16:36:00,193 - ultrasound - ERROR - Error displaying video frame: FrameDisplayWidget has no supported frame display method
Traceback (most recent call last):
  File "C:\Users\Laptopi-Homs\Pictures\echogpt\echogpt\main_window_v1.py", line 1477, in display_frame
    raise RuntimeError(
        "FrameDisplayWidget has no supported frame display method"
    )
RuntimeError: FrameDisplayWidget has no supported frame display method
2026-10-07 16:36:00,239 - ultrasound - ERROR - Error displaying video frame: FrameDisplayWidget has no supported frame display method
Traceback (most recent call last):
  File "C:\Users\Laptopi-Homs\Pictures\echogpt\echogpt\main_window_v1.py", line 1477, in display_frame
    raise RuntimeError(
        "FrameDisplayWidget has no supported frame display method"
    )
RuntimeError: FrameDisplayWidget has no supported frame display method
2026-10-07 16:36:00,286 - ultrasound - ERROR - Error displaying video frame: FrameDisplayWidget has no supported frame display method
Traceback (most recent call last):
  File "C:\Users\Laptopi-Homs\Pictures\echogpt\echogpt\main_window_v1.py", line 1477, in display_frame
    raise RuntimeError(
        "FrameDisplayWidget has no supported frame display method"
    )
RuntimeError: FrameDisplayWidget has no supported frame display method
2026-10-07 16:36:00,338 - ultrasound - ERROR - Error displaying video frame: FrameDisplayWidget has no supported frame display method
Traceback (most recent call last):
  File "C:\Users\Laptopi-Homs\Pictures\echogpt\echogpt\main_window_v1.py", line 1477, in display_frame
    raise RuntimeError(
        "FrameDisplayWidget has no supported frame display method"
    )
RuntimeError: FrameDisplayWidget has no supported frame display method
2026-10-07 16:36:00,384 - ultrasound - ERROR - Error displaying video frame: FrameDisplayWidget has no supported frame display method
Traceback (most recent call last):
  File "C:\Users\Laptopi-Homs\Pictures\echogpt\echogpt\main_window_v1.py", line 1477, in display_frame
    raise RuntimeError(
        "FrameDisplayWidget has no supported frame display method"
    )
RuntimeError: FrameDisplayWidget has no supported frame display method
2026-10-07 16:36:00,441 - ultrasound - ERROR - Error displaying video frame: FrameDisplayWidget has no supported frame display method
Traceback (most recent call last):
  File "C:\Users\Laptopi-Homs\Pictures\echogpt\echogpt\main_window_v1.py", line 1477, in display_frame
    raise RuntimeError(
        "FrameDisplayWidget has no supported frame display method"
    )
RuntimeError: FrameDisplayWidget has no supported frame display method
2026-10-07 16:36:00,487 - ultrasound - ERROR - Error displaying video frame: FrameDisplayWidget has no supported frame display method
Traceback (most recent call last):
  File "C:\Users\Laptopi-Homs\Pictures\echogpt\echogpt\main_window_v1.py", line 1477, in display_frame
    raise RuntimeError(
        "FrameDisplayWidget has no supported frame display method"
    )
RuntimeError: FrameDisplayWidget has no supported frame display method
2026-10-07 16:36:00,545 - ultrasound - ERROR - Error displaying video frame: FrameDisplayWidget has no supported frame display method
Traceback (most recent call last):
  File "C:\Users\Laptopi-Homs\Pictures\echogpt\echogpt\main_window_v1.py", line 1477, in display_frame
    raise RuntimeError(
        "FrameDisplayWidget has no supported frame display method"
    )
RuntimeError: FrameDisplayWidget has no supported frame display method
2026-10-07 16:36:00,592 - ultrasound - ERROR - Error displaying video frame: FrameDisplayWidget has no supported frame display method
Traceback (most recent call last):
  File "C:\Users\Laptopi-Homs\Pictures\echogpt\echogpt\main_window_v1.py", line 1477, in display_frame
    raise RuntimeError(
        "FrameDisplayWidget has no supported frame display method"
    )
RuntimeError: FrameDisplayWidget has no supported frame display method
2026-10-07 16:36:00,633 - ultrasound - ERROR - Error displaying video frame: FrameDisplayWidget has no supported frame display method
Traceback (most recent call last):
  File "C:\Users\Laptopi-Homs\Pictures\echogpt\echogpt\main_window_v1.py", line 1477, in display_frame
    raise RuntimeError(
        "FrameDisplayWidget has no supported frame display method"
    )
RuntimeError: FrameDisplayWidget has no supported frame display method
2026-10-07 16:36:00,681 - ultrasound - ERROR - Error displaying video frame: FrameDisplayWidget has no supported frame display method
Traceback (most recent call last):
  File "C:\Users\Laptopi-Homs\Pictures\echogpt\echogpt\main_window_v1.py", line 1477, in display_frame
    raise RuntimeError(
        "FrameDisplayWidget has no supported frame display method"
    )
RuntimeError: FrameDisplayWidget has no supported frame display method
2026-10-07 16:36:00,725 - ultrasound - ERROR - Error displaying video frame: FrameDisplayWidget has no supported frame display method
Traceback (most recent call last):
  File "C:\Users\Laptopi-Homs\Pictures\echogpt\echogpt\main_window_v1.py", line 1477, in display_frame
    raise RuntimeError(
        "FrameDisplayWidget has no supported frame display method"
    )
RuntimeError: FrameDisplayWidget has no supported frame display method
2026-10-07 16:36:00,772 - ultrasound - ERROR - Error displaying video frame: FrameDisplayWidget has no supported frame display method
Traceback (most recent call last):
  File "C:\Users\Laptopi-Homs\Pictures\echogpt\echogpt\main_window_v1.py", line 1477, in display_frame
    raise RuntimeError(
        "FrameDisplayWidget has no supported frame display method"
    )
RuntimeError: FrameDisplayWidget has no supported frame display method
2026-10-07 16:36:00,819 - ultrasound - ERROR - Error displaying video frame: FrameDisplayWidget has no supported frame display method
Traceback (most recent call last):
  File "C:\Users\Laptopi-Homs\Pictures\echogpt\echogpt\main_window_v1.py", line 1477, in display_frame
    raise RuntimeError(
        "FrameDisplayWidget has no supported frame display method"
    )
RuntimeError: FrameDisplayWidget has no supported frame display method
2026-10-07 16:36:00,869 - ultrasound - ERROR - Error displaying video frame: FrameDisplayWidget has no supported frame display method
Traceback (most recent call last):
  File "C:\Users\Laptopi-Homs\Pictures\echogpt\echogpt\main_window_v1.py", line 1477, in display_frame
    raise RuntimeError(
        "FrameDisplayWidget has no supported frame display method"
    )
RuntimeError: FrameDisplayWidget has no supported frame display method
2026-10-07 16:36:00,913 - ultrasound - ERROR - Error displaying video frame: FrameDisplayWidget has no supported frame display method
Traceback (most recent call last):
  File "C:\Users\Laptopi-Homs\Pictures\echogpt\echogpt\main_window_v1.py", line 1477, in display_frame
    raise RuntimeError(
        "FrameDisplayWidget has no supported frame display method"
    )
RuntimeError: FrameDisplayWidget has no supported frame display method
2026-10-07 16:36:00,960 - ultrasound - ERROR - Error displaying video frame: FrameDisplayWidget has no supported frame display method
Traceback (most recent call last):
  File "C:\Users\Laptopi-Homs\Pictures\echogpt\echogpt\main_window_v1.py", line 1477, in display_frame
    raise RuntimeError(
        "FrameDisplayWidget has no supported frame display method"
    )
RuntimeError: FrameDisplayWidget has no supported frame display method
2026-10-07 16:36:01,007 - ultrasound - ERROR - Error displaying video frame: FrameDisplayWidget has no supported frame display method
Traceback (most recent call last):
  File "C:\Users\Laptopi-Homs\Pictures\echogpt\echogpt\main_window_v1.py", line 1477, in display_frame
    raise RuntimeError(
        "FrameDisplayWidget has no supported frame display method"
    )
RuntimeError: FrameDisplayWidget has no supported frame display method
2026-10-07 16:36:01,057 - ultrasound - ERROR - Error displaying video frame: FrameDisplayWidget has no supported frame display method
Traceback (most recent call last):
  File "C:\Users\Laptopi-Homs\Pictures\echogpt\echogpt\main_window_v1.py", line 1477, in display_frame
    raise RuntimeError(
        "FrameDisplayWidget has no supported frame display method"
    )
RuntimeError: FrameDisplayWidget has no supported frame display method
2026-10-07 16:36:01,108 - ultrasound - ERROR - Error displaying video frame: FrameDisplayWidget has no supported frame display method
Traceback (most recent call last):
  File "C:\Users\Laptopi-Homs\Pictures\echogpt\echogpt\main_window_v1.py", line 1477, in display_frame
    raise RuntimeError(
        "FrameDisplayWidget has no supported frame display method"
    )
RuntimeError: FrameDisplayWidget has no supported frame display method
2026-10-07 16:36:01,154 - ultrasound - ERROR - Error displaying video frame: FrameDisplayWidget has no supported frame display method
Traceback (most recent call last):
  File "C:\Users\Laptopi-Homs\Pictures\echogpt\echogpt\main_window_v1.py", line 1477, in display_frame
    raise RuntimeError(
        "FrameDisplayWidget has no supported frame display method"
    )
RuntimeError: FrameDisplayWidget has no supported frame display method
2026-10-07 16:36:01,195 - ultrasound - ERROR - Error displaying video frame: FrameDisplayWidget has no supported frame display method
Traceback (most recent call last):
  File "C:\Users\Laptopi-Homs\Pictures\echogpt\echogpt\main_window_v1.py", line 1477, in display_frame
    raise RuntimeError(
        "FrameDisplayWidget has no supported frame display method"
    )
RuntimeError: FrameDisplayWidget has no supported frame display method
2026-10-07 16:36:01,242 - ultrasound - ERROR - Error displaying video frame: FrameDisplayWidget has no supported frame display method
Traceback (most recent call last):
  File "C:\Users\Laptopi-Homs\Pictures\echogpt\echogpt\main_window_v1.py", line 1477, in display_frame
    raise RuntimeError(
        "FrameDisplayWidget has no supported frame display method"
    )
RuntimeError: FrameDisplayWidget has no supported frame display method
2026-10-07 16:36:01,288 - ultrasound - ERROR - Error displaying video frame: FrameDisplayWidget has no supported frame display method
Traceback (most recent call last):
  File "C:\Users\Laptopi-Homs\Pictures\echogpt\echogpt\main_window_v1.py", line 1477, in display_frame
    raise RuntimeError(
        "FrameDisplayWidget has no supported frame display method"
    )
RuntimeError: FrameDisplayWidget has no supported frame display method
2026-10-07 16:36:01,331 - ultrasound - ERROR - Error displaying video frame: FrameDisplayWidget has no supported frame display method
Traceback (most recent call last):
  File "C:\Users\Laptopi-Homs\Pictures\echogpt\echogpt\main_window_v1.py", line 1477, in display_frame
    raise RuntimeError(
        "FrameDisplayWidget has no supported frame display method"
    )
RuntimeError: FrameDisplayWidget has no supported frame display method
2026-10-07 16:36:01,380 - ultrasound - ERROR - Error displaying video frame: FrameDisplayWidget has no supported frame display method
Traceback (most recent call last):
  File "C:\Users\Laptopi-Homs\Pictures\echogpt\echogpt\main_window_v1.py", line 1477, in display_frame
    raise RuntimeError(
        "FrameDisplayWidget has no supported frame display method"
    )
RuntimeError: FrameDisplayWidget has no supported frame display method
2026-10-07 16:36:01,427 - ultrasound - ERROR - Error displaying video frame: FrameDisplayWidget has no supported frame display method
Traceback (most recent call last):
  File "C:\Users\Laptopi-Homs\Pictures\echogpt\echogpt\main_window_v1.py", line 1477, in display_frame
    raise RuntimeError(
        "FrameDisplayWidget has no supported frame display method"
    )
RuntimeError: FrameDisplayWidget has no supported frame display method
2026-10-07 16:36:01,474 - ultrasound - ERROR - Error displaying video frame: FrameDisplayWidget has no supported frame display method
Traceback (most recent call last):
  File "C:\Users\Laptopi-Homs\Pictures\echogpt\echogpt\main_window_v1.py", line 1477, in display_frame
    raise RuntimeError(
        "FrameDisplayWidget has no supported frame display method"
    )
RuntimeError: FrameDisplayWidget has no supported frame display method
2026-10-07 16:36:01,522 - ultrasound - ERROR - Error displaying video frame: FrameDisplayWidget has no supported frame display method
Traceback (most recent call last):
  File "C:\Users\Laptopi-Homs\Pictures\echogpt\echogpt\main_window_v1.py", line 1477, in display_frame
    raise RuntimeError(
        "FrameDisplayWidget has no supported frame display method"
    )
RuntimeError: FrameDisplayWidget has no supported frame display method
2026-10-07 16:36:01,568 - ultrasound - ERROR - Error displaying video frame: FrameDisplayWidget has no supported frame display method
Traceback (most recent call last):
  File "C:\Users\Laptopi-Homs\Pictures\echogpt\echogpt\main_window_v1.py", line 1477, in display_frame
    raise RuntimeError(
        "FrameDisplayWidget has no supported frame display method"
    )
RuntimeError: FrameDisplayWidget has no supported frame display method
2026-10-07 16:36:01,615 - ultrasound - ERROR - Error displaying video frame: FrameDisplayWidget has no supported frame display method
Traceback (most recent call last):
  File "C:\Users\Laptopi-Homs\Pictures\echogpt\echogpt\main_window_v1.py", line 1477, in display_frame
    raise RuntimeError(
        "FrameDisplayWidget has no supported frame display method"
    )
RuntimeError: FrameDisplayWidget has no supported frame display method
2026-10-07 16:36:01,663 - ultrasound - ERROR - Error displaying video frame: FrameDisplayWidget has no supported frame display method
Traceback (most recent call last):
  File "C:\Users\Laptopi-Homs\Pictures\echogpt\echogpt\main_window_v1.py", line 1477, in display_frame
    raise RuntimeError(
        "FrameDisplayWidget has no supported frame display method"
    )
RuntimeError: FrameDisplayWidget has no supported frame display method
2026-10-07 16:36:01,713 - ultrasound - ERROR - Error displaying video frame: FrameDisplayWidget has no supported frame display method
Traceback (most recent call last):
  File "C:\Users\Laptopi-Homs\Pictures\echogpt\echogpt\main_window_v1.py", line 1477, in display_frame
    raise RuntimeError(
        "FrameDisplayWidget has no supported frame display method"
    )
RuntimeError: FrameDisplayWidget has no supported frame display method
2026-10-07 16:36:01,760 - ultrasound - ERROR - Error displaying video frame: FrameDisplayWidget has no supported frame display method
Traceback (most recent call last):
  File "C:\Users\Laptopi-Homs\Pictures\echogpt\echogpt\main_window_v1.py", line 1477, in display_frame
    raise RuntimeError(
        "FrameDisplayWidget has no supported frame display method"
    )
RuntimeError: FrameDisplayWidget has no supported frame display method
2026-10-07 16:36:01,807 - ultrasound - ERROR - Error displaying video frame: FrameDisplayWidget has no supported frame display method
Traceback (most recent call last):
  File "C:\Users\Laptopi-Homs\Pictures\echogpt\echogpt\main_window_v1.py", line 1477, in display_frame
    raise RuntimeError(
        "FrameDisplayWidget has no supported frame display method"
    )
RuntimeError: FrameDisplayWidget has no supported frame display method
2026-10-07 16:36:01,854 - ultrasound - ERROR - Error displaying video frame: FrameDisplayWidget has no supported frame display method
Traceback (most recent call last):
  File "C:\Users\Laptopi-Homs\Pictures\echogpt\echogpt\main_window_v1.py", line 1477, in display_frame
    raise RuntimeError(
        "FrameDisplayWidget has no supported frame display method"
    )
RuntimeError: FrameDisplayWidget has no supported frame display method
2026-10-07 16:36:01,901 - ultrasound - ERROR - Error displaying video frame: FrameDisplayWidget has no supported frame display method
Traceback (most recent call last):
  File "C:\Users\Laptopi-Homs\Pictures\echogpt\echogpt\main_window_v1.py", line 1477, in display_frame
    raise RuntimeError(
        "FrameDisplayWidget has no supported frame display method"
    )
RuntimeError: FrameDisplayWidget has no supported frame display method
2026-10-07 16:36:01,947 - ultrasound - ERROR - Error displaying video frame: FrameDisplayWidget has no supported frame display method
Traceback (most recent call last):
  File "C:\Users\Laptopi-Homs\Pictures\echogpt\echogpt\main_window_v1.py", line 1477, in display_frame
    raise RuntimeError(
        "FrameDisplayWidget has no supported frame display method"
    )
RuntimeError: FrameDisplayWidget has no supported frame display method
2026-10-07 16:36:01,995 - ultrasound - ERROR - Error displaying video frame: FrameDisplayWidget has no supported frame display method
Traceback (most recent call last):
  File "C:\Users\Laptopi-Homs\Pictures\echogpt\echogpt\main_window_v1.py", line 1477, in display_frame
    raise RuntimeError(
        "FrameDisplayWidget has no supported frame display method"
    )
RuntimeError: FrameDisplayWidget has no supported frame display method
2026-10-07 16:36:02,041 - ultrasound - ERROR - Error displaying video frame: FrameDisplayWidget has no supported frame display method
Traceback (most recent call last):
  File "C:\Users\Laptopi-Homs\Pictures\echogpt\echogpt\main_window_v1.py", line 1477, in display_frame
    raise RuntimeError(
        "FrameDisplayWidget has no supported frame display method"
    )
RuntimeError: FrameDisplayWidget has no supported frame display method
2026-10-07 16:36:02,088 - ultrasound - ERROR - Error displaying video frame: FrameDisplayWidget has no supported frame display method
Traceback (most recent call last):
  File "C:\Users\Laptopi-Homs\Pictures\echogpt\echogpt\main_window_v1.py", line 1477, in display_frame
    raise RuntimeError(
        "FrameDisplayWidget has no supported frame display method"
    )
RuntimeError: FrameDisplayWidget has no supported frame display method
2026-10-07 16:36:02,135 - ultrasound - ERROR - Error displaying video frame: FrameDisplayWidget has no supported frame display method
Traceback (most recent call last):
  File "C:\Users\Laptopi-Homs\Pictures\echogpt\echogpt\main_window_v1.py", line 1477, in display_frame
    raise RuntimeError(
        "FrameDisplayWidget has no supported frame display method"
    )
RuntimeError: FrameDisplayWidget has no supported frame display method
2026-10-07 16:36:02,182 - ultrasound - ERROR - Error displaying video frame: FrameDisplayWidget has no supported frame display method
Traceback (most recent call last):
  File "C:\Users\Laptopi-Homs\Pictures\echogpt\echogpt\main_window_v1.py", line 1477, in display_frame
    raise RuntimeError(
        "FrameDisplayWidget has no supported frame display method"
    )
RuntimeError: FrameDisplayWidget has no supported frame display method
2026-10-07 16:36:02,228 - ultrasound - ERROR - Error displaying video frame: FrameDisplayWidget has no supported frame display method
Traceback (most recent call last):
  File "C:\Users\Laptopi-Homs\Pictures\echogpt\echogpt\main_window_v1.py", line 1477, in display_frame
    raise RuntimeError(
        "FrameDisplayWidget has no supported frame display method"
    )
RuntimeError: FrameDisplayWidget has no supported frame display method
2026-10-07 16:36:02,275 - ultrasound - ERROR - Error displaying video frame: FrameDisplayWidget has no supported frame display method
Traceback (most recent call last):
  File "C:\Users\Laptopi-Homs\Pictures\echogpt\echogpt\main_window_v1.py", line 1477, in display_frame
    raise RuntimeError(
        "FrameDisplayWidget has no supported frame display method"
    )
RuntimeError: FrameDisplayWidget has no supported frame display method
2026-10-07 16:36:02,322 - ultrasound - ERROR - Error displaying video frame: FrameDisplayWidget has no supported frame display method
Traceback (most recent call last):
  File "C:\Users\Laptopi-Homs\Pictures\echogpt\echogpt\main_window_v1.py", line 1477, in display_frame
    raise RuntimeError(
        "FrameDisplayWidget has no supported frame display method"
    )
RuntimeError: FrameDisplayWidget has no supported frame display method
2026-10-07 16:36:02,369 - ultrasound - ERROR - Error displaying video frame: FrameDisplayWidget has no supported frame display method
Traceback (most recent call last):
  File "C:\Users\Laptopi-Homs\Pictures\echogpt\echogpt\main_window_v1.py", line 1477, in display_frame
    raise RuntimeError(
        "FrameDisplayWidget has no supported frame display method"
    )
RuntimeError: FrameDisplayWidget has no supported frame display method
2026-10-07 16:36:02,416 - ultrasound - ERROR - Error displaying video frame: FrameDisplayWidget has no supported frame display method
Traceback (most recent call last):
  File "C:\Users\Laptopi-Homs\Pictures\echogpt\echogpt\main_window_v1.py", line 1477, in display_frame
    raise RuntimeError(
        "FrameDisplayWidget has no supported frame display method"
    )
RuntimeError: FrameDisplayWidget has no supported frame display method
2026-10-07 16:36:02,463 - ultrasound - ERROR - Error displaying video frame: FrameDisplayWidget has no supported frame display method
Traceback (most recent call last):
  File "C:\Users\Laptopi-Homs\Pictures\echogpt\echogpt\main_window_v1.py", line 1477, in display_frame
    raise RuntimeError(
        "FrameDisplayWidget has no supported frame display method"
    )
RuntimeError: FrameDisplayWidget has no supported frame display method
2026-10-07 16:36:02,509 - ultrasound - ERROR - Error displaying video frame: FrameDisplayWidget has no supported frame display method
Traceback (most recent call last):
  File "C:\Users\Laptopi-Homs\Pictures\echogpt\echogpt\main_window_v1.py", line 1477, in display_frame
    raise RuntimeError(
        "FrameDisplayWidget has no supported frame display method"
    )
RuntimeError: FrameDisplayWidget has no supported frame display method
2026-10-07 16:36:02,560 - ultrasound - ERROR - Error displaying video frame: FrameDisplayWidget has no supported frame display method
Traceback (most recent call last):
  File "C:\Users\Laptopi-Homs\Pictures\echogpt\echogpt\main_window_v1.py", line 1477, in display_frame
    raise RuntimeError(
        "FrameDisplayWidget has no supported frame display method"
    )
RuntimeError: FrameDisplayWidget has no supported frame display method
2026-10-07 16:36:02,607 - ultrasound - ERROR - Error displaying video frame: FrameDisplayWidget has no supported frame display method
Traceback (most recent call last):
  File "C:\Users\Laptopi-Homs\Pictures\echogpt\echogpt\main_window_v1.py", line 1477, in display_frame
    raise RuntimeError(
        "FrameDisplayWidget has no supported frame display method"
    )
RuntimeError: FrameDisplayWidget has no supported frame display method
2026-10-07 16:36:02,653 - ultrasound - ERROR - Error displaying video frame: FrameDisplayWidget has no supported frame display method
Traceback (most recent call last):
  File "C:\Users\Laptopi-Homs\Pictures\echogpt\echogpt\main_window_v1.py", line 1477, in display_frame
    raise RuntimeError(
        "FrameDisplayWidget has no supported frame display method"
    )
RuntimeError: FrameDisplayWidget has no supported frame display method
2026-10-07 16:36:02,700 - ultrasound - ERROR - Error displaying video frame: FrameDisplayWidget has no supported frame display method
Traceback (most recent call last):
  File "C:\Users\Laptopi-Homs\Pictures\echogpt\echogpt\main_window_v1.py", line 1477, in display_frame
    raise RuntimeError(
        "FrameDisplayWidget has no supported frame display method"
    )
RuntimeError: FrameDisplayWidget has no supported frame display method
2026-10-07 16:36:02,748 - ultrasound - ERROR - Error displaying video frame: FrameDisplayWidget has no supported frame display method
Traceback (most recent call last):
  File "C:\Users\Laptopi-Homs\Pictures\echogpt\echogpt\main_window_v1.py", line 1477, in display_frame
    raise RuntimeError(
        "FrameDisplayWidget has no supported frame display method"
    )
RuntimeError: FrameDisplayWidget has no supported frame display method
2026-10-07 16:36:02,792 - ultrasound - ERROR - Error displaying video frame: FrameDisplayWidget has no supported frame display method
Traceback (most recent call last):
  File "C:\Users\Laptopi-Homs\Pictures\echogpt\echogpt\main_window_v1.py", line 1477, in display_frame
    raise RuntimeError(
        "FrameDisplayWidget has no supported frame display method"
    )
RuntimeError: FrameDisplayWidget has no supported frame display method
2026-10-07 16:36:02,839 - ultrasound - ERROR - Error displaying video frame: FrameDisplayWidget has no supported frame display method
Traceback (most recent call last):
  File "C:\Users\Laptopi-Homs\Pictures\echogpt\echogpt\main_window_v1.py", line 1477, in display_frame
    raise RuntimeError(
        "FrameDisplayWidget has no supported frame display method"
    )
RuntimeError: FrameDisplayWidget has no supported frame display method
2026-10-07 16:36:02,886 - ultrasound - ERROR - Error displaying video frame: FrameDisplayWidget has no supported frame display method
Traceback (most recent call last):
  File "C:\Users\Laptopi-Homs\Pictures\echogpt\echogpt\main_window_v1.py", line 1477, in display_frame
    raise RuntimeError(
        "FrameDisplayWidget has no supported frame display method"
    )
RuntimeError: FrameDisplayWidget has no supported frame display method
2026-10-07 16:36:02,933 - ultrasound - ERROR - Error displaying video frame: FrameDisplayWidget has no supported frame display method
Traceback (most recent call last):
  File "C:\Users\Laptopi-Homs\Pictures\echogpt\echogpt\main_window_v1.py", line 1477, in display_frame
    raise RuntimeError(
        "FrameDisplayWidget has no supported frame display method"
    )
RuntimeError: FrameDisplayWidget has no supported frame display method
2026-10-07 16:36:02,980 - ultrasound - ERROR - Error displaying video frame: FrameDisplayWidget has no supported frame display method
Traceback (most recent call last):
  File "C:\Users\Laptopi-Homs\Pictures\echogpt\echogpt\main_window_v1.py", line 1477, in display_frame
    raise RuntimeError(
        "FrameDisplayWidget has no supported frame display method"
    )
RuntimeError: FrameDisplayWidget has no supported frame display method
2026-10-07 16:36:03,027 - ultrasound - ERROR - Error displaying video frame: FrameDisplayWidget has no supported frame display method
Traceback (most recent call last):
  File "C:\Users\Laptopi-Homs\Pictures\echogpt\echogpt\main_window_v1.py", line 1477, in display_frame
    raise RuntimeError(
        "FrameDisplayWidget has no supported frame display method"
    )
RuntimeError: FrameDisplayWidget has no supported frame display method
2026-10-07 16:36:03,073 - ultrasound - ERROR - Error displaying video frame: FrameDisplayWidget has no supported frame display method
Traceback (most recent call last):
  File "C:\Users\Laptopi-Homs\Pictures\echogpt\echogpt\main_window_v1.py", line 1477, in display_frame
    raise RuntimeError(
        "FrameDisplayWidget has no supported frame display method"
    )
RuntimeError: FrameDisplayWidget has no supported frame display method
2026-10-07 16:36:03,120 - ultrasound - ERROR - Error displaying video frame: FrameDisplayWidget has no supported frame display method
Traceback (most recent call last):
  File "C:\Users\Laptopi-Homs\Pictures\echogpt\echogpt\main_window_v1.py", line 1477, in display_frame
    raise RuntimeError(
        "FrameDisplayWidget has no supported frame display method"
    )
RuntimeError: FrameDisplayWidget has no supported frame display method
2026-10-07 16:36:03,167 - ultrasound - ERROR - Error displaying video frame: FrameDisplayWidget has no supported frame display method
Traceback (most recent call last):
  File "C:\Users\Laptopi-Homs\Pictures\echogpt\echogpt\main_window_v1.py", line 1477, in display_frame
    raise RuntimeError(
        "FrameDisplayWidget has no supported frame display method"
    )
RuntimeError: FrameDisplayWidget has no supported frame display method
2026-10-07 16:36:03,214 - ultrasound - ERROR - Error displaying video frame: FrameDisplayWidget has no supported frame display method
Traceback (most recent call last):
  File "C:\Users\Laptopi-Homs\Pictures\echogpt\echogpt\main_window_v1.py", line 1477, in display_frame
    raise RuntimeError(
        "FrameDisplayWidget has no supported frame display method"
    )
RuntimeError: FrameDisplayWidget has no supported frame display method
2026-10-07 16:36:03,262 - ultrasound - ERROR - Error displaying video frame: FrameDisplayWidget has no supported frame display method
Traceback (most recent call last):
  File "C:\Users\Laptopi-Homs\Pictures\echogpt\echogpt\main_window_v1.py", line 1477, in display_frame
    raise RuntimeError(
        "FrameDisplayWidget has no supported frame display method"
    )
RuntimeError: FrameDisplayWidget has no supported frame display method
2026-10-07 16:36:03,311 - ultrasound - ERROR - Error displaying video frame: FrameDisplayWidget has no supported frame display method
Traceback (most recent call last):
  File "C:\Users\Laptopi-Homs\Pictures\echogpt\echogpt\main_window_v1.py", line 1477, in display_frame
    raise RuntimeError(
        "FrameDisplayWidget has no supported frame display method"
    )
RuntimeError: FrameDisplayWidget has no supported frame display method
2026-10-07 16:36:03,360 - ultrasound - ERROR - Error displaying video frame: FrameDisplayWidget has no supported frame display method
Traceback (most recent call last):
  File "C:\Users\Laptopi-Homs\Pictures\echogpt\echogpt\main_window_v1.py", line 1477, in display_frame
    raise RuntimeError(
        "FrameDisplayWidget has no supported frame display method"
    )
RuntimeError: FrameDisplayWidget has no supported frame display method
2026-10-07 16:36:03,405 - ultrasound - ERROR - Error displaying video frame: FrameDisplayWidget has no supported frame display method
Traceback (most recent call last):
  File "C:\Users\Laptopi-Homs\Pictures\echogpt\echogpt\main_window_v1.py", line 1477, in display_frame
    raise RuntimeError(
        "FrameDisplayWidget has no supported frame display method"
    )
RuntimeError: FrameDisplayWidget has no supported frame display method
2026-10-07 16:36:03,452 - ultrasound - ERROR - Error displaying video frame: FrameDisplayWidget has no supported frame display method
Traceback (most recent call last):
  File "C:\Users\Laptopi-Homs\Pictures\echogpt\echogpt\main_window_v1.py", line 1477, in display_frame
    raise RuntimeError(
        "FrameDisplayWidget has no supported frame display method"
    )
RuntimeError: FrameDisplayWidget has no supported frame display method
2026-10-07 16:36:03,498 - ultrasound - ERROR - Error displaying video frame: FrameDisplayWidget has no supported frame display method
Traceback (most recent call last):
  File "C:\Users\Laptopi-Homs\Pictures\echogpt\echogpt\main_window_v1.py", line 1477, in display_frame
    raise RuntimeError(
        "FrameDisplayWidget has no supported frame display method"
    )
RuntimeError: FrameDisplayWidget has no supported frame display method
2026-10-07 16:36:03,547 - ultrasound - ERROR - Error displaying video frame: FrameDisplayWidget has no supported frame display method
Traceback (most recent call last):
  File "C:\Users\Laptopi-Homs\Pictures\echogpt\echogpt\main_window_v1.py", line 1477, in display_frame
    raise RuntimeError(
        "FrameDisplayWidget has no supported frame display method"
    )
RuntimeError: FrameDisplayWidget has no supported frame display method
2026-10-07 16:36:03,594 - ultrasound - ERROR - Error displaying video frame: FrameDisplayWidget has no supported frame display method
Traceback (most recent call last):
  File "C:\Users\Laptopi-Homs\Pictures\echogpt\echogpt\main_window_v1.py", line 1477, in display_frame
    raise RuntimeError(
        "FrameDisplayWidget has no supported frame display method"
    )
RuntimeError: FrameDisplayWidget has no supported frame display method
2026-10-07 16:36:03,642 - ultrasound - ERROR - Error displaying video frame: FrameDisplayWidget has no supported frame display method
Traceback (most recent call last):
  File "C:\Users\Laptopi-Homs\Pictures\echogpt\echogpt\main_window_v1.py", line 1477, in display_frame
    raise RuntimeError(
        "FrameDisplayWidget has no supported frame display method"
    )
RuntimeError: FrameDisplayWidget has no supported frame display method
2026-10-07 16:36:03,687 - ultrasound - ERROR - Error displaying video frame: FrameDisplayWidget has no supported frame display method
Traceback (most recent call last):
  File "C:\Users\Laptopi-Homs\Pictures\echogpt\echogpt\main_window_v1.py", line 1477, in display_frame
    raise RuntimeError(
        "FrameDisplayWidget has no supported frame display method"
    )
RuntimeError: FrameDisplayWidget has no supported frame display method
2026-10-07 16:36:03,734 - ultrasound - ERROR - Error displaying video frame: FrameDisplayWidget has no supported frame display method
Traceback (most recent call last):
  File "C:\Users\Laptopi-Homs\Pictures\echogpt\echogpt\main_window_v1.py", line 1477, in display_frame
    raise RuntimeError(
        "FrameDisplayWidget has no supported frame display method"
    )
RuntimeError: FrameDisplayWidget has no supported frame display method
2026-10-07 16:36:03,781 - ultrasound - ERROR - Error displaying video frame: FrameDisplayWidget has no supported frame display method
Traceback (most recent call last):
  File "C:\Users\Laptopi-Homs\Pictures\echogpt\echogpt\main_window_v1.py", line 1477, in display_frame
    raise RuntimeError(
        "FrameDisplayWidget has no supported frame display method"
    )
RuntimeError: FrameDisplayWidget has no supported frame display method
2026-10-07 16:36:03,820 - ultrasound - ERROR - Error displaying video frame: FrameDisplayWidget has no supported frame display method
Traceback (most recent call last):
  File "C:\Users\Laptopi-Homs\Pictures\echogpt\echogpt\main_window_v1.py", line 1477, in display_frame
    raise RuntimeError(
        "FrameDisplayWidget has no supported frame display method"
    )
RuntimeError: FrameDisplayWidget has no supported frame display method
2026-10-07 16:36:03,877 - ultrasound - ERROR - Error displaying video frame: FrameDisplayWidget has no supported frame display method
Traceback (most recent call last):
  File "C:\Users\Laptopi-Homs\Pictures\echogpt\echogpt\main_window_v1.py", line 1477, in display_frame
    raise RuntimeError(
        "FrameDisplayWidget has no supported frame display method"
    )
RuntimeError: FrameDisplayWidget has no supported frame display method
2026-10-07 16:36:03,923 - ultrasound - ERROR - Error displaying video frame: FrameDisplayWidget has no supported frame display method
Traceback (most recent call last):
  File "C:\Users\Laptopi-Homs\Pictures\echogpt\echogpt\main_window_v1.py", line 1477, in display_frame
    raise RuntimeError(
        "FrameDisplayWidget has no supported frame display method"
    )
RuntimeError: FrameDisplayWidget has no supported frame display method
2026-10-07 16:36:03,970 - ultrasound - ERROR - Error displaying video frame: FrameDisplayWidget has no supported frame display method
Traceback (most recent call last):
  File "C:\Users\Laptopi-Homs\Pictures\echogpt\echogpt\main_window_v1.py", line 1477, in display_frame
    raise RuntimeError(
        "FrameDisplayWidget has no supported frame display method"
    )
RuntimeError: FrameDisplayWidget has no supported frame display method
2026-10-07 16:36:04,007 - ultrasound - ERROR - Error displaying video frame: FrameDisplayWidget has no supported frame display method
Traceback (most recent call last):
  File "C:\Users\Laptopi-Homs\Pictures\echogpt\echogpt\main_window_v1.py", line 1477, in display_frame
    raise RuntimeError(
        "FrameDisplayWidget has no supported frame display method"
    )
RuntimeError: FrameDisplayWidget has no supported frame display method
2026-10-07 16:36:04,063 - ultrasound - ERROR - Error displaying video frame: FrameDisplayWidget has no supported frame display method
Traceback (most recent call last):
  File "C:\Users\Laptopi-Homs\Pictures\echogpt\echogpt\main_window_v1.py", line 1477, in display_frame
    raise RuntimeError(
        "FrameDisplayWidget has no supported frame display method"
    )
RuntimeError: FrameDisplayWidget has no supported frame display method
2026-10-07 16:36:04,109 - ultrasound - ERROR - Error displaying video frame: FrameDisplayWidget has no supported frame display method
Traceback (most recent call last):
  File "C:\Users\Laptopi-Homs\Pictures\echogpt\echogpt\main_window_v1.py", line 1477, in display_frame
    raise RuntimeError(
        "FrameDisplayWidget has no supported frame display method"
    )
RuntimeError: FrameDisplayWidget has no supported frame display method
2026-10-07 16:36:04,146 - ultrasound - ERROR - Error displaying video frame: FrameDisplayWidget has no supported frame display method
Traceback (most recent call last):
  File "C:\Users\Laptopi-Homs\Pictures\echogpt\echogpt\main_window_v1.py", line 1477, in display_frame
    raise RuntimeError(
        "FrameDisplayWidget has no supported frame display method"
    )
RuntimeError: FrameDisplayWidget has no supported frame display method
2026-10-07 16:36:04,190 - ultrasound - ERROR - Error displaying video frame: FrameDisplayWidget has no supported frame display method
Traceback (most recent call last):
  File "C:\Users\Laptopi-Homs\Pictures\echogpt\echogpt\main_window_v1.py", line 1477, in display_frame
    raise RuntimeError(
        "FrameDisplayWidget has no supported frame display method"
    )
RuntimeError: FrameDisplayWidget has no supported frame display method
2026-10-07 16:36:04,246 - ultrasound - ERROR - Error displaying video frame: FrameDisplayWidget has no supported frame display method
Traceback (most recent call last):
  File "C:\Users\Laptopi-Homs\Pictures\echogpt\echogpt\main_window_v1.py", line 1477, in display_frame
    raise RuntimeError(
        "FrameDisplayWidget has no supported frame display method"
    )
RuntimeError: FrameDisplayWidget has no supported frame display method
2026-10-07 16:36:04,295 - ultrasound - ERROR - Error displaying video frame: FrameDisplayWidget has no supported frame display method
Traceback (most recent call last):
  File "C:\Users\Laptopi-Homs\Pictures\echogpt\echogpt\main_window_v1.py", line 1477, in display_frame
    raise RuntimeError(
        "FrameDisplayWidget has no supported frame display method"
    )
RuntimeError: FrameDisplayWidget has no supported frame display method
2026-10-07 16:36:04,331 - ultrasound - ERROR - Error displaying video frame: FrameDisplayWidget has no supported frame display method
Traceback (most recent call last):
  File "C:\Users\Laptopi-Homs\Pictures\echogpt\echogpt\main_window_v1.py", line 1477, in display_frame
    raise RuntimeError(
        "FrameDisplayWidget has no supported frame display method"
    )
RuntimeError: FrameDisplayWidget has no supported frame display method
2026-10-07 16:36:04,379 - ultrasound - ERROR - Error displaying video frame: FrameDisplayWidget has no supported frame display method
Traceback (most recent call last):
  File "C:\Users\Laptopi-Homs\Pictures\echogpt\echogpt\main_window_v1.py", line 1477, in display_frame
    raise RuntimeError(
        "FrameDisplayWidget has no supported frame display method"
    )
RuntimeError: FrameDisplayWidget has no supported frame display method
2026-10-07 16:36:04,429 - ultrasound - ERROR - Error displaying video frame: FrameDisplayWidget has no supported frame display method
Traceback (most recent call last):
  File "C:\Users\Laptopi-Homs\Pictures\echogpt\echogpt\main_window_v1.py", line 1477, in display_frame
    raise RuntimeError(
        "FrameDisplayWidget has no supported frame display method"
    )
RuntimeError: FrameDisplayWidget has no supported frame display method
2026-10-07 16:36:04,479 - ultrasound - ERROR - Error displaying video frame: FrameDisplayWidget has no supported frame display method
Traceback (most recent call last):
  File "C:\Users\Laptopi-Homs\Pictures\echogpt\echogpt\main_window_v1.py", line 1477, in display_frame
    raise RuntimeError(
        "FrameDisplayWidget has no supported frame display method"
    )
RuntimeError: FrameDisplayWidget has no supported frame display method
2026-10-07 16:36:04,519 - ultrasound - ERROR - Error displaying video frame: FrameDisplayWidget has no supported frame display method
Traceback (most recent call last):
  File "C:\Users\Laptopi-Homs\Pictures\echogpt\echogpt\main_window_v1.py", line 1477, in display_frame
    raise RuntimeError(
        "FrameDisplayWidget has no supported frame display method"
    )
RuntimeError: FrameDisplayWidget has no supported frame display method
2026-10-07 16:36:04,566 - ultrasound - ERROR - Error displaying video frame: FrameDisplayWidget has no supported frame display method
Traceback (most recent call last):
  File "C:\Users\Laptopi-Homs\Pictures\echogpt\echogpt\main_window_v1.py", line 1477, in display_frame
    raise RuntimeError(
        "FrameDisplayWidget has no supported frame display method"
    )
RuntimeError: FrameDisplayWidget has no supported frame display method
2026-10-07 16:36:04,622 - ultrasound - ERROR - Error displaying video frame: FrameDisplayWidget has no supported frame display method
Traceback (most recent call last):
  File "C:\Users\Laptopi-Homs\Pictures\echogpt\echogpt\main_window_v1.py", line 1477, in display_frame
    raise RuntimeError(
        "FrameDisplayWidget has no supported frame display method"
    )
RuntimeError: FrameDisplayWidget has no supported frame display method
2026-10-07 16:36:04,661 - ultrasound - ERROR - Error displaying video frame: FrameDisplayWidget has no supported frame display method
Traceback (most recent call last):
  File "C:\Users\Laptopi-Homs\Pictures\echogpt\echogpt\main_window_v1.py", line 1477, in display_frame
    raise RuntimeError(
        "FrameDisplayWidget has no supported frame display method"
    )
RuntimeError: FrameDisplayWidget has no supported frame display method
2026-10-07 16:36:04,714 - ultrasound - ERROR - Error displaying video frame: FrameDisplayWidget has no supported frame display method
Traceback (most recent call last):
  File "C:\Users\Laptopi-Homs\Pictures\echogpt\echogpt\main_window_v1.py", line 1477, in display_frame
    raise RuntimeError(
        "FrameDisplayWidget has no supported frame display method"
    )
RuntimeError: FrameDisplayWidget has no supported frame display method
2026-10-07 16:36:04,761 - ultrasound - ERROR - Error displaying video frame: FrameDisplayWidget has no supported frame display method
Traceback (most recent call last):
  File "C:\Users\Laptopi-Homs\Pictures\echogpt\echogpt\main_window_v1.py", line 1477, in display_frame
    raise RuntimeError(
        "FrameDisplayWidget has no supported frame display method"
    )
RuntimeError: FrameDisplayWidget has no supported frame display method
2026-10-07 16:36:04,811 - ultrasound - ERROR - Error displaying video frame: FrameDisplayWidget has no supported frame display method
Traceback (most recent call last):
  File "C:\Users\Laptopi-Homs\Pictures\echogpt\echogpt\main_window_v1.py", line 1477, in display_frame
    raise RuntimeError(
        "FrameDisplayWidget has no supported frame display method"
    )
RuntimeError: FrameDisplayWidget has no supported frame display method
2026-10-07 16:36:04,859 - ultrasound - ERROR - Error displaying video frame: FrameDisplayWidget has no supported frame display method
Traceback (most recent call last):
  File "C:\Users\Laptopi-Homs\Pictures\echogpt\echogpt\main_window_v1.py", line 1477, in display_frame
    raise RuntimeError(
        "FrameDisplayWidget has no supported frame display method"
    )
RuntimeError: FrameDisplayWidget has no supported frame display method
2026-10-07 16:36:04,895 - ultrasound - ERROR - Error displaying video frame: FrameDisplayWidget has no supported frame display method
Traceback (most recent call last):
  File "C:\Users\Laptopi-Homs\Pictures\echogpt\echogpt\main_window_v1.py", line 1477, in display_frame
    raise RuntimeError(
        "FrameDisplayWidget has no supported frame display method"
    )
RuntimeError: FrameDisplayWidget has no supported frame display method
2026-10-07 16:36:04,943 - ultrasound - ERROR - Error displaying video frame: FrameDisplayWidget has no supported frame display method
Traceback (most recent call last):
  File "C:\Users\Laptopi-Homs\Pictures\echogpt\echogpt\main_window_v1.py", line 1477, in display_frame
    raise RuntimeError(
        "FrameDisplayWidget has no supported frame display method"
    )
RuntimeError: FrameDisplayWidget has no supported frame display method
2026-10-07 16:36:04,990 - ultrasound - ERROR - Error displaying video frame: FrameDisplayWidget has no supported frame display method
Traceback (most recent call last):
  File "C:\Users\Laptopi-Homs\Pictures\echogpt\echogpt\main_window_v1.py", line 1477, in display_frame
    raise RuntimeError(
        "FrameDisplayWidget has no supported frame display method"
    )
RuntimeError: FrameDisplayWidget has no supported frame display method
2026-10-07 16:36:05,044 - ultrasound - ERROR - Error displaying video frame: FrameDisplayWidget has no supported frame display method
Traceback (most recent call last):
  File "C:\Users\Laptopi-Homs\Pictures\echogpt\echogpt\main_window_v1.py", line 1477, in display_frame
    raise RuntimeError(
        "FrameDisplayWidget has no supported frame display method"
    )
RuntimeError: FrameDisplayWidget has no supported frame display method
2026-10-07 16:36:05,080 - ultrasound - ERROR - Error displaying video frame: FrameDisplayWidget has no supported frame display method
Traceback (most recent call last):
  File "C:\Users\Laptopi-Homs\Pictures\echogpt\echogpt\main_window_v1.py", line 1477, in display_frame
    raise RuntimeError(
        "FrameDisplayWidget has no supported frame display method"
    )
RuntimeError: FrameDisplayWidget has no supported frame display method
2026-10-07 16:36:05,127 - ultrasound - ERROR - Error displaying video frame: FrameDisplayWidget has no supported frame display method
Traceback (most recent call last):
  File "C:\Users\Laptopi-Homs\Pictures\echogpt\echogpt\main_window_v1.py", line 1477, in display_frame
    raise RuntimeError(
        "FrameDisplayWidget has no supported frame display method"
    )
RuntimeError: FrameDisplayWidget has no supported frame display method
2026-10-07 16:36:05,175 - ultrasound - ERROR - Error displaying video frame: FrameDisplayWidget has no supported frame display method
Traceback (most recent call last):
  File "C:\Users\Laptopi-Homs\Pictures\echogpt\echogpt\main_window_v1.py", line 1477, in display_frame
    raise RuntimeError(
        "FrameDisplayWidget has no supported frame display method"
    )
RuntimeError: FrameDisplayWidget has no supported frame display method
2026-10-07 16:36:05,236 - ultrasound - ERROR - Error displaying video frame: FrameDisplayWidget has no supported frame display method
Traceback (most recent call last):
  File "C:\Users\Laptopi-Homs\Pictures\echogpt\echogpt\main_window_v1.py", line 1477, in display_frame
    raise RuntimeError(
        "FrameDisplayWidget has no supported frame display method"
    )
RuntimeError: FrameDisplayWidget has no supported frame display method
2026-10-07 16:36:05,287 - ultrasound - ERROR - Error displaying video frame: FrameDisplayWidget has no supported frame display method
Traceback (most recent call last):
  File "C:\Users\Laptopi-Homs\Pictures\echogpt\echogpt\main_window_v1.py", line 1477, in display_frame
    raise RuntimeError(
        "FrameDisplayWidget has no supported frame display method"
    )
RuntimeError: FrameDisplayWidget has no supported frame display method
2026-10-07 16:36:05,326 - ultrasound - ERROR - Error displaying video frame: FrameDisplayWidget has no supported frame display method
Traceback (most recent call last):
  File "C:\Users\Laptopi-Homs\Pictures\echogpt\echogpt\main_window_v1.py", line 1477, in display_frame
    raise RuntimeError(
        "FrameDisplayWidget has no supported frame display method"
    )
RuntimeError: FrameDisplayWidget has no supported frame display method
2026-10-07 16:36:05,372 - ultrasound - ERROR - Error displaying video frame: FrameDisplayWidget has no supported frame display method
Traceback (most recent call last):
  File "C:\Users\Laptopi-Homs\Pictures\echogpt\echogpt\main_window_v1.py", line 1477, in display_frame
    raise RuntimeError(
        "FrameDisplayWidget has no supported frame display method"
    )
RuntimeError: FrameDisplayWidget has no supported frame display method
2026-10-07 16:36:05,410 - ultrasound - ERROR - Error displaying video frame: FrameDisplayWidget has no supported frame display method
Traceback (most recent call last):
  File "C:\Users\Laptopi-Homs\Pictures\echogpt\echogpt\main_window_v1.py", line 1477, in display_frame
    raise RuntimeError(
        "FrameDisplayWidget has no supported frame display method"
    )
RuntimeError: FrameDisplayWidget has no supported frame display method
2026-10-07 16:36:05,459 - ultrasound - ERROR - Error displaying video frame: FrameDisplayWidget has no supported frame display method
Traceback (most recent call last):
  File "C:\Users\Laptopi-Homs\Pictures\echogpt\echogpt\main_window_v1.py", line 1477, in display_frame
    raise RuntimeError(
        "FrameDisplayWidget has no supported frame display method"
    )
RuntimeError: FrameDisplayWidget has no supported frame display method
2026-10-07 16:36:05,509 - ultrasound - ERROR - Error displaying video frame: FrameDisplayWidget has no supported frame display method
Traceback (most recent call last):
  File "C:\Users\Laptopi-Homs\Pictures\echogpt\echogpt\main_window_v1.py", line 1477, in display_frame
    raise RuntimeError(
        "FrameDisplayWidget has no supported frame display method"
    )
RuntimeError: FrameDisplayWidget has no supported frame display method
2026-10-07 16:36:05,555 - ultrasound - ERROR - Error displaying video frame: FrameDisplayWidget has no supported frame display method
Traceback (most recent call last):
  File "C:\Users\Laptopi-Homs\Pictures\echogpt\echogpt\main_window_v1.py", line 1477, in display_frame
    raise RuntimeError(
        "FrameDisplayWidget has no supported frame display method"
    )
RuntimeError: FrameDisplayWidget has no supported frame display method
2026-10-07 16:36:05,599 - ultrasound - ERROR - Error displaying video frame: FrameDisplayWidget has no supported frame display method
Traceback (most recent call last):
  File "C:\Users\Laptopi-Homs\Pictures\echogpt\echogpt\main_window_v1.py", line 1477, in display_frame
    raise RuntimeError(
        "FrameDisplayWidget has no supported frame display method"
    )
RuntimeError: FrameDisplayWidget has no supported frame display method
2026-10-07 16:36:05,643 - ultrasound - ERROR - Error displaying video frame: FrameDisplayWidget has no supported frame display method
Traceback (most recent call last):
  File "C:\Users\Laptopi-Homs\Pictures\echogpt\echogpt\main_window_v1.py", line 1477, in display_frame
    raise RuntimeError(
        "FrameDisplayWidget has no supported frame display method"
    )
RuntimeError: FrameDisplayWidget has no supported frame display method
2026-10-07 16:36:05,694 - ultrasound - ERROR - Error displaying video frame: FrameDisplayWidget has no supported frame display method
Traceback (most recent call last):
  File "C:\Users\Laptopi-Homs\Pictures\echogpt\echogpt\main_window_v1.py", line 1477, in display_frame
    raise RuntimeError(
        "FrameDisplayWidget has no supported frame display method"
    )
RuntimeError: FrameDisplayWidget has no supported frame display method
2026-10-07 16:36:05,743 - ultrasound - ERROR - Error displaying video frame: FrameDisplayWidget has no supported frame display method
Traceback (most recent call last):
  File "C:\Users\Laptopi-Homs\Pictures\echogpt\echogpt\main_window_v1.py", line 1477, in display_frame
    raise RuntimeError(
        "FrameDisplayWidget has no supported frame display method"
    )
RuntimeError: FrameDisplayWidget has no supported frame display method
2026-10-07 16:36:05,791 - ultrasound - ERROR - Error displaying video frame: FrameDisplayWidget has no supported frame display method
Traceback (most recent call last):
  File "C:\Users\Laptopi-Homs\Pictures\echogpt\echogpt\main_window_v1.py", line 1477, in display_frame
    raise RuntimeError(
        "FrameDisplayWidget has no supported frame display method"
    )
RuntimeError: FrameDisplayWidget has no supported frame display method
2026-10-07 16:36:05,841 - ultrasound - ERROR - Error displaying video frame: FrameDisplayWidget has no supported frame display method
Traceback (most recent call last):
  File "C:\Users\Laptopi-Homs\Pictures\echogpt\echogpt\main_window_v1.py", line 1477, in display_frame
    raise RuntimeError(
        "FrameDisplayWidget has no supported frame display method"
    )
RuntimeError: FrameDisplayWidget has no supported frame display method
2026-10-07 16:36:05,881 - ultrasound - ERROR - Error displaying video frame: FrameDisplayWidget has no supported frame display method
Traceback (most recent call last):
  File "C:\Users\Laptopi-Homs\Pictures\echogpt\echogpt\main_window_v1.py", line 1477, in display_frame
    raise RuntimeError(
        "FrameDisplayWidget has no supported frame display method"
    )
RuntimeError: FrameDisplayWidget has no supported frame display method
2026-10-07 16:36:05,930 - ultrasound - ERROR - Error displaying video frame: FrameDisplayWidget has no supported frame display method
Traceback (most recent call last):
  File "C:\Users\Laptopi-Homs\Pictures\echogpt\echogpt\main_window_v1.py", line 1477, in display_frame
    raise RuntimeError(
        "FrameDisplayWidget has no supported frame display method"
    )
RuntimeError: FrameDisplayWidget has no supported frame display method
2026-10-07 16:36:05,986 - ultrasound - ERROR - Error displaying video frame: FrameDisplayWidget has no supported frame display method
Traceback (most recent call last):
  File "C:\Users\Laptopi-Homs\Pictures\echogpt\echogpt\main_window_v1.py", line 1477, in display_frame
    raise RuntimeError(
        "FrameDisplayWidget has no supported frame display method"
    )
RuntimeError: FrameDisplayWidget has no supported frame display method
2026-10-07 16:36:06,027 - ultrasound - ERROR - Error displaying video frame: FrameDisplayWidget has no supported frame display method
Traceback (most recent call last):
  File "C:\Users\Laptopi-Homs\Pictures\echogpt\echogpt\main_window_v1.py", line 1477, in display_frame
    raise RuntimeError(
        "FrameDisplayWidget has no supported frame display method"
    )
RuntimeError: FrameDisplayWidget has no supported frame display method
2026-10-07 16:36:06,075 - ultrasound - ERROR - Error displaying video frame: FrameDisplayWidget has no supported frame display method
Traceback (most recent call last):
  File "C:\Users\Laptopi-Homs\Pictures\echogpt\echogpt\main_window_v1.py", line 1477, in display_frame
    raise RuntimeError(
        "FrameDisplayWidget has no supported frame display method"
    )
RuntimeError: FrameDisplayWidget has no supported frame display method
2026-10-07 16:36:06,124 - ultrasound - ERROR - Error displaying video frame: FrameDisplayWidget has no supported frame display method
Traceback (most recent call last):
  File "C:\Users\Laptopi-Homs\Pictures\echogpt\echogpt\main_window_v1.py", line 1477, in display_frame
    raise RuntimeError(
        "FrameDisplayWidget has no supported frame display method"
    )
RuntimeError: FrameDisplayWidget has no supported frame display method
2026-10-07 16:36:06,161 - ultrasound - ERROR - Error displaying video frame: FrameDisplayWidget has no supported frame display method
Traceback (most recent call last):
  File "C:\Users\Laptopi-Homs\Pictures\echogpt\echogpt\main_window_v1.py", line 1477, in display_frame
    raise RuntimeError(
        "FrameDisplayWidget has no supported frame display method"
    )
RuntimeError: FrameDisplayWidget has no supported frame display method
2026-10-07 16:36:06,214 - ultrasound - ERROR - Error displaying video frame: FrameDisplayWidget has no supported frame display method
Traceback (most recent call last):
  File "C:\Users\Laptopi-Homs\Pictures\echogpt\echogpt\main_window_v1.py", line 1477, in display_frame
    raise RuntimeError(
        "FrameDisplayWidget has no supported frame display method"
    )
RuntimeError: FrameDisplayWidget has no supported frame display method
2026-10-07 16:36:06,257 - ultrasound - ERROR - Error displaying video frame: FrameDisplayWidget has no supported frame display method
Traceback (most recent call last):
  File "C:\Users\Laptopi-Homs\Pictures\echogpt\echogpt\main_window_v1.py", line 1477, in display_frame
    raise RuntimeError(
        "FrameDisplayWidget has no supported frame display method"
    )
RuntimeError: FrameDisplayWidget has no supported frame display method
2026-10-07 16:36:06,305 - ultrasound - ERROR - Error displaying video frame: FrameDisplayWidget has no supported frame display method
Traceback (most recent call last):
  File "C:\Users\Laptopi-Homs\Pictures\echogpt\echogpt\main_window_v1.py", line 1477, in display_frame
    raise RuntimeError(
        "FrameDisplayWidget has no supported frame display method"
    )
RuntimeError: FrameDisplayWidget has no supported frame display method
2026-10-07 16:36:06,352 - ultrasound - ERROR - Error displaying video frame: FrameDisplayWidget has no supported frame display method
Traceback (most recent call last):
  File "C:\Users\Laptopi-Homs\Pictures\echogpt\echogpt\main_window_v1.py", line 1477, in display_frame
    raise RuntimeError(
        "FrameDisplayWidget has no supported frame display method"
    )
RuntimeError: FrameDisplayWidget has no supported frame display method
2026-10-07 16:36:06,399 - ultrasound - ERROR - Error displaying video frame: FrameDisplayWidget has no supported frame display method
Traceback (most recent call last):
  File "C:\Users\Laptopi-Homs\Pictures\echogpt\echogpt\main_window_v1.py", line 1477, in display_frame
    raise RuntimeError(
        "FrameDisplayWidget has no supported frame display method"
    )
RuntimeError: FrameDisplayWidget has no supported frame display method
2026-10-07 16:36:06,446 - ultrasound - ERROR - Error displaying video frame: FrameDisplayWidget has no supported frame display method
Traceback (most recent call last):
  File "C:\Users\Laptopi-Homs\Pictures\echogpt\echogpt\main_window_v1.py", line 1477, in display_frame
    raise RuntimeError(
        "FrameDisplayWidget has no supported frame display method"
    )
RuntimeError: FrameDisplayWidget has no supported frame display method
2026-10-07 16:36:06,492 - ultrasound - ERROR - Error displaying video frame: FrameDisplayWidget has no supported frame display method
Traceback (most recent call last):
  File "C:\Users\Laptopi-Homs\Pictures\echogpt\echogpt\main_window_v1.py", line 1477, in display_frame
    raise RuntimeError(
        "FrameDisplayWidget has no supported frame display method"
    )
RuntimeError: FrameDisplayWidget has no supported frame display method
2026-10-07 16:36:06,541 - ultrasound - ERROR - Error displaying video frame: FrameDisplayWidget has no supported frame display method
Traceback (most recent call last):
  File "C:\Users\Laptopi-Homs\Pictures\echogpt\echogpt\main_window_v1.py", line 1477, in display_frame
    raise RuntimeError(
        "FrameDisplayWidget has no supported frame display method"
    )
RuntimeError: FrameDisplayWidget has no supported frame display method
2026-10-07 16:36:06,589 - ultrasound - INFO - Video stopped
2026-10-07 16:36:06,591 - ultrasound - INFO - Video playback finished
2026-10-07 16:36:46,892 - ultrasound - INFO - Database connection closed
2026-10-07 16:36:47,067 - ultrasound - INFO - Application exiting...
2026-10-07 16:53:17,972 - ultrasound - INFO - PySide6 imported successfully
2026-10-07 16:53:18,352 - ultrasound - INFO - OpenCV and NumPy imported successfully
2026-10-07 16:53:18,352 - ultrasound - INFO - ============================================================
2026-10-07 16:53:18,353 - ultrasound - INFO - AI Ultrasound Assistant V1.0
2026-10-07 16:53:18,353 - ultrasound - INFO - Starting application...
2026-10-07 16:53:18,353 - ultrasound - INFO - ============================================================
2026-10-07 16:53:18,477 - ultrasound - INFO - Qt Application initialized
2026-10-07 16:53:18,760 - ultrasound - INFO - Application components imported
2026-10-07 16:53:18,762 - ultrasound - INFO - Configuration loaded from settings.json
2026-10-07 16:53:18,762 - ultrasound - INFO - Creating main window...
2026-10-07 16:53:18,777 - ultrasound - INFO - All tables created successfully
2026-10-07 16:53:18,777 - ultrasound - INFO - Database initialized at ultrasound.db
2026-10-07 16:53:30,689 - ultrasound - INFO - Found 2 capture device(s)
2026-10-07 16:53:30,861 - ultrasound - INFO - Main window displayed
2026-10-07 16:53:30,871 - ultrasound - INFO - ============================================================
2026-10-07 16:53:30,883 - ultrasound - INFO - V1.0 Features Enabled:
2026-10-07 16:53:31,177 - ultrasound - INFO - ============================================================
2026-10-07 16:53:31,178 - ultrasound - INFO - Python: 3.14.8 (tags/v3.14.8:8e6e75d, Sep 30 2026, 18:19:33) [MSC v.1944 64 bit (AMD64)]
2026-10-07 16:53:31,178 - ultrasound - INFO - OpenCV: 5.0.0
2026-10-07 16:53:31,179 - ultrasound - INFO - NumPy: 2.5.3
2026-10-07 16:53:31,179 - ultrasound - INFO - Entering application event loop...
2026-10-07 16:53:43,325 - ultrasound - INFO - Video paused
2026-10-07 16:53:43,489 - ultrasound - INFO - Video opened: 1361 frames @ 29.97002997002997 FPS (496x368)
2026-10-07 16:53:43,532 - ultrasound - ERROR - Error displaying video frame: name 'np' is not defined
Traceback (most recent call last):
  File "C:\Users\Laptopi-Homs\Pictures\echogpt\echogpt\main_window_v1.py", line 1435, in display_frame
    if not isinstance(frame, np.ndarray):
                             ^^
NameError: name 'np' is not defined
2026-10-07 16:53:43,539 - ultrasound - INFO - Video loaded: echo me.mp4 (1361 frames, 29.97 FPS)
2026-10-07 16:53:45,128 - ultrasound - INFO - Video playback started
2026-10-07 16:53:45,131 - ultrasound - INFO - Playing recorded video
2026-10-07 16:53:45,175 - ultrasound - ERROR - Error displaying video frame: name 'np' is not defined
Traceback (most recent call last):
  File "C:\Users\Laptopi-Homs\Pictures\echogpt\echogpt\main_window_v1.py", line 1435, in display_frame
    if not isinstance(frame, np.ndarray):
                             ^^
NameError: name 'np' is not defined
2026-10-07 16:53:45,220 - ultrasound - ERROR - Error displaying video frame: name 'np' is not defined
Traceback (most recent call last):
  File "C:\Users\Laptopi-Homs\Pictures\echogpt\echogpt\main_window_v1.py", line 1435, in display_frame
    if not isinstance(frame, np.ndarray):
                             ^^
NameError: name 'np' is not defined
2026-10-07 16:53:45,267 - ultrasound - ERROR - Error displaying video frame: name 'np' is not defined
Traceback (most recent call last):
  File "C:\Users\Laptopi-Homs\Pictures\echogpt\echogpt\main_window_v1.py", line 1435, in display_frame
    if not isinstance(frame, np.ndarray):
                             ^^
NameError: name 'np' is not defined
2026-10-07 16:53:45,314 - ultrasound - ERROR - Error displaying video frame: name 'np' is not defined
Traceback (most recent call last):
  File "C:\Users\Laptopi-Homs\Pictures\echogpt\echogpt\main_window_v1.py", line 1435, in display_frame
    if not isinstance(frame, np.ndarray):
                             ^^
NameError: name 'np' is not defined
2026-10-07 16:53:45,363 - ultrasound - ERROR - Error displaying video frame: name 'np' is not defined
Traceback (most recent call last):
  File "C:\Users\Laptopi-Homs\Pictures\echogpt\echogpt\main_window_v1.py", line 1435, in display_frame
    if not isinstance(frame, np.ndarray):
                             ^^
NameError: name 'np' is not defined
2026-10-07 16:53:45,408 - ultrasound - ERROR - Error displaying video frame: name 'np' is not defined
Traceback (most recent call last):
  File "C:\Users\Laptopi-Homs\Pictures\echogpt\echogpt\main_window_v1.py", line 1435, in display_frame
    if not isinstance(frame, np.ndarray):
                             ^^
NameError: name 'np' is not defined
2026-10-07 16:53:45,455 - ultrasound - ERROR - Error displaying video frame: name 'np' is not defined
Traceback (most recent call last):
  File "C:\Users\Laptopi-Homs\Pictures\echogpt\echogpt\main_window_v1.py", line 1435, in display_frame
    if not isinstance(frame, np.ndarray):
                             ^^
NameError: name 'np' is not defined
2026-10-07 16:53:45,502 - ultrasound - ERROR - Error displaying video frame: name 'np' is not defined
Traceback (most recent call last):
  File "C:\Users\Laptopi-Homs\Pictures\echogpt\echogpt\main_window_v1.py", line 1435, in display_frame
    if not isinstance(frame, np.ndarray):
                             ^^
NameError: name 'np' is not defined
2026-10-07 16:53:45,549 - ultrasound - ERROR - Error displaying video frame: name 'np' is not defined
Traceback (most recent call last):
  File "C:\Users\Laptopi-Homs\Pictures\echogpt\echogpt\main_window_v1.py", line 1435, in display_frame
    if not isinstance(frame, np.ndarray):
                             ^^
NameError: name 'np' is not defined
2026-10-07 16:53:45,596 - ultrasound - ERROR - Error displaying video frame: name 'np' is not defined
Traceback (most recent call last):
  File "C:\Users\Laptopi-Homs\Pictures\echogpt\echogpt\main_window_v1.py", line 1435, in display_frame
    if not isinstance(frame, np.ndarray):
                             ^^
NameError: name 'np' is not defined
2026-10-07 16:53:45,642 - ultrasound - ERROR - Error displaying video frame: name 'np' is not defined
Traceback (most recent call last):
  File "C:\Users\Laptopi-Homs\Pictures\echogpt\echogpt\main_window_v1.py", line 1435, in display_frame
    if not isinstance(frame, np.ndarray):
                             ^^
NameError: name 'np' is not defined
2026-10-07 16:53:45,689 - ultrasound - ERROR - Error displaying video frame: name 'np' is not defined
Traceback (most recent call last):
  File "C:\Users\Laptopi-Homs\Pictures\echogpt\echogpt\main_window_v1.py", line 1435, in display_frame
    if not isinstance(frame, np.ndarray):
                             ^^
NameError: name 'np' is not defined
2026-10-07 16:53:45,736 - ultrasound - ERROR - Error displaying video frame: name 'np' is not defined
Traceback (most recent call last):
  File "C:\Users\Laptopi-Homs\Pictures\echogpt\echogpt\main_window_v1.py", line 1435, in display_frame
    if not isinstance(frame, np.ndarray):
                             ^^
NameError: name 'np' is not defined
2026-10-07 16:53:45,782 - ultrasound - ERROR - Error displaying video frame: name 'np' is not defined
Traceback (most recent call last):
  File "C:\Users\Laptopi-Homs\Pictures\echogpt\echogpt\main_window_v1.py", line 1435, in display_frame
    if not isinstance(frame, np.ndarray):
                             ^^
NameError: name 'np' is not defined
2026-10-07 16:53:45,829 - ultrasound - ERROR - Error displaying video frame: name 'np' is not defined
Traceback (most recent call last):
  File "C:\Users\Laptopi-Homs\Pictures\echogpt\echogpt\main_window_v1.py", line 1435, in display_frame
    if not isinstance(frame, np.ndarray):
                             ^^
NameError: name 'np' is not defined
2026-10-07 16:53:45,877 - ultrasound - ERROR - Error displaying video frame: name 'np' is not defined
Traceback (most recent call last):
  File "C:\Users\Laptopi-Homs\Pictures\echogpt\echogpt\main_window_v1.py", line 1435, in display_frame
    if not isinstance(frame, np.ndarray):
                             ^^
NameError: name 'np' is not defined
2026-10-07 16:53:45,928 - ultrasound - ERROR - Error displaying video frame: name 'np' is not defined
Traceback (most recent call last):
  File "C:\Users\Laptopi-Homs\Pictures\echogpt\echogpt\main_window_v1.py", line 1435, in display_frame
    if not isinstance(frame, np.ndarray):
                             ^^
NameError: name 'np' is not defined
2026-10-07 16:53:45,974 - ultrasound - ERROR - Error displaying video frame: name 'np' is not defined
Traceback (most recent call last):
  File "C:\Users\Laptopi-Homs\Pictures\echogpt\echogpt\main_window_v1.py", line 1435, in display_frame
    if not isinstance(frame, np.ndarray):
                             ^^
NameError: name 'np' is not defined
2026-10-07 16:53:46,020 - ultrasound - ERROR - Error displaying video frame: name 'np' is not defined
Traceback (most recent call last):
  File "C:\Users\Laptopi-Homs\Pictures\echogpt\echogpt\main_window_v1.py", line 1435, in display_frame
    if not isinstance(frame, np.ndarray):
                             ^^
NameError: name 'np' is not defined
2026-10-07 16:53:46,068 - ultrasound - ERROR - Error displaying video frame: name 'np' is not defined
Traceback (most recent call last):
  File "C:\Users\Laptopi-Homs\Pictures\echogpt\echogpt\main_window_v1.py", line 1435, in display_frame
    if not isinstance(frame, np.ndarray):
                             ^^
NameError: name 'np' is not defined
2026-10-07 16:53:46,114 - ultrasound - ERROR - Error displaying video frame: name 'np' is not defined
Traceback (most recent call last):
  File "C:\Users\Laptopi-Homs\Pictures\echogpt\echogpt\main_window_v1.py", line 1435, in display_frame
    if not isinstance(frame, np.ndarray):
                             ^^
NameError: name 'np' is not defined
2026-10-07 16:53:46,161 - ultrasound - ERROR - Error displaying video frame: name 'np' is not defined
Traceback (most recent call last):
  File "C:\Users\Laptopi-Homs\Pictures\echogpt\echogpt\main_window_v1.py", line 1435, in display_frame
    if not isinstance(frame, np.ndarray):
                             ^^
NameError: name 'np' is not defined
2026-10-07 16:53:46,208 - ultrasound - ERROR - Error displaying video frame: name 'np' is not defined
Traceback (most recent call last):
  File "C:\Users\Laptopi-Homs\Pictures\echogpt\echogpt\main_window_v1.py", line 1435, in display_frame
    if not isinstance(frame, np.ndarray):
                             ^^
NameError: name 'np' is not defined
2026-10-07 16:53:46,255 - ultrasound - ERROR - Error displaying video frame: name 'np' is not defined
Traceback (most recent call last):
  File "C:\Users\Laptopi-Homs\Pictures\echogpt\echogpt\main_window_v1.py", line 1435, in display_frame
    if not isinstance(frame, np.ndarray):
                             ^^
NameError: name 'np' is not defined
2026-10-07 16:53:46,302 - ultrasound - ERROR - Error displaying video frame: name 'np' is not defined
Traceback (most recent call last):
  File "C:\Users\Laptopi-Homs\Pictures\echogpt\echogpt\main_window_v1.py", line 1435, in display_frame
    if not isinstance(frame, np.ndarray):
                             ^^
NameError: name 'np' is not defined
2026-10-07 16:53:46,348 - ultrasound - ERROR - Error displaying video frame: name 'np' is not defined
Traceback (most recent call last):
  File "C:\Users\Laptopi-Homs\Pictures\echogpt\echogpt\main_window_v1.py", line 1435, in display_frame
    if not isinstance(frame, np.ndarray):
                             ^^
NameError: name 'np' is not defined
2026-10-07 16:53:46,395 - ultrasound - ERROR - Error displaying video frame: name 'np' is not defined
Traceback (most recent call last):
  File "C:\Users\Laptopi-Homs\Pictures\echogpt\echogpt\main_window_v1.py", line 1435, in display_frame
    if not isinstance(frame, np.ndarray):
                             ^^
NameError: name 'np' is not defined
2026-10-07 16:53:46,438 - ultrasound - ERROR - Error displaying video frame: name 'np' is not defined
Traceback (most recent call last):
  File "C:\Users\Laptopi-Homs\Pictures\echogpt\echogpt\main_window_v1.py", line 1435, in display_frame
    if not isinstance(frame, np.ndarray):
                             ^^
NameError: name 'np' is not defined
2026-10-07 16:53:46,485 - ultrasound - ERROR - Error displaying video frame: name 'np' is not defined
Traceback (most recent call last):
  File "C:\Users\Laptopi-Homs\Pictures\echogpt\echogpt\main_window_v1.py", line 1435, in display_frame
    if not isinstance(frame, np.ndarray):
                             ^^
NameError: name 'np' is not defined
2026-10-07 16:53:46,532 - ultrasound - ERROR - Error displaying video frame: name 'np' is not defined
Traceback (most recent call last):
  File "C:\Users\Laptopi-Homs\Pictures\echogpt\echogpt\main_window_v1.py", line 1435, in display_frame
    if not isinstance(frame, np.ndarray):
                             ^^
NameError: name 'np' is not defined
2026-10-07 16:53:46,579 - ultrasound - ERROR - Error displaying video frame: name 'np' is not defined
Traceback (most recent call last):
  File "C:\Users\Laptopi-Homs\Pictures\echogpt\echogpt\main_window_v1.py", line 1435, in display_frame
    if not isinstance(frame, np.ndarray):
                             ^^
NameError: name 'np' is not defined
2026-10-07 16:53:46,635 - ultrasound - ERROR - Error displaying video frame: name 'np' is not defined
Traceback (most recent call last):
  File "C:\Users\Laptopi-Homs\Pictures\echogpt\echogpt\main_window_v1.py", line 1435, in display_frame
    if not isinstance(frame, np.ndarray):
                             ^^
NameError: name 'np' is not defined
2026-10-07 16:53:46,682 - ultrasound - ERROR - Error displaying video frame: name 'np' is not defined
Traceback (most recent call last):
  File "C:\Users\Laptopi-Homs\Pictures\echogpt\echogpt\main_window_v1.py", line 1435, in display_frame
    if not isinstance(frame, np.ndarray):
                             ^^
NameError: name 'np' is not defined
2026-10-07 16:53:46,720 - ultrasound - ERROR - Error displaying video frame: name 'np' is not defined
Traceback (most recent call last):
  File "C:\Users\Laptopi-Homs\Pictures\echogpt\echogpt\main_window_v1.py", line 1435, in display_frame
    if not isinstance(frame, np.ndarray):
                             ^^
NameError: name 'np' is not defined
2026-10-07 16:53:46,767 - ultrasound - ERROR - Error displaying video frame: name 'np' is not defined
Traceback (most recent call last):
  File "C:\Users\Laptopi-Homs\Pictures\echogpt\echogpt\main_window_v1.py", line 1435, in display_frame
    if not isinstance(frame, np.ndarray):
                             ^^
NameError: name 'np' is not defined
2026-10-07 16:53:46,814 - ultrasound - ERROR - Error displaying video frame: name 'np' is not defined
Traceback (most recent call last):
  File "C:\Users\Laptopi-Homs\Pictures\echogpt\echogpt\main_window_v1.py", line 1435, in display_frame
    if not isinstance(frame, np.ndarray):
                             ^^
NameError: name 'np' is not defined
2026-10-07 16:53:46,861 - ultrasound - ERROR - Error displaying video frame: name 'np' is not defined
Traceback (most recent call last):
  File "C:\Users\Laptopi-Homs\Pictures\echogpt\echogpt\main_window_v1.py", line 1435, in display_frame
    if not isinstance(frame, np.ndarray):
                             ^^
NameError: name 'np' is not defined
2026-10-07 16:53:46,907 - ultrasound - ERROR - Error displaying video frame: name 'np' is not defined
Traceback (most recent call last):
  File "C:\Users\Laptopi-Homs\Pictures\echogpt\echogpt\main_window_v1.py", line 1435, in display_frame
    if not isinstance(frame, np.ndarray):
                             ^^
NameError: name 'np' is not defined
2026-10-07 16:53:46,954 - ultrasound - ERROR - Error displaying video frame: name 'np' is not defined
Traceback (most recent call last):
  File "C:\Users\Laptopi-Homs\Pictures\echogpt\echogpt\main_window_v1.py", line 1435, in display_frame
    if not isinstance(frame, np.ndarray):
                             ^^
NameError: name 'np' is not defined
2026-10-07 16:53:47,001 - ultrasound - ERROR - Error displaying video frame: name 'np' is not defined
Traceback (most recent call last):
  File "C:\Users\Laptopi-Homs\Pictures\echogpt\echogpt\main_window_v1.py", line 1435, in display_frame
    if not isinstance(frame, np.ndarray):
                             ^^
NameError: name 'np' is not defined
2026-10-07 16:53:47,048 - ultrasound - ERROR - Error displaying video frame: name 'np' is not defined
Traceback (most recent call last):
  File "C:\Users\Laptopi-Homs\Pictures\echogpt\echogpt\main_window_v1.py", line 1435, in display_frame
    if not isinstance(frame, np.ndarray):
                             ^^
NameError: name 'np' is not defined
2026-10-07 16:53:47,095 - ultrasound - ERROR - Error displaying video frame: name 'np' is not defined
Traceback (most recent call last):
  File "C:\Users\Laptopi-Homs\Pictures\echogpt\echogpt\main_window_v1.py", line 1435, in display_frame
    if not isinstance(frame, np.ndarray):
                             ^^
NameError: name 'np' is not defined
2026-10-07 16:53:47,143 - ultrasound - ERROR - Error displaying video frame: name 'np' is not defined
Traceback (most recent call last):
  File "C:\Users\Laptopi-Homs\Pictures\echogpt\echogpt\main_window_v1.py", line 1435, in display_frame
    if not isinstance(frame, np.ndarray):
                             ^^
NameError: name 'np' is not defined
2026-10-07 16:53:47,189 - ultrasound - ERROR - Error displaying video frame: name 'np' is not defined
Traceback (most recent call last):
  File "C:\Users\Laptopi-Homs\Pictures\echogpt\echogpt\main_window_v1.py", line 1435, in display_frame
    if not isinstance(frame, np.ndarray):
                             ^^
NameError: name 'np' is not defined
2026-10-07 16:53:47,236 - ultrasound - ERROR - Error displaying video frame: name 'np' is not defined
Traceback (most recent call last):
  File "C:\Users\Laptopi-Homs\Pictures\echogpt\echogpt\main_window_v1.py", line 1435, in display_frame
    if not isinstance(frame, np.ndarray):
                             ^^
NameError: name 'np' is not defined
2026-10-07 16:53:47,282 - ultrasound - ERROR - Error displaying video frame: name 'np' is not defined
Traceback (most recent call last):
  File "C:\Users\Laptopi-Homs\Pictures\echogpt\echogpt\main_window_v1.py", line 1435, in display_frame
    if not isinstance(frame, np.ndarray):
                             ^^
NameError: name 'np' is not defined
2026-10-07 16:53:47,329 - ultrasound - ERROR - Error displaying video frame: name 'np' is not defined
Traceback (most recent call last):
  File "C:\Users\Laptopi-Homs\Pictures\echogpt\echogpt\main_window_v1.py", line 1435, in display_frame
    if not isinstance(frame, np.ndarray):
                             ^^
NameError: name 'np' is not defined
2026-10-07 16:53:47,377 - ultrasound - ERROR - Error displaying video frame: name 'np' is not defined
Traceback (most recent call last):
  File "C:\Users\Laptopi-Homs\Pictures\echogpt\echogpt\main_window_v1.py", line 1435, in display_frame
    if not isinstance(frame, np.ndarray):
                             ^^
NameError: name 'np' is not defined
2026-10-07 16:53:47,434 - ultrasound - ERROR - Error displaying video frame: name 'np' is not defined
Traceback (most recent call last):
  File "C:\Users\Laptopi-Homs\Pictures\echogpt\echogpt\main_window_v1.py", line 1435, in display_frame
    if not isinstance(frame, np.ndarray):
                             ^^
NameError: name 'np' is not defined
2026-10-07 16:53:47,481 - ultrasound - ERROR - Error displaying video frame: name 'np' is not defined
Traceback (most recent call last):
  File "C:\Users\Laptopi-Homs\Pictures\echogpt\echogpt\main_window_v1.py", line 1435, in display_frame
    if not isinstance(frame, np.ndarray):
                             ^^
NameError: name 'np' is not defined
2026-10-07 16:53:47,528 - ultrasound - ERROR - Error displaying video frame: name 'np' is not defined
Traceback (most recent call last):
  File "C:\Users\Laptopi-Homs\Pictures\echogpt\echogpt\main_window_v1.py", line 1435, in display_frame
    if not isinstance(frame, np.ndarray):
                             ^^
NameError: name 'np' is not defined
2026-10-07 16:53:47,575 - ultrasound - ERROR - Error displaying video frame: name 'np' is not defined
Traceback (most recent call last):
  File "C:\Users\Laptopi-Homs\Pictures\echogpt\echogpt\main_window_v1.py", line 1435, in display_frame
    if not isinstance(frame, np.ndarray):
                             ^^
NameError: name 'np' is not defined
2026-10-07 16:53:47,621 - ultrasound - ERROR - Error displaying video frame: name 'np' is not defined
Traceback (most recent call last):
  File "C:\Users\Laptopi-Homs\Pictures\echogpt\echogpt\main_window_v1.py", line 1435, in display_frame
    if not isinstance(frame, np.ndarray):
                             ^^
NameError: name 'np' is not defined
2026-10-07 16:53:47,668 - ultrasound - ERROR - Error displaying video frame: name 'np' is not defined
Traceback (most recent call last):
  File "C:\Users\Laptopi-Homs\Pictures\echogpt\echogpt\main_window_v1.py", line 1435, in display_frame
    if not isinstance(frame, np.ndarray):
                             ^^
NameError: name 'np' is not defined
2026-10-07 16:53:47,715 - ultrasound - ERROR - Error displaying video frame: name 'np' is not defined
Traceback (most recent call last):
  File "C:\Users\Laptopi-Homs\Pictures\echogpt\echogpt\main_window_v1.py", line 1435, in display_frame
    if not isinstance(frame, np.ndarray):
                             ^^
NameError: name 'np' is not defined
2026-10-07 16:53:47,832 - ultrasound - ERROR - Error displaying video frame: name 'np' is not defined
Traceback (most recent call last):
  File "C:\Users\Laptopi-Homs\Pictures\echogpt\echogpt\main_window_v1.py", line 1435, in display_frame
    if not isinstance(frame, np.ndarray):
                             ^^
NameError: name 'np' is not defined
2026-10-07 16:53:47,868 - ultrasound - ERROR - Error displaying video frame: name 'np' is not defined
Traceback (most recent call last):
  File "C:\Users\Laptopi-Homs\Pictures\echogpt\echogpt\main_window_v1.py", line 1435, in display_frame
    if not isinstance(frame, np.ndarray):
                             ^^
NameError: name 'np' is not defined
2026-10-07 16:53:47,932 - ultrasound - ERROR - Error displaying video frame: name 'np' is not defined
Traceback (most recent call last):
  File "C:\Users\Laptopi-Homs\Pictures\echogpt\echogpt\main_window_v1.py", line 1435, in display_frame
    if not isinstance(frame, np.ndarray):
                             ^^
NameError: name 'np' is not defined
2026-10-07 16:53:47,959 - ultrasound - ERROR - Error displaying video frame: name 'np' is not defined
Traceback (most recent call last):
  File "C:\Users\Laptopi-Homs\Pictures\echogpt\echogpt\main_window_v1.py", line 1435, in display_frame
    if not isinstance(frame, np.ndarray):
                             ^^
NameError: name 'np' is not defined
2026-10-07 16:53:47,997 - ultrasound - ERROR - Error displaying video frame: name 'np' is not defined
Traceback (most recent call last):
  File "C:\Users\Laptopi-Homs\Pictures\echogpt\echogpt\main_window_v1.py", line 1435, in display_frame
    if not isinstance(frame, np.ndarray):
                             ^^
NameError: name 'np' is not defined
2026-10-07 16:53:48,043 - ultrasound - ERROR - Error displaying video frame: name 'np' is not defined
Traceback (most recent call last):
  File "C:\Users\Laptopi-Homs\Pictures\echogpt\echogpt\main_window_v1.py", line 1435, in display_frame
    if not isinstance(frame, np.ndarray):
                             ^^
NameError: name 'np' is not defined
2026-10-07 16:53:48,089 - ultrasound - ERROR - Error displaying video frame: name 'np' is not defined
Traceback (most recent call last):
  File "C:\Users\Laptopi-Homs\Pictures\echogpt\echogpt\main_window_v1.py", line 1435, in display_frame
    if not isinstance(frame, np.ndarray):
                             ^^
NameError: name 'np' is not defined
2026-10-07 16:53:48,130 - ultrasound - ERROR - Error displaying video frame: name 'np' is not defined
Traceback (most recent call last):
  File "C:\Users\Laptopi-Homs\Pictures\echogpt\echogpt\main_window_v1.py", line 1435, in display_frame
    if not isinstance(frame, np.ndarray):
                             ^^
NameError: name 'np' is not defined
2026-10-07 16:53:48,177 - ultrasound - ERROR - Error displaying video frame: name 'np' is not defined
Traceback (most recent call last):
  File "C:\Users\Laptopi-Homs\Pictures\echogpt\echogpt\main_window_v1.py", line 1435, in display_frame
    if not isinstance(frame, np.ndarray):
                             ^^
NameError: name 'np' is not defined
2026-10-07 16:53:48,223 - ultrasound - ERROR - Error displaying video frame: name 'np' is not defined
Traceback (most recent call last):
  File "C:\Users\Laptopi-Homs\Pictures\echogpt\echogpt\main_window_v1.py", line 1435, in display_frame
    if not isinstance(frame, np.ndarray):
                             ^^
NameError: name 'np' is not defined
2026-10-07 16:53:48,270 - ultrasound - ERROR - Error displaying video frame: name 'np' is not defined
Traceback (most recent call last):
  File "C:\Users\Laptopi-Homs\Pictures\echogpt\echogpt\main_window_v1.py", line 1435, in display_frame
    if not isinstance(frame, np.ndarray):
                             ^^
NameError: name 'np' is not defined
2026-10-07 16:53:48,317 - ultrasound - ERROR - Error displaying video frame: name 'np' is not defined
Traceback (most recent call last):
  File "C:\Users\Laptopi-Homs\Pictures\echogpt\echogpt\main_window_v1.py", line 1435, in display_frame
    if not isinstance(frame, np.ndarray):
                             ^^
NameError: name 'np' is not defined
2026-10-07 16:53:48,366 - ultrasound - ERROR - Error displaying video frame: name 'np' is not defined
Traceback (most recent call last):
  File "C:\Users\Laptopi-Homs\Pictures\echogpt\echogpt\main_window_v1.py", line 1435, in display_frame
    if not isinstance(frame, np.ndarray):
                             ^^
NameError: name 'np' is not defined
2026-10-07 16:53:48,411 - ultrasound - ERROR - Error displaying video frame: name 'np' is not defined
Traceback (most recent call last):
  File "C:\Users\Laptopi-Homs\Pictures\echogpt\echogpt\main_window_v1.py", line 1435, in display_frame
    if not isinstance(frame, np.ndarray):
                             ^^
NameError: name 'np' is not defined
2026-10-07 16:53:48,460 - ultrasound - ERROR - Error displaying video frame: name 'np' is not defined
Traceback (most recent call last):
  File "C:\Users\Laptopi-Homs\Pictures\echogpt\echogpt\main_window_v1.py", line 1435, in display_frame
    if not isinstance(frame, np.ndarray):
                             ^^
NameError: name 'np' is not defined
2026-10-07 16:53:48,509 - ultrasound - ERROR - Error displaying video frame: name 'np' is not defined
Traceback (most recent call last):
  File "C:\Users\Laptopi-Homs\Pictures\echogpt\echogpt\main_window_v1.py", line 1435, in display_frame
    if not isinstance(frame, np.ndarray):
                             ^^
NameError: name 'np' is not defined
2026-10-07 16:53:48,554 - ultrasound - ERROR - Error displaying video frame: name 'np' is not defined
Traceback (most recent call last):
  File "C:\Users\Laptopi-Homs\Pictures\echogpt\echogpt\main_window_v1.py", line 1435, in display_frame
    if not isinstance(frame, np.ndarray):
                             ^^
NameError: name 'np' is not defined
2026-10-07 16:53:48,601 - ultrasound - ERROR - Error displaying video frame: name 'np' is not defined
Traceback (most recent call last):
  File "C:\Users\Laptopi-Homs\Pictures\echogpt\echogpt\main_window_v1.py", line 1435, in display_frame
    if not isinstance(frame, np.ndarray):
                             ^^
NameError: name 'np' is not defined
2026-10-07 16:53:48,648 - ultrasound - ERROR - Error displaying video frame: name 'np' is not defined
Traceback (most recent call last):
  File "C:\Users\Laptopi-Homs\Pictures\echogpt\echogpt\main_window_v1.py", line 1435, in display_frame
    if not isinstance(frame, np.ndarray):
                             ^^
NameError: name 'np' is not defined
2026-10-07 16:53:48,695 - ultrasound - ERROR - Error displaying video frame: name 'np' is not defined
Traceback (most recent call last):
  File "C:\Users\Laptopi-Homs\Pictures\echogpt\echogpt\main_window_v1.py", line 1435, in display_frame
    if not isinstance(frame, np.ndarray):
                             ^^
NameError: name 'np' is not defined
2026-10-07 16:53:48,742 - ultrasound - ERROR - Error displaying video frame: name 'np' is not defined
Traceback (most recent call last):
  File "C:\Users\Laptopi-Homs\Pictures\echogpt\echogpt\main_window_v1.py", line 1435, in display_frame
    if not isinstance(frame, np.ndarray):
                             ^^
NameError: name 'np' is not defined
2026-10-07 16:53:48,788 - ultrasound - ERROR - Error displaying video frame: name 'np' is not defined
Traceback (most recent call last):
  File "C:\Users\Laptopi-Homs\Pictures\echogpt\echogpt\main_window_v1.py", line 1435, in display_frame
    if not isinstance(frame, np.ndarray):
                             ^^
NameError: name 'np' is not defined
2026-10-07 16:53:48,835 - ultrasound - ERROR - Error displaying video frame: name 'np' is not defined
Traceback (most recent call last):
  File "C:\Users\Laptopi-Homs\Pictures\echogpt\echogpt\main_window_v1.py", line 1435, in display_frame
    if not isinstance(frame, np.ndarray):
                             ^^
NameError: name 'np' is not defined
2026-10-07 16:53:48,882 - ultrasound - ERROR - Error displaying video frame: name 'np' is not defined
Traceback (most recent call last):
  File "C:\Users\Laptopi-Homs\Pictures\echogpt\echogpt\main_window_v1.py", line 1435, in display_frame
    if not isinstance(frame, np.ndarray):
                             ^^
NameError: name 'np' is not defined
2026-10-07 16:53:48,929 - ultrasound - ERROR - Error displaying video frame: name 'np' is not defined
Traceback (most recent call last):
  File "C:\Users\Laptopi-Homs\Pictures\echogpt\echogpt\main_window_v1.py", line 1435, in display_frame
    if not isinstance(frame, np.ndarray):
                             ^^
NameError: name 'np' is not defined
2026-10-07 16:53:48,976 - ultrasound - ERROR - Error displaying video frame: name 'np' is not defined
Traceback (most recent call last):
  File "C:\Users\Laptopi-Homs\Pictures\echogpt\echogpt\main_window_v1.py", line 1435, in display_frame
    if not isinstance(frame, np.ndarray):
                             ^^
NameError: name 'np' is not defined
2026-10-07 16:53:49,024 - ultrasound - ERROR - Error displaying video frame: name 'np' is not defined
Traceback (most recent call last):
  File "C:\Users\Laptopi-Homs\Pictures\echogpt\echogpt\main_window_v1.py", line 1435, in display_frame
    if not isinstance(frame, np.ndarray):
                             ^^
NameError: name 'np' is not defined
2026-10-07 16:53:49,070 - ultrasound - ERROR - Error displaying video frame: name 'np' is not defined
Traceback (most recent call last):
  File "C:\Users\Laptopi-Homs\Pictures\echogpt\echogpt\main_window_v1.py", line 1435, in display_frame
    if not isinstance(frame, np.ndarray):
                             ^^
NameError: name 'np' is not defined
2026-10-07 16:53:49,117 - ultrasound - ERROR - Error displaying video frame: name 'np' is not defined
Traceback (most recent call last):
  File "C:\Users\Laptopi-Homs\Pictures\echogpt\echogpt\main_window_v1.py", line 1435, in display_frame
    if not isinstance(frame, np.ndarray):
                             ^^
NameError: name 'np' is not defined
2026-10-07 16:53:49,164 - ultrasound - ERROR - Error displaying video frame: name 'np' is not defined
Traceback (most recent call last):
  File "C:\Users\Laptopi-Homs\Pictures\echogpt\echogpt\main_window_v1.py", line 1435, in display_frame
    if not isinstance(frame, np.ndarray):
                             ^^
NameError: name 'np' is not defined
2026-10-07 16:53:49,210 - ultrasound - ERROR - Error displaying video frame: name 'np' is not defined
Traceback (most recent call last):
  File "C:\Users\Laptopi-Homs\Pictures\echogpt\echogpt\main_window_v1.py", line 1435, in display_frame
    if not isinstance(frame, np.ndarray):
                             ^^
NameError: name 'np' is not defined
2026-10-07 16:53:49,258 - ultrasound - ERROR - Error displaying video frame: name 'np' is not defined
Traceback (most recent call last):
  File "C:\Users\Laptopi-Homs\Pictures\echogpt\echogpt\main_window_v1.py", line 1435, in display_frame
    if not isinstance(frame, np.ndarray):
                             ^^
NameError: name 'np' is not defined
2026-10-07 16:53:49,305 - ultrasound - ERROR - Error displaying video frame: name 'np' is not defined
Traceback (most recent call last):
  File "C:\Users\Laptopi-Homs\Pictures\echogpt\echogpt\main_window_v1.py", line 1435, in display_frame
    if not isinstance(frame, np.ndarray):
                             ^^
NameError: name 'np' is not defined
2026-10-07 16:53:49,352 - ultrasound - ERROR - Error displaying video frame: name 'np' is not defined
Traceback (most recent call last):
  File "C:\Users\Laptopi-Homs\Pictures\echogpt\echogpt\main_window_v1.py", line 1435, in display_frame
    if not isinstance(frame, np.ndarray):
                             ^^
NameError: name 'np' is not defined
2026-10-07 16:53:49,398 - ultrasound - ERROR - Error displaying video frame: name 'np' is not defined
Traceback (most recent call last):
  File "C:\Users\Laptopi-Homs\Pictures\echogpt\echogpt\main_window_v1.py", line 1435, in display_frame
    if not isinstance(frame, np.ndarray):
                             ^^
NameError: name 'np' is not defined
2026-10-07 16:53:49,443 - ultrasound - ERROR - Error displaying video frame: name 'np' is not defined
Traceback (most recent call last):
  File "C:\Users\Laptopi-Homs\Pictures\echogpt\echogpt\main_window_v1.py", line 1435, in display_frame
    if not isinstance(frame, np.ndarray):
                             ^^
NameError: name 'np' is not defined
2026-10-07 16:53:49,488 - ultrasound - ERROR - Error displaying video frame: name 'np' is not defined
Traceback (most recent call last):
  File "C:\Users\Laptopi-Homs\Pictures\echogpt\echogpt\main_window_v1.py", line 1435, in display_frame
    if not isinstance(frame, np.ndarray):
                             ^^
NameError: name 'np' is not defined
2026-10-07 16:53:49,544 - ultrasound - ERROR - Error displaying video frame: name 'np' is not defined
Traceback (most recent call last):
  File "C:\Users\Laptopi-Homs\Pictures\echogpt\echogpt\main_window_v1.py", line 1435, in display_frame
    if not isinstance(frame, np.ndarray):
                             ^^
NameError: name 'np' is not defined
2026-10-07 16:53:49,597 - ultrasound - ERROR - Error displaying video frame: name 'np' is not defined
Traceback (most recent call last):
  File "C:\Users\Laptopi-Homs\Pictures\echogpt\echogpt\main_window_v1.py", line 1435, in display_frame
    if not isinstance(frame, np.ndarray):
                             ^^
NameError: name 'np' is not defined
2026-10-07 16:53:49,652 - ultrasound - ERROR - Error displaying video frame: name 'np' is not defined
Traceback (most recent call last):
  File "C:\Users\Laptopi-Homs\Pictures\echogpt\echogpt\main_window_v1.py", line 1435, in display_frame
    if not isinstance(frame, np.ndarray):
                             ^^
NameError: name 'np' is not defined
2026-10-07 16:53:49,771 - ultrasound - ERROR - Error displaying video frame: name 'np' is not defined
Traceback (most recent call last):
  File "C:\Users\Laptopi-Homs\Pictures\echogpt\echogpt\main_window_v1.py", line 1435, in display_frame
    if not isinstance(frame, np.ndarray):
                             ^^
NameError: name 'np' is not defined
2026-10-07 16:53:49,818 - ultrasound - ERROR - Error displaying video frame: name 'np' is not defined
Traceback (most recent call last):
  File "C:\Users\Laptopi-Homs\Pictures\echogpt\echogpt\main_window_v1.py", line 1435, in display_frame
    if not isinstance(frame, np.ndarray):
                             ^^
NameError: name 'np' is not defined
2026-10-07 16:53:49,867 - ultrasound - ERROR - Error displaying video frame: name 'np' is not defined
Traceback (most recent call last):
  File "C:\Users\Laptopi-Homs\Pictures\echogpt\echogpt\main_window_v1.py", line 1435, in display_frame
    if not isinstance(frame, np.ndarray):
                             ^^
NameError: name 'np' is not defined
2026-10-07 16:53:49,947 - ultrasound - ERROR - Error displaying video frame: name 'np' is not defined
Traceback (most recent call last):
  File "C:\Users\Laptopi-Homs\Pictures\echogpt\echogpt\main_window_v1.py", line 1435, in display_frame
    if not isinstance(frame, np.ndarray):
                             ^^
NameError: name 'np' is not defined
2026-10-07 16:53:50,029 - ultrasound - ERROR - Error displaying video frame: name 'np' is not defined
Traceback (most recent call last):
  File "C:\Users\Laptopi-Homs\Pictures\echogpt\echogpt\main_window_v1.py", line 1435, in display_frame
    if not isinstance(frame, np.ndarray):
                             ^^
NameError: name 'np' is not defined
2026-10-07 16:53:50,060 - ultrasound - ERROR - Error displaying video frame: name 'np' is not defined
Traceback (most recent call last):
  File "C:\Users\Laptopi-Homs\Pictures\echogpt\echogpt\main_window_v1.py", line 1435, in display_frame
    if not isinstance(frame, np.ndarray):
                             ^^
NameError: name 'np' is not defined
2026-10-07 16:53:50,098 - ultrasound - ERROR - Error displaying video frame: name 'np' is not defined
Traceback (most recent call last):
  File "C:\Users\Laptopi-Homs\Pictures\echogpt\echogpt\main_window_v1.py", line 1435, in display_frame
    if not isinstance(frame, np.ndarray):
                             ^^
NameError: name 'np' is not defined
2026-10-07 16:53:50,144 - ultrasound - ERROR - Error displaying video frame: name 'np' is not defined
Traceback (most recent call last):
  File "C:\Users\Laptopi-Homs\Pictures\echogpt\echogpt\main_window_v1.py", line 1435, in display_frame
    if not isinstance(frame, np.ndarray):
                             ^^
NameError: name 'np' is not defined
2026-10-07 16:53:50,192 - ultrasound - ERROR - Error displaying video frame: name 'np' is not defined
Traceback (most recent call last):
  File "C:\Users\Laptopi-Homs\Pictures\echogpt\echogpt\main_window_v1.py", line 1435, in display_frame
    if not isinstance(frame, np.ndarray):
                             ^^
NameError: name 'np' is not defined
2026-10-07 16:53:50,241 - ultrasound - ERROR - Error displaying video frame: name 'np' is not defined
Traceback (most recent call last):
  File "C:\Users\Laptopi-Homs\Pictures\echogpt\echogpt\main_window_v1.py", line 1435, in display_frame
    if not isinstance(frame, np.ndarray):
                             ^^
NameError: name 'np' is not defined
2026-10-07 16:53:50,285 - ultrasound - ERROR - Error displaying video frame: name 'np' is not defined
Traceback (most recent call last):
  File "C:\Users\Laptopi-Homs\Pictures\echogpt\echogpt\main_window_v1.py", line 1435, in display_frame
    if not isinstance(frame, np.ndarray):
                             ^^
NameError: name 'np' is not defined
2026-10-07 16:53:50,331 - ultrasound - ERROR - Error displaying video frame: name 'np' is not defined
Traceback (most recent call last):
  File "C:\Users\Laptopi-Homs\Pictures\echogpt\echogpt\main_window_v1.py", line 1435, in display_frame
    if not isinstance(frame, np.ndarray):
                             ^^
NameError: name 'np' is not defined
2026-10-07 16:53:50,387 - ultrasound - ERROR - Error displaying video frame: name 'np' is not defined
Traceback (most recent call last):
  File "C:\Users\Laptopi-Homs\Pictures\echogpt\echogpt\main_window_v1.py", line 1435, in display_frame
    if not isinstance(frame, np.ndarray):
                             ^^
NameError: name 'np' is not defined
2026-10-07 16:53:50,435 - ultrasound - ERROR - Error displaying video frame: name 'np' is not defined
Traceback (most recent call last):
  File "C:\Users\Laptopi-Homs\Pictures\echogpt\echogpt\main_window_v1.py", line 1435, in display_frame
    if not isinstance(frame, np.ndarray):
                             ^^
NameError: name 'np' is not defined
2026-10-07 16:53:50,480 - ultrasound - ERROR - Error displaying video frame: name 'np' is not defined
Traceback (most recent call last):
  File "C:\Users\Laptopi-Homs\Pictures\echogpt\echogpt\main_window_v1.py", line 1435, in display_frame
    if not isinstance(frame, np.ndarray):
                             ^^
NameError: name 'np' is not defined
2026-10-07 16:53:50,526 - ultrasound - ERROR - Error displaying video frame: name 'np' is not defined
Traceback (most recent call last):
  File "C:\Users\Laptopi-Homs\Pictures\echogpt\echogpt\main_window_v1.py", line 1435, in display_frame
    if not isinstance(frame, np.ndarray):
                             ^^
NameError: name 'np' is not defined
2026-10-07 16:53:50,574 - ultrasound - ERROR - Error displaying video frame: name 'np' is not defined
Traceback (most recent call last):
  File "C:\Users\Laptopi-Homs\Pictures\echogpt\echogpt\main_window_v1.py", line 1435, in display_frame
    if not isinstance(frame, np.ndarray):
                             ^^
NameError: name 'np' is not defined
2026-10-07 16:53:50,620 - ultrasound - ERROR - Error displaying video frame: name 'np' is not defined
Traceback (most recent call last):
  File "C:\Users\Laptopi-Homs\Pictures\echogpt\echogpt\main_window_v1.py", line 1435, in display_frame
    if not isinstance(frame, np.ndarray):
                             ^^
NameError: name 'np' is not defined
2026-10-07 16:53:50,667 - ultrasound - ERROR - Error displaying video frame: name 'np' is not defined
Traceback (most recent call last):
  File "C:\Users\Laptopi-Homs\Pictures\echogpt\echogpt\main_window_v1.py", line 1435, in display_frame
    if not isinstance(frame, np.ndarray):
                             ^^
NameError: name 'np' is not defined
2026-10-07 16:53:50,714 - ultrasound - ERROR - Error displaying video frame: name 'np' is not defined
Traceback (most recent call last):
  File "C:\Users\Laptopi-Homs\Pictures\echogpt\echogpt\main_window_v1.py", line 1435, in display_frame
    if not isinstance(frame, np.ndarray):
                             ^^
NameError: name 'np' is not defined
2026-10-07 16:53:50,760 - ultrasound - ERROR - Error displaying video frame: name 'np' is not defined
Traceback (most recent call last):
  File "C:\Users\Laptopi-Homs\Pictures\echogpt\echogpt\main_window_v1.py", line 1435, in display_frame
    if not isinstance(frame, np.ndarray):
                             ^^
NameError: name 'np' is not defined
2026-10-07 16:53:50,807 - ultrasound - ERROR - Error displaying video frame: name 'np' is not defined
Traceback (most recent call last):
  File "C:\Users\Laptopi-Homs\Pictures\echogpt\echogpt\main_window_v1.py", line 1435, in display_frame
    if not isinstance(frame, np.ndarray):
                             ^^
NameError: name 'np' is not defined
2026-10-07 16:53:50,854 - ultrasound - ERROR - Error displaying video frame: name 'np' is not defined
Traceback (most recent call last):
  File "C:\Users\Laptopi-Homs\Pictures\echogpt\echogpt\main_window_v1.py", line 1435, in display_frame
    if not isinstance(frame, np.ndarray):
                             ^^
NameError: name 'np' is not defined
2026-10-07 16:53:50,901 - ultrasound - ERROR - Error displaying video frame: name 'np' is not defined
Traceback (most recent call last):
  File "C:\Users\Laptopi-Homs\Pictures\echogpt\echogpt\main_window_v1.py", line 1435, in display_frame
    if not isinstance(frame, np.ndarray):
                             ^^
NameError: name 'np' is not defined
2026-10-07 16:53:50,948 - ultrasound - ERROR - Error displaying video frame: name 'np' is not defined
Traceback (most recent call last):
  File "C:\Users\Laptopi-Homs\Pictures\echogpt\echogpt\main_window_v1.py", line 1435, in display_frame
    if not isinstance(frame, np.ndarray):
                             ^^
NameError: name 'np' is not defined
2026-10-07 16:53:50,995 - ultrasound - ERROR - Error displaying video frame: name 'np' is not defined
Traceback (most recent call last):
  File "C:\Users\Laptopi-Homs\Pictures\echogpt\echogpt\main_window_v1.py", line 1435, in display_frame
    if not isinstance(frame, np.ndarray):
                             ^^
NameError: name 'np' is not defined
2026-10-07 16:53:51,042 - ultrasound - ERROR - Error displaying video frame: name 'np' is not defined
Traceback (most recent call last):
  File "C:\Users\Laptopi-Homs\Pictures\echogpt\echogpt\main_window_v1.py", line 1435, in display_frame
    if not isinstance(frame, np.ndarray):
                             ^^
NameError: name 'np' is not defined
2026-10-07 16:53:51,090 - ultrasound - ERROR - Error displaying video frame: name 'np' is not defined
Traceback (most recent call last):
  File "C:\Users\Laptopi-Homs\Pictures\echogpt\echogpt\main_window_v1.py", line 1435, in display_frame
    if not isinstance(frame, np.ndarray):
                             ^^
NameError: name 'np' is not defined
2026-10-07 16:53:51,135 - ultrasound - ERROR - Error displaying video frame: name 'np' is not defined
Traceback (most recent call last):
  File "C:\Users\Laptopi-Homs\Pictures\echogpt\echogpt\main_window_v1.py", line 1435, in display_frame
    if not isinstance(frame, np.ndarray):
                             ^^
NameError: name 'np' is not defined
2026-10-07 16:53:51,182 - ultrasound - ERROR - Error displaying video frame: name 'np' is not defined
Traceback (most recent call last):
  File "C:\Users\Laptopi-Homs\Pictures\echogpt\echogpt\main_window_v1.py", line 1435, in display_frame
    if not isinstance(frame, np.ndarray):
                             ^^
NameError: name 'np' is not defined
2026-10-07 16:53:51,229 - ultrasound - ERROR - Error displaying video frame: name 'np' is not defined
Traceback (most recent call last):
  File "C:\Users\Laptopi-Homs\Pictures\echogpt\echogpt\main_window_v1.py", line 1435, in display_frame
    if not isinstance(frame, np.ndarray):
                             ^^
NameError: name 'np' is not defined
2026-10-07 16:53:51,276 - ultrasound - ERROR - Error displaying video frame: name 'np' is not defined
Traceback (most recent call last):
  File "C:\Users\Laptopi-Homs\Pictures\echogpt\echogpt\main_window_v1.py", line 1435, in display_frame
    if not isinstance(frame, np.ndarray):
                             ^^
NameError: name 'np' is not defined
2026-10-07 16:53:51,378 - ultrasound - ERROR - Error displaying video frame: name 'np' is not defined
Traceback (most recent call last):
  File "C:\Users\Laptopi-Homs\Pictures\echogpt\echogpt\main_window_v1.py", line 1435, in display_frame
    if not isinstance(frame, np.ndarray):
                             ^^
NameError: name 'np' is not defined
2026-10-07 16:53:51,410 - ultrasound - ERROR - Error displaying video frame: name 'np' is not defined
Traceback (most recent call last):
  File "C:\Users\Laptopi-Homs\Pictures\echogpt\echogpt\main_window_v1.py", line 1435, in display_frame
    if not isinstance(frame, np.ndarray):
                             ^^
NameError: name 'np' is not defined
2026-10-07 16:53:51,462 - ultrasound - ERROR - Error displaying video frame: name 'np' is not defined
Traceback (most recent call last):
  File "C:\Users\Laptopi-Homs\Pictures\echogpt\echogpt\main_window_v1.py", line 1435, in display_frame
    if not isinstance(frame, np.ndarray):
                             ^^
NameError: name 'np' is not defined
2026-10-07 16:53:51,516 - ultrasound - ERROR - Error displaying video frame: name 'np' is not defined
Traceback (most recent call last):
  File "C:\Users\Laptopi-Homs\Pictures\echogpt\echogpt\main_window_v1.py", line 1435, in display_frame
    if not isinstance(frame, np.ndarray):
                             ^^
NameError: name 'np' is not defined
2026-10-07 16:53:51,562 - ultrasound - ERROR - Error displaying video frame: name 'np' is not defined
Traceback (most recent call last):
  File "C:\Users\Laptopi-Homs\Pictures\echogpt\echogpt\main_window_v1.py", line 1435, in display_frame
    if not isinstance(frame, np.ndarray):
                             ^^
NameError: name 'np' is not defined
2026-10-07 16:53:51,609 - ultrasound - ERROR - Error displaying video frame: name 'np' is not defined
Traceback (most recent call last):
  File "C:\Users\Laptopi-Homs\Pictures\echogpt\echogpt\main_window_v1.py", line 1435, in display_frame
    if not isinstance(frame, np.ndarray):
                             ^^
NameError: name 'np' is not defined
2026-10-07 16:53:51,652 - ultrasound - ERROR - Error displaying video frame: name 'np' is not defined
Traceback (most recent call last):
  File "C:\Users\Laptopi-Homs\Pictures\echogpt\echogpt\main_window_v1.py", line 1435, in display_frame
    if not isinstance(frame, np.ndarray):
                             ^^
NameError: name 'np' is not defined
2026-10-07 16:53:51,699 - ultrasound - ERROR - Error displaying video frame: name 'np' is not defined
Traceback (most recent call last):
  File "C:\Users\Laptopi-Homs\Pictures\echogpt\echogpt\main_window_v1.py", line 1435, in display_frame
    if not isinstance(frame, np.ndarray):
                             ^^
NameError: name 'np' is not defined
2026-10-07 16:53:51,840 - ultrasound - ERROR - Error displaying video frame: name 'np' is not defined
Traceback (most recent call last):
  File "C:\Users\Laptopi-Homs\Pictures\echogpt\echogpt\main_window_v1.py", line 1435, in display_frame
    if not isinstance(frame, np.ndarray):
                             ^^
NameError: name 'np' is not defined
2026-10-07 16:53:51,887 - ultrasound - ERROR - Error displaying video frame: name 'np' is not defined
Traceback (most recent call last):
  File "C:\Users\Laptopi-Homs\Pictures\echogpt\echogpt\main_window_v1.py", line 1435, in display_frame
    if not isinstance(frame, np.ndarray):
                             ^^
NameError: name 'np' is not defined
2026-10-07 16:53:51,934 - ultrasound - ERROR - Error displaying video frame: name 'np' is not defined
Traceback (most recent call last):
  File "C:\Users\Laptopi-Homs\Pictures\echogpt\echogpt\main_window_v1.py", line 1435, in display_frame
    if not isinstance(frame, np.ndarray):
                             ^^
NameError: name 'np' is not defined
2026-10-07 16:53:52,055 - ultrasound - ERROR - Error displaying video frame: name 'np' is not defined
Traceback (most recent call last):
  File "C:\Users\Laptopi-Homs\Pictures\echogpt\echogpt\main_window_v1.py", line 1435, in display_frame
    if not isinstance(frame, np.ndarray):
                             ^^
NameError: name 'np' is not defined
2026-10-07 16:53:52,081 - ultrasound - ERROR - Error displaying video frame: name 'np' is not defined
Traceback (most recent call last):
  File "C:\Users\Laptopi-Homs\Pictures\echogpt\echogpt\main_window_v1.py", line 1435, in display_frame
    if not isinstance(frame, np.ndarray):
                             ^^
NameError: name 'np' is not defined
2026-10-07 16:53:52,117 - ultrasound - ERROR - Error displaying video frame: name 'np' is not defined
Traceback (most recent call last):
  File "C:\Users\Laptopi-Homs\Pictures\echogpt\echogpt\main_window_v1.py", line 1435, in display_frame
    if not isinstance(frame, np.ndarray):
                             ^^
NameError: name 'np' is not defined
2026-10-07 16:53:52,166 - ultrasound - ERROR - Error displaying video frame: name 'np' is not defined
Traceback (most recent call last):
  File "C:\Users\Laptopi-Homs\Pictures\echogpt\echogpt\main_window_v1.py", line 1435, in display_frame
    if not isinstance(frame, np.ndarray):
                             ^^
NameError: name 'np' is not defined
2026-10-07 16:53:52,213 - ultrasound - ERROR - Error displaying video frame: name 'np' is not defined
Traceback (most recent call last):
  File "C:\Users\Laptopi-Homs\Pictures\echogpt\echogpt\main_window_v1.py", line 1435, in display_frame
    if not isinstance(frame, np.ndarray):
                             ^^
NameError: name 'np' is not defined
2026-10-07 16:53:52,260 - ultrasound - ERROR - Error displaying video frame: name 'np' is not defined
Traceback (most recent call last):
  File "C:\Users\Laptopi-Homs\Pictures\echogpt\echogpt\main_window_v1.py", line 1435, in display_frame
    if not isinstance(frame, np.ndarray):
                             ^^
NameError: name 'np' is not defined
2026-10-07 16:53:52,301 - ultrasound - ERROR - Error displaying video frame: name 'np' is not defined
Traceback (most recent call last):
  File "C:\Users\Laptopi-Homs\Pictures\echogpt\echogpt\main_window_v1.py", line 1435, in display_frame
    if not isinstance(frame, np.ndarray):
                             ^^
NameError: name 'np' is not defined
2026-10-07 16:53:52,348 - ultrasound - ERROR - Error displaying video frame: name 'np' is not defined
Traceback (most recent call last):
  File "C:\Users\Laptopi-Homs\Pictures\echogpt\echogpt\main_window_v1.py", line 1435, in display_frame
    if not isinstance(frame, np.ndarray):
                             ^^
NameError: name 'np' is not defined
2026-10-07 16:53:52,399 - ultrasound - ERROR - Error displaying video frame: name 'np' is not defined
Traceback (most recent call last):
  File "C:\Users\Laptopi-Homs\Pictures\echogpt\echogpt\main_window_v1.py", line 1435, in display_frame
    if not isinstance(frame, np.ndarray):
                             ^^
NameError: name 'np' is not defined
2026-10-07 16:53:52,446 - ultrasound - ERROR - Error displaying video frame: name 'np' is not defined
Traceback (most recent call last):
  File "C:\Users\Laptopi-Homs\Pictures\echogpt\echogpt\main_window_v1.py", line 1435, in display_frame
    if not isinstance(frame, np.ndarray):
                             ^^
NameError: name 'np' is not defined
2026-10-07 16:53:52,485 - ultrasound - ERROR - Error displaying video frame: name 'np' is not defined
Traceback (most recent call last):
  File "C:\Users\Laptopi-Homs\Pictures\echogpt\echogpt\main_window_v1.py", line 1435, in display_frame
    if not isinstance(frame, np.ndarray):
                             ^^
NameError: name 'np' is not defined
2026-10-07 16:53:52,536 - ultrasound - ERROR - Error displaying video frame: name 'np' is not defined
Traceback (most recent call last):
  File "C:\Users\Laptopi-Homs\Pictures\echogpt\echogpt\main_window_v1.py", line 1435, in display_frame
    if not isinstance(frame, np.ndarray):
                             ^^
NameError: name 'np' is not defined
2026-10-07 16:53:52,583 - ultrasound - ERROR - Error displaying video frame: name 'np' is not defined
Traceback (most recent call last):
  File "C:\Users\Laptopi-Homs\Pictures\echogpt\echogpt\main_window_v1.py", line 1435, in display_frame
    if not isinstance(frame, np.ndarray):
                             ^^
NameError: name 'np' is not defined
2026-10-07 16:53:52,630 - ultrasound - ERROR - Error displaying video frame: name 'np' is not defined
Traceback (most recent call last):
  File "C:\Users\Laptopi-Homs\Pictures\echogpt\echogpt\main_window_v1.py", line 1435, in display_frame
    if not isinstance(frame, np.ndarray):
                             ^^
NameError: name 'np' is not defined
2026-10-07 16:53:52,678 - ultrasound - ERROR - Error displaying video frame: name 'np' is not defined
Traceback (most recent call last):
  File "C:\Users\Laptopi-Homs\Pictures\echogpt\echogpt\main_window_v1.py", line 1435, in display_frame
    if not isinstance(frame, np.ndarray):
                             ^^
NameError: name 'np' is not defined
2026-10-07 16:53:52,724 - ultrasound - ERROR - Error displaying video frame: name 'np' is not defined
Traceback (most recent call last):
  File "C:\Users\Laptopi-Homs\Pictures\echogpt\echogpt\main_window_v1.py", line 1435, in display_frame
    if not isinstance(frame, np.ndarray):
                             ^^
NameError: name 'np' is not defined
2026-10-07 16:53:52,772 - ultrasound - ERROR - Error displaying video frame: name 'np' is not defined
Traceback (most recent call last):
  File "C:\Users\Laptopi-Homs\Pictures\echogpt\echogpt\main_window_v1.py", line 1435, in display_frame
    if not isinstance(frame, np.ndarray):
                             ^^
NameError: name 'np' is not defined
2026-10-07 16:53:52,818 - ultrasound - ERROR - Error displaying video frame: name 'np' is not defined
Traceback (most recent call last):
  File "C:\Users\Laptopi-Homs\Pictures\echogpt\echogpt\main_window_v1.py", line 1435, in display_frame
    if not isinstance(frame, np.ndarray):
                             ^^
NameError: name 'np' is not defined
2026-10-07 16:53:52,864 - ultrasound - ERROR - Error displaying video frame: name 'np' is not defined
Traceback (most recent call last):
  File "C:\Users\Laptopi-Homs\Pictures\echogpt\echogpt\main_window_v1.py", line 1435, in display_frame
    if not isinstance(frame, np.ndarray):
                             ^^
NameError: name 'np' is not defined
2026-10-07 16:53:52,911 - ultrasound - ERROR - Error displaying video frame: name 'np' is not defined
Traceback (most recent call last):
  File "C:\Users\Laptopi-Homs\Pictures\echogpt\echogpt\main_window_v1.py", line 1435, in display_frame
    if not isinstance(frame, np.ndarray):
                             ^^
NameError: name 'np' is not defined
2026-10-07 16:53:52,958 - ultrasound - ERROR - Error displaying video frame: name 'np' is not defined
Traceback (most recent call last):
  File "C:\Users\Laptopi-Homs\Pictures\echogpt\echogpt\main_window_v1.py", line 1435, in display_frame
    if not isinstance(frame, np.ndarray):
                             ^^
NameError: name 'np' is not defined
2026-10-07 16:53:53,005 - ultrasound - ERROR - Error displaying video frame: name 'np' is not defined
Traceback (most recent call last):
  File "C:\Users\Laptopi-Homs\Pictures\echogpt\echogpt\main_window_v1.py", line 1435, in display_frame
    if not isinstance(frame, np.ndarray):
                             ^^
NameError: name 'np' is not defined
2026-10-07 16:53:53,052 - ultrasound - ERROR - Error displaying video frame: name 'np' is not defined
Traceback (most recent call last):
  File "C:\Users\Laptopi-Homs\Pictures\echogpt\echogpt\main_window_v1.py", line 1435, in display_frame
    if not isinstance(frame, np.ndarray):
                             ^^
NameError: name 'np' is not defined
2026-10-07 16:53:53,099 - ultrasound - ERROR - Error displaying video frame: name 'np' is not defined
Traceback (most recent call last):
  File "C:\Users\Laptopi-Homs\Pictures\echogpt\echogpt\main_window_v1.py", line 1435, in display_frame
    if not isinstance(frame, np.ndarray):
                             ^^
NameError: name 'np' is not defined
2026-10-07 16:53:53,146 - ultrasound - ERROR - Error displaying video frame: name 'np' is not defined
Traceback (most recent call last):
  File "C:\Users\Laptopi-Homs\Pictures\echogpt\echogpt\main_window_v1.py", line 1435, in display_frame
    if not isinstance(frame, np.ndarray):
                             ^^
NameError: name 'np' is not defined
2026-10-07 16:53:53,192 - ultrasound - ERROR - Error displaying video frame: name 'np' is not defined
Traceback (most recent call last):
  File "C:\Users\Laptopi-Homs\Pictures\echogpt\echogpt\main_window_v1.py", line 1435, in display_frame
    if not isinstance(frame, np.ndarray):
                             ^^
NameError: name 'np' is not defined
2026-10-07 16:53:53,239 - ultrasound - ERROR - Error displaying video frame: name 'np' is not defined
Traceback (most recent call last):
  File "C:\Users\Laptopi-Homs\Pictures\echogpt\echogpt\main_window_v1.py", line 1435, in display_frame
    if not isinstance(frame, np.ndarray):
                             ^^
NameError: name 'np' is not defined
2026-10-07 16:53:53,287 - ultrasound - ERROR - Error displaying video frame: name 'np' is not defined
Traceback (most recent call last):
  File "C:\Users\Laptopi-Homs\Pictures\echogpt\echogpt\main_window_v1.py", line 1435, in display_frame
    if not isinstance(frame, np.ndarray):
                             ^^
NameError: name 'np' is not defined
2026-10-07 16:53:53,333 - ultrasound - ERROR - Error displaying video frame: name 'np' is not defined
Traceback (most recent call last):
  File "C:\Users\Laptopi-Homs\Pictures\echogpt\echogpt\main_window_v1.py", line 1435, in display_frame
    if not isinstance(frame, np.ndarray):
                             ^^
NameError: name 'np' is not defined
2026-10-07 16:53:53,380 - ultrasound - ERROR - Error displaying video frame: name 'np' is not defined
Traceback (most recent call last):
  File "C:\Users\Laptopi-Homs\Pictures\echogpt\echogpt\main_window_v1.py", line 1435, in display_frame
    if not isinstance(frame, np.ndarray):
                             ^^
NameError: name 'np' is not defined
2026-10-07 16:53:53,427 - ultrasound - ERROR - Error displaying video frame: name 'np' is not defined
Traceback (most recent call last):
  File "C:\Users\Laptopi-Homs\Pictures\echogpt\echogpt\main_window_v1.py", line 1435, in display_frame
    if not isinstance(frame, np.ndarray):
                             ^^
NameError: name 'np' is not defined
2026-10-07 16:53:53,474 - ultrasound - ERROR - Error displaying video frame: name 'np' is not defined
Traceback (most recent call last):
  File "C:\Users\Laptopi-Homs\Pictures\echogpt\echogpt\main_window_v1.py", line 1435, in display_frame
    if not isinstance(frame, np.ndarray):
                             ^^
NameError: name 'np' is not defined
2026-10-07 16:53:53,522 - ultrasound - ERROR - Error displaying video frame: name 'np' is not defined
Traceback (most recent call last):
  File "C:\Users\Laptopi-Homs\Pictures\echogpt\echogpt\main_window_v1.py", line 1435, in display_frame
    if not isinstance(frame, np.ndarray):
                             ^^
NameError: name 'np' is not defined
2026-10-07 16:53:53,570 - ultrasound - ERROR - Error displaying video frame: name 'np' is not defined
Traceback (most recent call last):
  File "C:\Users\Laptopi-Homs\Pictures\echogpt\echogpt\main_window_v1.py", line 1435, in display_frame
    if not isinstance(frame, np.ndarray):
                             ^^
NameError: name 'np' is not defined
2026-10-07 16:53:53,616 - ultrasound - ERROR - Error displaying video frame: name 'np' is not defined
Traceback (most recent call last):
  File "C:\Users\Laptopi-Homs\Pictures\echogpt\echogpt\main_window_v1.py", line 1435, in display_frame
    if not isinstance(frame, np.ndarray):
                             ^^
NameError: name 'np' is not defined
2026-10-07 16:53:53,662 - ultrasound - ERROR - Error displaying video frame: name 'np' is not defined
Traceback (most recent call last):
  File "C:\Users\Laptopi-Homs\Pictures\echogpt\echogpt\main_window_v1.py", line 1435, in display_frame
    if not isinstance(frame, np.ndarray):
                             ^^
NameError: name 'np' is not defined
2026-10-07 16:53:53,709 - ultrasound - ERROR - Error displaying video frame: name 'np' is not defined
Traceback (most recent call last):
  File "C:\Users\Laptopi-Homs\Pictures\echogpt\echogpt\main_window_v1.py", line 1435, in display_frame
    if not isinstance(frame, np.ndarray):
                             ^^
NameError: name 'np' is not defined
2026-10-07 16:53:53,756 - ultrasound - ERROR - Error displaying video frame: name 'np' is not defined
Traceback (most recent call last):
  File "C:\Users\Laptopi-Homs\Pictures\echogpt\echogpt\main_window_v1.py", line 1435, in display_frame
    if not isinstance(frame, np.ndarray):
                             ^^
NameError: name 'np' is not defined
2026-10-07 16:53:53,803 - ultrasound - ERROR - Error displaying video frame: name 'np' is not defined
Traceback (most recent call last):
  File "C:\Users\Laptopi-Homs\Pictures\echogpt\echogpt\main_window_v1.py", line 1435, in display_frame
    if not isinstance(frame, np.ndarray):
                             ^^
NameError: name 'np' is not defined
2026-10-07 16:53:53,850 - ultrasound - ERROR - Error displaying video frame: name 'np' is not defined
Traceback (most recent call last):
  File "C:\Users\Laptopi-Homs\Pictures\echogpt\echogpt\main_window_v1.py", line 1435, in display_frame
    if not isinstance(frame, np.ndarray):
                             ^^
NameError: name 'np' is not defined
2026-10-07 16:53:53,897 - ultrasound - ERROR - Error displaying video frame: name 'np' is not defined
Traceback (most recent call last):
  File "C:\Users\Laptopi-Homs\Pictures\echogpt\echogpt\main_window_v1.py", line 1435, in display_frame
    if not isinstance(frame, np.ndarray):
                             ^^
NameError: name 'np' is not defined
2026-10-07 16:53:53,944 - ultrasound - ERROR - Error displaying video frame: name 'np' is not defined
Traceback (most recent call last):
  File "C:\Users\Laptopi-Homs\Pictures\echogpt\echogpt\main_window_v1.py", line 1435, in display_frame
    if not isinstance(frame, np.ndarray):
                             ^^
NameError: name 'np' is not defined
2026-10-07 16:53:53,990 - ultrasound - ERROR - Error displaying video frame: name 'np' is not defined
Traceback (most recent call last):
  File "C:\Users\Laptopi-Homs\Pictures\echogpt\echogpt\main_window_v1.py", line 1435, in display_frame
    if not isinstance(frame, np.ndarray):
                             ^^
NameError: name 'np' is not defined
2026-10-07 16:53:54,038 - ultrasound - ERROR - Error displaying video frame: name 'np' is not defined
Traceback (most recent call last):
  File "C:\Users\Laptopi-Homs\Pictures\echogpt\echogpt\main_window_v1.py", line 1435, in display_frame
    if not isinstance(frame, np.ndarray):
                             ^^
NameError: name 'np' is not defined
2026-10-07 16:53:54,084 - ultrasound - ERROR - Error displaying video frame: name 'np' is not defined
Traceback (most recent call last):
  File "C:\Users\Laptopi-Homs\Pictures\echogpt\echogpt\main_window_v1.py", line 1435, in display_frame
    if not isinstance(frame, np.ndarray):
                             ^^
NameError: name 'np' is not defined
2026-10-07 16:53:54,131 - ultrasound - ERROR - Error displaying video frame: name 'np' is not defined
Traceback (most recent call last):
  File "C:\Users\Laptopi-Homs\Pictures\echogpt\echogpt\main_window_v1.py", line 1435, in display_frame
    if not isinstance(frame, np.ndarray):
                             ^^
NameError: name 'np' is not defined
2026-10-07 16:53:54,178 - ultrasound - ERROR - Error displaying video frame: name 'np' is not defined
Traceback (most recent call last):
  File "C:\Users\Laptopi-Homs\Pictures\echogpt\echogpt\main_window_v1.py", line 1435, in display_frame
    if not isinstance(frame, np.ndarray):
                             ^^
NameError: name 'np' is not defined
2026-10-07 16:53:54,225 - ultrasound - ERROR - Error displaying video frame: name 'np' is not defined
Traceback (most recent call last):
  File "C:\Users\Laptopi-Homs\Pictures\echogpt\echogpt\main_window_v1.py", line 1435, in display_frame
    if not isinstance(frame, np.ndarray):
                             ^^
NameError: name 'np' is not defined
2026-10-07 16:53:54,272 - ultrasound - ERROR - Error displaying video frame: name 'np' is not defined
Traceback (most recent call last):
  File "C:\Users\Laptopi-Homs\Pictures\echogpt\echogpt\main_window_v1.py", line 1435, in display_frame
    if not isinstance(frame, np.ndarray):
                             ^^
NameError: name 'np' is not defined
2026-10-07 16:53:54,319 - ultrasound - ERROR - Error displaying video frame: name 'np' is not defined
Traceback (most recent call last):
  File "C:\Users\Laptopi-Homs\Pictures\echogpt\echogpt\main_window_v1.py", line 1435, in display_frame
    if not isinstance(frame, np.ndarray):
                             ^^
NameError: name 'np' is not defined
2026-10-07 16:53:54,365 - ultrasound - ERROR - Error displaying video frame: name 'np' is not defined
Traceback (most recent call last):
  File "C:\Users\Laptopi-Homs\Pictures\echogpt\echogpt\main_window_v1.py", line 1435, in display_frame
    if not isinstance(frame, np.ndarray):
                             ^^
NameError: name 'np' is not defined
2026-10-07 16:53:54,412 - ultrasound - ERROR - Error displaying video frame: name 'np' is not defined
Traceback (most recent call last):
  File "C:\Users\Laptopi-Homs\Pictures\echogpt\echogpt\main_window_v1.py", line 1435, in display_frame
    if not isinstance(frame, np.ndarray):
                             ^^
NameError: name 'np' is not defined
2026-10-07 16:53:54,459 - ultrasound - ERROR - Error displaying video frame: name 'np' is not defined
Traceback (most recent call last):
  File "C:\Users\Laptopi-Homs\Pictures\echogpt\echogpt\main_window_v1.py", line 1435, in display_frame
    if not isinstance(frame, np.ndarray):
                             ^^
NameError: name 'np' is not defined
2026-10-07 16:53:54,507 - ultrasound - ERROR - Error displaying video frame: name 'np' is not defined
Traceback (most recent call last):
  File "C:\Users\Laptopi-Homs\Pictures\echogpt\echogpt\main_window_v1.py", line 1435, in display_frame
    if not isinstance(frame, np.ndarray):
                             ^^
NameError: name 'np' is not defined
2026-10-07 16:53:54,554 - ultrasound - ERROR - Error displaying video frame: name 'np' is not defined
Traceback (most recent call last):
  File "C:\Users\Laptopi-Homs\Pictures\echogpt\echogpt\main_window_v1.py", line 1435, in display_frame
    if not isinstance(frame, np.ndarray):
                             ^^
NameError: name 'np' is not defined
2026-10-07 16:53:54,601 - ultrasound - ERROR - Error displaying video frame: name 'np' is not defined
Traceback (most recent call last):
  File "C:\Users\Laptopi-Homs\Pictures\echogpt\echogpt\main_window_v1.py", line 1435, in display_frame
    if not isinstance(frame, np.ndarray):
                             ^^
NameError: name 'np' is not defined
2026-10-07 16:53:54,648 - ultrasound - ERROR - Error displaying video frame: name 'np' is not defined
Traceback (most recent call last):
  File "C:\Users\Laptopi-Homs\Pictures\echogpt\echogpt\main_window_v1.py", line 1435, in display_frame
    if not isinstance(frame, np.ndarray):
                             ^^
NameError: name 'np' is not defined
2026-10-07 16:53:54,694 - ultrasound - ERROR - Error displaying video frame: name 'np' is not defined
Traceback (most recent call last):
  File "C:\Users\Laptopi-Homs\Pictures\echogpt\echogpt\main_window_v1.py", line 1435, in display_frame
    if not isinstance(frame, np.ndarray):
                             ^^
NameError: name 'np' is not defined
2026-10-07 16:53:54,741 - ultrasound - ERROR - Error displaying video frame: name 'np' is not defined
Traceback (most recent call last):
  File "C:\Users\Laptopi-Homs\Pictures\echogpt\echogpt\main_window_v1.py", line 1435, in display_frame
    if not isinstance(frame, np.ndarray):
                             ^^
NameError: name 'np' is not defined
2026-10-07 16:53:54,788 - ultrasound - ERROR - Error displaying video frame: name 'np' is not defined
Traceback (most recent call last):
  File "C:\Users\Laptopi-Homs\Pictures\echogpt\echogpt\main_window_v1.py", line 1435, in display_frame
    if not isinstance(frame, np.ndarray):
                             ^^
NameError: name 'np' is not defined
2026-10-07 16:53:54,835 - ultrasound - ERROR - Error displaying video frame: name 'np' is not defined
Traceback (most recent call last):
  File "C:\Users\Laptopi-Homs\Pictures\echogpt\echogpt\main_window_v1.py", line 1435, in display_frame
    if not isinstance(frame, np.ndarray):
                             ^^
NameError: name 'np' is not defined
2026-10-07 16:53:54,882 - ultrasound - ERROR - Error displaying video frame: name 'np' is not defined
Traceback (most recent call last):
  File "C:\Users\Laptopi-Homs\Pictures\echogpt\echogpt\main_window_v1.py", line 1435, in display_frame
    if not isinstance(frame, np.ndarray):
                             ^^
NameError: name 'np' is not defined
2026-10-07 16:53:54,929 - ultrasound - ERROR - Error displaying video frame: name 'np' is not defined
Traceback (most recent call last):
  File "C:\Users\Laptopi-Homs\Pictures\echogpt\echogpt\main_window_v1.py", line 1435, in display_frame
    if not isinstance(frame, np.ndarray):
                             ^^
NameError: name 'np' is not defined
2026-10-07 16:53:54,976 - ultrasound - ERROR - Error displaying video frame: name 'np' is not defined
Traceback (most recent call last):
  File "C:\Users\Laptopi-Homs\Pictures\echogpt\echogpt\main_window_v1.py", line 1435, in display_frame
    if not isinstance(frame, np.ndarray):
                             ^^
NameError: name 'np' is not defined
2026-10-07 16:53:55,022 - ultrasound - ERROR - Error displaying video frame: name 'np' is not defined
Traceback (most recent call last):
  File "C:\Users\Laptopi-Homs\Pictures\echogpt\echogpt\main_window_v1.py", line 1435, in display_frame
    if not isinstance(frame, np.ndarray):
                             ^^
NameError: name 'np' is not defined
2026-10-07 16:53:55,069 - ultrasound - ERROR - Error displaying video frame: name 'np' is not defined
Traceback (most recent call last):
  File "C:\Users\Laptopi-Homs\Pictures\echogpt\echogpt\main_window_v1.py", line 1435, in display_frame
    if not isinstance(frame, np.ndarray):
                             ^^
NameError: name 'np' is not defined
2026-10-07 16:53:55,116 - ultrasound - ERROR - Error displaying video frame: name 'np' is not defined
Traceback (most recent call last):
  File "C:\Users\Laptopi-Homs\Pictures\echogpt\echogpt\main_window_v1.py", line 1435, in display_frame
    if not isinstance(frame, np.ndarray):
                             ^^
NameError: name 'np' is not defined
2026-10-07 16:53:55,163 - ultrasound - ERROR - Error displaying video frame: name 'np' is not defined
Traceback (most recent call last):
  File "C:\Users\Laptopi-Homs\Pictures\echogpt\echogpt\main_window_v1.py", line 1435, in display_frame
    if not isinstance(frame, np.ndarray):
                             ^^
NameError: name 'np' is not defined
2026-10-07 16:53:55,210 - ultrasound - ERROR - Error displaying video frame: name 'np' is not defined
Traceback (most recent call last):
  File "C:\Users\Laptopi-Homs\Pictures\echogpt\echogpt\main_window_v1.py", line 1435, in display_frame
    if not isinstance(frame, np.ndarray):
                             ^^
NameError: name 'np' is not defined
2026-10-07 16:53:55,257 - ultrasound - ERROR - Error displaying video frame: name 'np' is not defined
Traceback (most recent call last):
  File "C:\Users\Laptopi-Homs\Pictures\echogpt\echogpt\main_window_v1.py", line 1435, in display_frame
    if not isinstance(frame, np.ndarray):
                             ^^
NameError: name 'np' is not defined
2026-10-07 16:53:55,304 - ultrasound - ERROR - Error displaying video frame: name 'np' is not defined
Traceback (most recent call last):
  File "C:\Users\Laptopi-Homs\Pictures\echogpt\echogpt\main_window_v1.py", line 1435, in display_frame
    if not isinstance(frame, np.ndarray):
                             ^^
NameError: name 'np' is not defined
2026-10-07 16:53:55,352 - ultrasound - ERROR - Error displaying video frame: name 'np' is not defined
Traceback (most recent call last):
  File "C:\Users\Laptopi-Homs\Pictures\echogpt\echogpt\main_window_v1.py", line 1435, in display_frame
    if not isinstance(frame, np.ndarray):
                             ^^
NameError: name 'np' is not defined
2026-10-07 16:53:55,397 - ultrasound - ERROR - Error displaying video frame: name 'np' is not defined
Traceback (most recent call last):
  File "C:\Users\Laptopi-Homs\Pictures\echogpt\echogpt\main_window_v1.py", line 1435, in display_frame
    if not isinstance(frame, np.ndarray):
                             ^^
NameError: name 'np' is not defined
2026-10-07 16:53:55,444 - ultrasound - ERROR - Error displaying video frame: name 'np' is not defined
Traceback (most recent call last):
  File "C:\Users\Laptopi-Homs\Pictures\echogpt\echogpt\main_window_v1.py", line 1435, in display_frame
    if not isinstance(frame, np.ndarray):
                             ^^
NameError: name 'np' is not defined
2026-10-07 16:53:55,491 - ultrasound - ERROR - Error displaying video frame: name 'np' is not defined
Traceback (most recent call last):
  File "C:\Users\Laptopi-Homs\Pictures\echogpt\echogpt\main_window_v1.py", line 1435, in display_frame
    if not isinstance(frame, np.ndarray):
                             ^^
NameError: name 'np' is not defined
2026-10-07 16:53:55,541 - ultrasound - ERROR - Error displaying video frame: name 'np' is not defined
Traceback (most recent call last):
  File "C:\Users\Laptopi-Homs\Pictures\echogpt\echogpt\main_window_v1.py", line 1435, in display_frame
    if not isinstance(frame, np.ndarray):
                             ^^
NameError: name 'np' is not defined
2026-10-07 16:53:55,588 - ultrasound - ERROR - Error displaying video frame: name 'np' is not defined
Traceback (most recent call last):
  File "C:\Users\Laptopi-Homs\Pictures\echogpt\echogpt\main_window_v1.py", line 1435, in display_frame
    if not isinstance(frame, np.ndarray):
                             ^^
NameError: name 'np' is not defined
2026-10-07 16:53:55,635 - ultrasound - ERROR - Error displaying video frame: name 'np' is not defined
Traceback (most recent call last):
  File "C:\Users\Laptopi-Homs\Pictures\echogpt\echogpt\main_window_v1.py", line 1435, in display_frame
    if not isinstance(frame, np.ndarray):
                             ^^
NameError: name 'np' is not defined
2026-10-07 16:53:55,684 - ultrasound - ERROR - Error displaying video frame: name 'np' is not defined
Traceback (most recent call last):
  File "C:\Users\Laptopi-Homs\Pictures\echogpt\echogpt\main_window_v1.py", line 1435, in display_frame
    if not isinstance(frame, np.ndarray):
                             ^^
NameError: name 'np' is not defined
2026-10-07 16:53:55,729 - ultrasound - ERROR - Error displaying video frame: name 'np' is not defined
Traceback (most recent call last):
  File "C:\Users\Laptopi-Homs\Pictures\echogpt\echogpt\main_window_v1.py", line 1435, in display_frame
    if not isinstance(frame, np.ndarray):
                             ^^
NameError: name 'np' is not defined
2026-10-07 16:53:55,776 - ultrasound - ERROR - Error displaying video frame: name 'np' is not defined
Traceback (most recent call last):
  File "C:\Users\Laptopi-Homs\Pictures\echogpt\echogpt\main_window_v1.py", line 1435, in display_frame
    if not isinstance(frame, np.ndarray):
                             ^^
NameError: name 'np' is not defined
2026-10-07 16:53:55,822 - ultrasound - ERROR - Error displaying video frame: name 'np' is not defined
Traceback (most recent call last):
  File "C:\Users\Laptopi-Homs\Pictures\echogpt\echogpt\main_window_v1.py", line 1435, in display_frame
    if not isinstance(frame, np.ndarray):
                             ^^
NameError: name 'np' is not defined
2026-10-07 16:53:55,869 - ultrasound - ERROR - Error displaying video frame: name 'np' is not defined
Traceback (most recent call last):
  File "C:\Users\Laptopi-Homs\Pictures\echogpt\echogpt\main_window_v1.py", line 1435, in display_frame
    if not isinstance(frame, np.ndarray):
                             ^^
NameError: name 'np' is not defined
2026-10-07 16:53:55,916 - ultrasound - ERROR - Error displaying video frame: name 'np' is not defined
Traceback (most recent call last):
  File "C:\Users\Laptopi-Homs\Pictures\echogpt\echogpt\main_window_v1.py", line 1435, in display_frame
    if not isinstance(frame, np.ndarray):
                             ^^
NameError: name 'np' is not defined
2026-10-07 16:53:55,963 - ultrasound - ERROR - Error displaying video frame: name 'np' is not defined
Traceback (most recent call last):
  File "C:\Users\Laptopi-Homs\Pictures\echogpt\echogpt\main_window_v1.py", line 1435, in display_frame
    if not isinstance(frame, np.ndarray):
                             ^^
NameError: name 'np' is not defined
2026-10-07 16:53:56,010 - ultrasound - ERROR - Error displaying video frame: name 'np' is not defined
Traceback (most recent call last):
  File "C:\Users\Laptopi-Homs\Pictures\echogpt\echogpt\main_window_v1.py", line 1435, in display_frame
    if not isinstance(frame, np.ndarray):
                             ^^
NameError: name 'np' is not defined
2026-10-07 16:53:56,057 - ultrasound - ERROR - Error displaying video frame: name 'np' is not defined
Traceback (most recent call last):
  File "C:\Users\Laptopi-Homs\Pictures\echogpt\echogpt\main_window_v1.py", line 1435, in display_frame
    if not isinstance(frame, np.ndarray):
                             ^^
NameError: name 'np' is not defined
2026-10-07 16:53:56,103 - ultrasound - ERROR - Error displaying video frame: name 'np' is not defined
Traceback (most recent call last):
  File "C:\Users\Laptopi-Homs\Pictures\echogpt\echogpt\main_window_v1.py", line 1435, in display_frame
    if not isinstance(frame, np.ndarray):
                             ^^
NameError: name 'np' is not defined
2026-10-07 16:53:56,151 - ultrasound - ERROR - Error displaying video frame: name 'np' is not defined
Traceback (most recent call last):
  File "C:\Users\Laptopi-Homs\Pictures\echogpt\echogpt\main_window_v1.py", line 1435, in display_frame
    if not isinstance(frame, np.ndarray):
                             ^^
NameError: name 'np' is not defined
2026-10-07 16:53:56,197 - ultrasound - ERROR - Error displaying video frame: name 'np' is not defined
Traceback (most recent call last):
  File "C:\Users\Laptopi-Homs\Pictures\echogpt\echogpt\main_window_v1.py", line 1435, in display_frame
    if not isinstance(frame, np.ndarray):
                             ^^
NameError: name 'np' is not defined
2026-10-07 16:53:56,244 - ultrasound - ERROR - Error displaying video frame: name 'np' is not defined
Traceback (most recent call last):
  File "C:\Users\Laptopi-Homs\Pictures\echogpt\echogpt\main_window_v1.py", line 1435, in display_frame
    if not isinstance(frame, np.ndarray):
                             ^^
NameError: name 'np' is not defined
2026-10-07 16:53:56,291 - ultrasound - ERROR - Error displaying video frame: name 'np' is not defined
Traceback (most recent call last):
  File "C:\Users\Laptopi-Homs\Pictures\echogpt\echogpt\main_window_v1.py", line 1435, in display_frame
    if not isinstance(frame, np.ndarray):
                             ^^
NameError: name 'np' is not defined
2026-10-07 16:53:56,338 - ultrasound - ERROR - Error displaying video frame: name 'np' is not defined
Traceback (most recent call last):
  File "C:\Users\Laptopi-Homs\Pictures\echogpt\echogpt\main_window_v1.py", line 1435, in display_frame
    if not isinstance(frame, np.ndarray):
                             ^^
NameError: name 'np' is not defined
2026-10-07 16:53:56,385 - ultrasound - ERROR - Error displaying video frame: name 'np' is not defined
Traceback (most recent call last):
  File "C:\Users\Laptopi-Homs\Pictures\echogpt\echogpt\main_window_v1.py", line 1435, in display_frame
    if not isinstance(frame, np.ndarray):
                             ^^
NameError: name 'np' is not defined
2026-10-07 16:53:56,432 - ultrasound - ERROR - Error displaying video frame: name 'np' is not defined
Traceback (most recent call last):
  File "C:\Users\Laptopi-Homs\Pictures\echogpt\echogpt\main_window_v1.py", line 1435, in display_frame
    if not isinstance(frame, np.ndarray):
                             ^^
NameError: name 'np' is not defined
2026-10-07 16:53:56,478 - ultrasound - ERROR - Error displaying video frame: name 'np' is not defined
Traceback (most recent call last):
  File "C:\Users\Laptopi-Homs\Pictures\echogpt\echogpt\main_window_v1.py", line 1435, in display_frame
    if not isinstance(frame, np.ndarray):
                             ^^
NameError: name 'np' is not defined
2026-10-07 16:53:56,526 - ultrasound - ERROR - Error displaying video frame: name 'np' is not defined
Traceback (most recent call last):
  File "C:\Users\Laptopi-Homs\Pictures\echogpt\echogpt\main_window_v1.py", line 1435, in display_frame
    if not isinstance(frame, np.ndarray):
                             ^^
NameError: name 'np' is not defined
2026-10-07 16:53:56,573 - ultrasound - ERROR - Error displaying video frame: name 'np' is not defined
Traceback (most recent call last):
  File "C:\Users\Laptopi-Homs\Pictures\echogpt\echogpt\main_window_v1.py", line 1435, in display_frame
    if not isinstance(frame, np.ndarray):
                             ^^
NameError: name 'np' is not defined
2026-10-07 16:53:56,620 - ultrasound - ERROR - Error displaying video frame: name 'np' is not defined
Traceback (most recent call last):
  File "C:\Users\Laptopi-Homs\Pictures\echogpt\echogpt\main_window_v1.py", line 1435, in display_frame
    if not isinstance(frame, np.ndarray):
                             ^^
NameError: name 'np' is not defined
2026-10-07 16:53:56,668 - ultrasound - ERROR - Error displaying video frame: name 'np' is not defined
Traceback (most recent call last):
  File "C:\Users\Laptopi-Homs\Pictures\echogpt\echogpt\main_window_v1.py", line 1435, in display_frame
    if not isinstance(frame, np.ndarray):
                             ^^
NameError: name 'np' is not defined
2026-10-07 16:53:56,714 - ultrasound - ERROR - Error displaying video frame: name 'np' is not defined
Traceback (most recent call last):
  File "C:\Users\Laptopi-Homs\Pictures\echogpt\echogpt\main_window_v1.py", line 1435, in display_frame
    if not isinstance(frame, np.ndarray):
                             ^^
NameError: name 'np' is not defined
2026-10-07 16:53:56,761 - ultrasound - ERROR - Error displaying video frame: name 'np' is not defined
Traceback (most recent call last):
  File "C:\Users\Laptopi-Homs\Pictures\echogpt\echogpt\main_window_v1.py", line 1435, in display_frame
    if not isinstance(frame, np.ndarray):
                             ^^
NameError: name 'np' is not defined
2026-10-07 16:53:56,807 - ultrasound - ERROR - Error displaying video frame: name 'np' is not defined
Traceback (most recent call last):
  File "C:\Users\Laptopi-Homs\Pictures\echogpt\echogpt\main_window_v1.py", line 1435, in display_frame
    if not isinstance(frame, np.ndarray):
                             ^^
NameError: name 'np' is not defined
2026-10-07 16:53:56,854 - ultrasound - ERROR - Error displaying video frame: name 'np' is not defined
Traceback (most recent call last):
  File "C:\Users\Laptopi-Homs\Pictures\echogpt\echogpt\main_window_v1.py", line 1435, in display_frame
    if not isinstance(frame, np.ndarray):
                             ^^
NameError: name 'np' is not defined
2026-10-07 16:53:56,901 - ultrasound - ERROR - Error displaying video frame: name 'np' is not defined
Traceback (most recent call last):
  File "C:\Users\Laptopi-Homs\Pictures\echogpt\echogpt\main_window_v1.py", line 1435, in display_frame
    if not isinstance(frame, np.ndarray):
                             ^^
NameError: name 'np' is not defined
2026-10-07 16:53:56,948 - ultrasound - ERROR - Error displaying video frame: name 'np' is not defined
Traceback (most recent call last):
  File "C:\Users\Laptopi-Homs\Pictures\echogpt\echogpt\main_window_v1.py", line 1435, in display_frame
    if not isinstance(frame, np.ndarray):
                             ^^
NameError: name 'np' is not defined
2026-10-07 16:53:56,995 - ultrasound - ERROR - Error displaying video frame: name 'np' is not defined
Traceback (most recent call last):
  File "C:\Users\Laptopi-Homs\Pictures\echogpt\echogpt\main_window_v1.py", line 1435, in display_frame
    if not isinstance(frame, np.ndarray):
                             ^^
NameError: name 'np' is not defined
2026-10-07 16:53:57,042 - ultrasound - ERROR - Error displaying video frame: name 'np' is not defined
Traceback (most recent call last):
  File "C:\Users\Laptopi-Homs\Pictures\echogpt\echogpt\main_window_v1.py", line 1435, in display_frame
    if not isinstance(frame, np.ndarray):
                             ^^
NameError: name 'np' is not defined
2026-10-07 16:53:57,089 - ultrasound - ERROR - Error displaying video frame: name 'np' is not defined
Traceback (most recent call last):
  File "C:\Users\Laptopi-Homs\Pictures\echogpt\echogpt\main_window_v1.py", line 1435, in display_frame
    if not isinstance(frame, np.ndarray):
                             ^^
NameError: name 'np' is not defined
2026-10-07 16:53:57,138 - ultrasound - ERROR - Error displaying video frame: name 'np' is not defined
Traceback (most recent call last):
  File "C:\Users\Laptopi-Homs\Pictures\echogpt\echogpt\main_window_v1.py", line 1435, in display_frame
    if not isinstance(frame, np.ndarray):
                             ^^
NameError: name 'np' is not defined
2026-10-07 16:53:57,198 - ultrasound - ERROR - Error displaying video frame: name 'np' is not defined
Traceback (most recent call last):
  File "C:\Users\Laptopi-Homs\Pictures\echogpt\echogpt\main_window_v1.py", line 1435, in display_frame
    if not isinstance(frame, np.ndarray):
                             ^^
NameError: name 'np' is not defined
2026-10-07 16:53:57,245 - ultrasound - ERROR - Error displaying video frame: name 'np' is not defined
Traceback (most recent call last):
  File "C:\Users\Laptopi-Homs\Pictures\echogpt\echogpt\main_window_v1.py", line 1435, in display_frame
    if not isinstance(frame, np.ndarray):
                             ^^
NameError: name 'np' is not defined
2026-10-07 16:53:57,292 - ultrasound - ERROR - Error displaying video frame: name 'np' is not defined
Traceback (most recent call last):
  File "C:\Users\Laptopi-Homs\Pictures\echogpt\echogpt\main_window_v1.py", line 1435, in display_frame
    if not isinstance(frame, np.ndarray):
                             ^^
NameError: name 'np' is not defined
2026-10-07 16:53:57,339 - ultrasound - ERROR - Error displaying video frame: name 'np' is not defined
Traceback (most recent call last):
  File "C:\Users\Laptopi-Homs\Pictures\echogpt\echogpt\main_window_v1.py", line 1435, in display_frame
    if not isinstance(frame, np.ndarray):
                             ^^
NameError: name 'np' is not defined
2026-10-07 16:53:57,386 - ultrasound - ERROR - Error displaying video frame: name 'np' is not defined
Traceback (most recent call last):
  File "C:\Users\Laptopi-Homs\Pictures\echogpt\echogpt\main_window_v1.py", line 1435, in display_frame
    if not isinstance(frame, np.ndarray):
                             ^^
NameError: name 'np' is not defined
2026-10-07 16:53:57,433 - ultrasound - ERROR - Error displaying video frame: name 'np' is not defined
Traceback (most recent call last):
  File "C:\Users\Laptopi-Homs\Pictures\echogpt\echogpt\main_window_v1.py", line 1435, in display_frame
    if not isinstance(frame, np.ndarray):
                             ^^
NameError: name 'np' is not defined
2026-10-07 16:53:57,480 - ultrasound - ERROR - Error displaying video frame: name 'np' is not defined
Traceback (most recent call last):
  File "C:\Users\Laptopi-Homs\Pictures\echogpt\echogpt\main_window_v1.py", line 1435, in display_frame
    if not isinstance(frame, np.ndarray):
                             ^^
NameError: name 'np' is not defined
2026-10-07 16:53:57,537 - ultrasound - ERROR - Error displaying video frame: name 'np' is not defined
Traceback (most recent call last):
  File "C:\Users\Laptopi-Homs\Pictures\echogpt\echogpt\main_window_v1.py", line 1435, in display_frame
    if not isinstance(frame, np.ndarray):
                             ^^
NameError: name 'np' is not defined
2026-10-07 16:53:57,584 - ultrasound - ERROR - Error displaying video frame: name 'np' is not defined
Traceback (most recent call last):
  File "C:\Users\Laptopi-Homs\Pictures\echogpt\echogpt\main_window_v1.py", line 1435, in display_frame
    if not isinstance(frame, np.ndarray):
                             ^^
NameError: name 'np' is not defined
2026-10-07 16:53:57,631 - ultrasound - ERROR - Error displaying video frame: name 'np' is not defined
Traceback (most recent call last):
  File "C:\Users\Laptopi-Homs\Pictures\echogpt\echogpt\main_window_v1.py", line 1435, in display_frame
    if not isinstance(frame, np.ndarray):
                             ^^
NameError: name 'np' is not defined
2026-10-07 16:53:57,679 - ultrasound - ERROR - Error displaying video frame: name 'np' is not defined
Traceback (most recent call last):
  File "C:\Users\Laptopi-Homs\Pictures\echogpt\echogpt\main_window_v1.py", line 1435, in display_frame
    if not isinstance(frame, np.ndarray):
                             ^^
NameError: name 'np' is not defined
2026-10-07 16:53:57,724 - ultrasound - ERROR - Error displaying video frame: name 'np' is not defined
Traceback (most recent call last):
  File "C:\Users\Laptopi-Homs\Pictures\echogpt\echogpt\main_window_v1.py", line 1435, in display_frame
    if not isinstance(frame, np.ndarray):
                             ^^
NameError: name 'np' is not defined
2026-10-07 16:53:57,771 - ultrasound - ERROR - Error displaying video frame: name 'np' is not defined
Traceback (most recent call last):
  File "C:\Users\Laptopi-Homs\Pictures\echogpt\echogpt\main_window_v1.py", line 1435, in display_frame
    if not isinstance(frame, np.ndarray):
                             ^^
NameError: name 'np' is not defined
2026-10-07 16:53:57,818 - ultrasound - ERROR - Error displaying video frame: name 'np' is not defined
Traceback (most recent call last):
  File "C:\Users\Laptopi-Homs\Pictures\echogpt\echogpt\main_window_v1.py", line 1435, in display_frame
    if not isinstance(frame, np.ndarray):
                             ^^
NameError: name 'np' is not defined
2026-10-07 16:53:57,866 - ultrasound - ERROR - Error displaying video frame: name 'np' is not defined
Traceback (most recent call last):
  File "C:\Users\Laptopi-Homs\Pictures\echogpt\echogpt\main_window_v1.py", line 1435, in display_frame
    if not isinstance(frame, np.ndarray):
                             ^^
NameError: name 'np' is not defined
2026-10-07 16:53:57,912 - ultrasound - ERROR - Error displaying video frame: name 'np' is not defined
Traceback (most recent call last):
  File "C:\Users\Laptopi-Homs\Pictures\echogpt\echogpt\main_window_v1.py", line 1435, in display_frame
    if not isinstance(frame, np.ndarray):
                             ^^
NameError: name 'np' is not defined
2026-10-07 16:53:57,959 - ultrasound - ERROR - Error displaying video frame: name 'np' is not defined
Traceback (most recent call last):
  File "C:\Users\Laptopi-Homs\Pictures\echogpt\echogpt\main_window_v1.py", line 1435, in display_frame
    if not isinstance(frame, np.ndarray):
                             ^^
NameError: name 'np' is not defined
2026-10-07 16:53:58,006 - ultrasound - ERROR - Error displaying video frame: name 'np' is not defined
Traceback (most recent call last):
  File "C:\Users\Laptopi-Homs\Pictures\echogpt\echogpt\main_window_v1.py", line 1435, in display_frame
    if not isinstance(frame, np.ndarray):
                             ^^
NameError: name 'np' is not defined
2026-10-07 16:53:58,053 - ultrasound - ERROR - Error displaying video frame: name 'np' is not defined
Traceback (most recent call last):
  File "C:\Users\Laptopi-Homs\Pictures\echogpt\echogpt\main_window_v1.py", line 1435, in display_frame
    if not isinstance(frame, np.ndarray):
                             ^^
NameError: name 'np' is not defined
2026-10-07 16:53:58,099 - ultrasound - ERROR - Error displaying video frame: name 'np' is not defined
Traceback (most recent call last):
  File "C:\Users\Laptopi-Homs\Pictures\echogpt\echogpt\main_window_v1.py", line 1435, in display_frame
    if not isinstance(frame, np.ndarray):
                             ^^
NameError: name 'np' is not defined
2026-10-07 16:53:58,146 - ultrasound - ERROR - Error displaying video frame: name 'np' is not defined
Traceback (most recent call last):
  File "C:\Users\Laptopi-Homs\Pictures\echogpt\echogpt\main_window_v1.py", line 1435, in display_frame
    if not isinstance(frame, np.ndarray):
                             ^^
NameError: name 'np' is not defined
2026-10-07 16:53:58,193 - ultrasound - ERROR - Error displaying video frame: name 'np' is not defined
Traceback (most recent call last):
  File "C:\Users\Laptopi-Homs\Pictures\echogpt\echogpt\main_window_v1.py", line 1435, in display_frame
    if not isinstance(frame, np.ndarray):
                             ^^
NameError: name 'np' is not defined
2026-10-07 16:53:58,240 - ultrasound - ERROR - Error displaying video frame: name 'np' is not defined
Traceback (most recent call last):
  File "C:\Users\Laptopi-Homs\Pictures\echogpt\echogpt\main_window_v1.py", line 1435, in display_frame
    if not isinstance(frame, np.ndarray):
                             ^^
NameError: name 'np' is not defined
2026-10-07 16:53:58,287 - ultrasound - ERROR - Error displaying video frame: name 'np' is not defined
Traceback (most recent call last):
  File "C:\Users\Laptopi-Homs\Pictures\echogpt\echogpt\main_window_v1.py", line 1435, in display_frame
    if not isinstance(frame, np.ndarray):
                             ^^
NameError: name 'np' is not defined
2026-10-07 16:53:58,334 - ultrasound - ERROR - Error displaying video frame: name 'np' is not defined
Traceback (most recent call last):
  File "C:\Users\Laptopi-Homs\Pictures\echogpt\echogpt\main_window_v1.py", line 1435, in display_frame
    if not isinstance(frame, np.ndarray):
                             ^^
NameError: name 'np' is not defined
2026-10-07 16:53:58,381 - ultrasound - ERROR - Error displaying video frame: name 'np' is not defined
Traceback (most recent call last):
  File "C:\Users\Laptopi-Homs\Pictures\echogpt\echogpt\main_window_v1.py", line 1435, in display_frame
    if not isinstance(frame, np.ndarray):
                             ^^
NameError: name 'np' is not defined
2026-10-07 16:53:58,428 - ultrasound - ERROR - Error displaying video frame: name 'np' is not defined
Traceback (most recent call last):
  File "C:\Users\Laptopi-Homs\Pictures\echogpt\echogpt\main_window_v1.py", line 1435, in display_frame
    if not isinstance(frame, np.ndarray):
                             ^^
NameError: name 'np' is not defined
2026-10-07 16:53:58,474 - ultrasound - ERROR - Error displaying video frame: name 'np' is not defined
Traceback (most recent call last):
  File "C:\Users\Laptopi-Homs\Pictures\echogpt\echogpt\main_window_v1.py", line 1435, in display_frame
    if not isinstance(frame, np.ndarray):
                             ^^
NameError: name 'np' is not defined
2026-10-07 16:53:58,521 - ultrasound - ERROR - Error displaying video frame: name 'np' is not defined
Traceback (most recent call last):
  File "C:\Users\Laptopi-Homs\Pictures\echogpt\echogpt\main_window_v1.py", line 1435, in display_frame
    if not isinstance(frame, np.ndarray):
                             ^^
NameError: name 'np' is not defined
2026-10-07 16:53:58,574 - ultrasound - ERROR - Error displaying video frame: name 'np' is not defined
Traceback (most recent call last):
  File "C:\Users\Laptopi-Homs\Pictures\echogpt\echogpt\main_window_v1.py", line 1435, in display_frame
    if not isinstance(frame, np.ndarray):
                             ^^
NameError: name 'np' is not defined
2026-10-07 16:53:58,621 - ultrasound - ERROR - Error displaying video frame: name 'np' is not defined
Traceback (most recent call last):
  File "C:\Users\Laptopi-Homs\Pictures\echogpt\echogpt\main_window_v1.py", line 1435, in display_frame
    if not isinstance(frame, np.ndarray):
                             ^^
NameError: name 'np' is not defined
2026-10-07 16:53:58,667 - ultrasound - ERROR - Error displaying video frame: name 'np' is not defined
Traceback (most recent call last):
  File "C:\Users\Laptopi-Homs\Pictures\echogpt\echogpt\main_window_v1.py", line 1435, in display_frame
    if not isinstance(frame, np.ndarray):
                             ^^
NameError: name 'np' is not defined
2026-10-07 16:53:58,715 - ultrasound - ERROR - Error displaying video frame: name 'np' is not defined
Traceback (most recent call last):
  File "C:\Users\Laptopi-Homs\Pictures\echogpt\echogpt\main_window_v1.py", line 1435, in display_frame
    if not isinstance(frame, np.ndarray):
                             ^^
NameError: name 'np' is not defined
2026-10-07 16:53:58,761 - ultrasound - ERROR - Error displaying video frame: name 'np' is not defined
Traceback (most recent call last):
  File "C:\Users\Laptopi-Homs\Pictures\echogpt\echogpt\main_window_v1.py", line 1435, in display_frame
    if not isinstance(frame, np.ndarray):
                             ^^
NameError: name 'np' is not defined
2026-10-07 16:53:58,808 - ultrasound - ERROR - Error displaying video frame: name 'np' is not defined
Traceback (most recent call last):
  File "C:\Users\Laptopi-Homs\Pictures\echogpt\echogpt\main_window_v1.py", line 1435, in display_frame
    if not isinstance(frame, np.ndarray):
                             ^^
NameError: name 'np' is not defined
2026-10-07 16:53:58,855 - ultrasound - ERROR - Error displaying video frame: name 'np' is not defined
Traceback (most recent call last):
  File "C:\Users\Laptopi-Homs\Pictures\echogpt\echogpt\main_window_v1.py", line 1435, in display_frame
    if not isinstance(frame, np.ndarray):
                             ^^
NameError: name 'np' is not defined
2026-10-07 16:53:58,902 - ultrasound - ERROR - Error displaying video frame: name 'np' is not defined
Traceback (most recent call last):
  File "C:\Users\Laptopi-Homs\Pictures\echogpt\echogpt\main_window_v1.py", line 1435, in display_frame
    if not isinstance(frame, np.ndarray):
                             ^^
NameError: name 'np' is not defined
2026-10-07 16:53:58,949 - ultrasound - ERROR - Error displaying video frame: name 'np' is not defined
Traceback (most recent call last):
  File "C:\Users\Laptopi-Homs\Pictures\echogpt\echogpt\main_window_v1.py", line 1435, in display_frame
    if not isinstance(frame, np.ndarray):
                             ^^
NameError: name 'np' is not defined
2026-10-07 16:53:59,008 - ultrasound - ERROR - Error displaying video frame: name 'np' is not defined
Traceback (most recent call last):
  File "C:\Users\Laptopi-Homs\Pictures\echogpt\echogpt\main_window_v1.py", line 1435, in display_frame
    if not isinstance(frame, np.ndarray):
                             ^^
NameError: name 'np' is not defined
2026-10-07 16:53:59,055 - ultrasound - ERROR - Error displaying video frame: name 'np' is not defined
Traceback (most recent call last):
  File "C:\Users\Laptopi-Homs\Pictures\echogpt\echogpt\main_window_v1.py", line 1435, in display_frame
    if not isinstance(frame, np.ndarray):
                             ^^
NameError: name 'np' is not defined
2026-10-07 16:53:59,103 - ultrasound - ERROR - Error displaying video frame: name 'np' is not defined
Traceback (most recent call last):
  File "C:\Users\Laptopi-Homs\Pictures\echogpt\echogpt\main_window_v1.py", line 1435, in display_frame
    if not isinstance(frame, np.ndarray):
                             ^^
NameError: name 'np' is not defined
2026-10-07 16:53:59,150 - ultrasound - ERROR - Error displaying video frame: name 'np' is not defined
Traceback (most recent call last):
  File "C:\Users\Laptopi-Homs\Pictures\echogpt\echogpt\main_window_v1.py", line 1435, in display_frame
    if not isinstance(frame, np.ndarray):
                             ^^
NameError: name 'np' is not defined
2026-10-07 16:53:59,197 - ultrasound - ERROR - Error displaying video frame: name 'np' is not defined
Traceback (most recent call last):
  File "C:\Users\Laptopi-Homs\Pictures\echogpt\echogpt\main_window_v1.py", line 1435, in display_frame
    if not isinstance(frame, np.ndarray):
                             ^^
NameError: name 'np' is not defined
2026-10-07 16:53:59,244 - ultrasound - ERROR - Error displaying video frame: name 'np' is not defined
Traceback (most recent call last):
  File "C:\Users\Laptopi-Homs\Pictures\echogpt\echogpt\main_window_v1.py", line 1435, in display_frame
    if not isinstance(frame, np.ndarray):
                             ^^
NameError: name 'np' is not defined
2026-10-07 16:53:59,290 - ultrasound - ERROR - Error displaying video frame: name 'np' is not defined
Traceback (most recent call last):
  File "C:\Users\Laptopi-Homs\Pictures\echogpt\echogpt\main_window_v1.py", line 1435, in display_frame
    if not isinstance(frame, np.ndarray):
                             ^^
NameError: name 'np' is not defined
2026-10-07 16:53:59,337 - ultrasound - ERROR - Error displaying video frame: name 'np' is not defined
Traceback (most recent call last):
  File "C:\Users\Laptopi-Homs\Pictures\echogpt\echogpt\main_window_v1.py", line 1435, in display_frame
    if not isinstance(frame, np.ndarray):
                             ^^
NameError: name 'np' is not defined
2026-10-07 16:53:59,384 - ultrasound - ERROR - Error displaying video frame: name 'np' is not defined
Traceback (most recent call last):
  File "C:\Users\Laptopi-Homs\Pictures\echogpt\echogpt\main_window_v1.py", line 1435, in display_frame
    if not isinstance(frame, np.ndarray):
                             ^^
NameError: name 'np' is not defined
2026-10-07 16:53:59,435 - ultrasound - ERROR - Error displaying video frame: name 'np' is not defined
Traceback (most recent call last):
  File "C:\Users\Laptopi-Homs\Pictures\echogpt\echogpt\main_window_v1.py", line 1435, in display_frame
    if not isinstance(frame, np.ndarray):
                             ^^
NameError: name 'np' is not defined
2026-10-07 16:53:59,482 - ultrasound - ERROR - Error displaying video frame: name 'np' is not defined
Traceback (most recent call last):
  File "C:\Users\Laptopi-Homs\Pictures\echogpt\echogpt\main_window_v1.py", line 1435, in display_frame
    if not isinstance(frame, np.ndarray):
                             ^^
NameError: name 'np' is not defined
2026-10-07 16:53:59,528 - ultrasound - ERROR - Error displaying video frame: name 'np' is not defined
Traceback (most recent call last):
  File "C:\Users\Laptopi-Homs\Pictures\echogpt\echogpt\main_window_v1.py", line 1435, in display_frame
    if not isinstance(frame, np.ndarray):
                             ^^
NameError: name 'np' is not defined
2026-10-07 16:53:59,571 - ultrasound - ERROR - Error displaying video frame: name 'np' is not defined
Traceback (most recent call last):
  File "C:\Users\Laptopi-Homs\Pictures\echogpt\echogpt\main_window_v1.py", line 1435, in display_frame
    if not isinstance(frame, np.ndarray):
                             ^^
NameError: name 'np' is not defined
2026-10-07 16:53:59,618 - ultrasound - ERROR - Error displaying video frame: name 'np' is not defined
Traceback (most recent call last):
  File "C:\Users\Laptopi-Homs\Pictures\echogpt\echogpt\main_window_v1.py", line 1435, in display_frame
    if not isinstance(frame, np.ndarray):
                             ^^
NameError: name 'np' is not defined
2026-10-07 16:53:59,665 - ultrasound - ERROR - Error displaying video frame: name 'np' is not defined
Traceback (most recent call last):
  File "C:\Users\Laptopi-Homs\Pictures\echogpt\echogpt\main_window_v1.py", line 1435, in display_frame
    if not isinstance(frame, np.ndarray):
                             ^^
NameError: name 'np' is not defined
2026-10-07 16:53:59,712 - ultrasound - ERROR - Error displaying video frame: name 'np' is not defined
Traceback (most recent call last):
  File "C:\Users\Laptopi-Homs\Pictures\echogpt\echogpt\main_window_v1.py", line 1435, in display_frame
    if not isinstance(frame, np.ndarray):
                             ^^
NameError: name 'np' is not defined
2026-10-07 16:53:59,759 - ultrasound - ERROR - Error displaying video frame: name 'np' is not defined
Traceback (most recent call last):
  File "C:\Users\Laptopi-Homs\Pictures\echogpt\echogpt\main_window_v1.py", line 1435, in display_frame
    if not isinstance(frame, np.ndarray):
                             ^^
NameError: name 'np' is not defined
2026-10-07 16:53:59,807 - ultrasound - ERROR - Error displaying video frame: name 'np' is not defined
Traceback (most recent call last):
  File "C:\Users\Laptopi-Homs\Pictures\echogpt\echogpt\main_window_v1.py", line 1435, in display_frame
    if not isinstance(frame, np.ndarray):
                             ^^
NameError: name 'np' is not defined
2026-10-07 16:53:59,851 - ultrasound - ERROR - Error displaying video frame: name 'np' is not defined
Traceback (most recent call last):
  File "C:\Users\Laptopi-Homs\Pictures\echogpt\echogpt\main_window_v1.py", line 1435, in display_frame
    if not isinstance(frame, np.ndarray):
                             ^^
NameError: name 'np' is not defined
2026-10-07 16:53:59,900 - ultrasound - ERROR - Error displaying video frame: name 'np' is not defined
Traceback (most recent call last):
  File "C:\Users\Laptopi-Homs\Pictures\echogpt\echogpt\main_window_v1.py", line 1435, in display_frame
    if not isinstance(frame, np.ndarray):
                             ^^
NameError: name 'np' is not defined
2026-10-07 16:53:59,948 - ultrasound - ERROR - Error displaying video frame: name 'np' is not defined
Traceback (most recent call last):
  File "C:\Users\Laptopi-Homs\Pictures\echogpt\echogpt\main_window_v1.py", line 1435, in display_frame
    if not isinstance(frame, np.ndarray):
                             ^^
NameError: name 'np' is not defined
2026-10-07 16:53:59,993 - ultrasound - ERROR - Error displaying video frame: name 'np' is not defined
Traceback (most recent call last):
  File "C:\Users\Laptopi-Homs\Pictures\echogpt\echogpt\main_window_v1.py", line 1435, in display_frame
    if not isinstance(frame, np.ndarray):
                             ^^
NameError: name 'np' is not defined
2026-10-07 16:54:00,041 - ultrasound - ERROR - Error displaying video frame: name 'np' is not defined
Traceback (most recent call last):
  File "C:\Users\Laptopi-Homs\Pictures\echogpt\echogpt\main_window_v1.py", line 1435, in display_frame
    if not isinstance(frame, np.ndarray):
                             ^^
NameError: name 'np' is not defined
2026-10-07 16:54:00,087 - ultrasound - ERROR - Error displaying video frame: name 'np' is not defined
Traceback (most recent call last):
  File "C:\Users\Laptopi-Homs\Pictures\echogpt\echogpt\main_window_v1.py", line 1435, in display_frame
    if not isinstance(frame, np.ndarray):
                             ^^
NameError: name 'np' is not defined
2026-10-07 16:54:00,134 - ultrasound - ERROR - Error displaying video frame: name 'np' is not defined
Traceback (most recent call last):
  File "C:\Users\Laptopi-Homs\Pictures\echogpt\echogpt\main_window_v1.py", line 1435, in display_frame
    if not isinstance(frame, np.ndarray):
                             ^^
NameError: name 'np' is not defined
2026-10-07 16:54:00,181 - ultrasound - ERROR - Error displaying video frame: name 'np' is not defined
Traceback (most recent call last):
  File "C:\Users\Laptopi-Homs\Pictures\echogpt\echogpt\main_window_v1.py", line 1435, in display_frame
    if not isinstance(frame, np.ndarray):
                             ^^
NameError: name 'np' is not defined
2026-10-07 16:54:00,228 - ultrasound - ERROR - Error displaying video frame: name 'np' is not defined
Traceback (most recent call last):
  File "C:\Users\Laptopi-Homs\Pictures\echogpt\echogpt\main_window_v1.py", line 1435, in display_frame
    if not isinstance(frame, np.ndarray):
                             ^^
NameError: name 'np' is not defined
2026-10-07 16:54:00,274 - ultrasound - ERROR - Error displaying video frame: name 'np' is not defined
Traceback (most recent call last):
  File "C:\Users\Laptopi-Homs\Pictures\echogpt\echogpt\main_window_v1.py", line 1435, in display_frame
    if not isinstance(frame, np.ndarray):
                             ^^
NameError: name 'np' is not defined
2026-10-07 16:54:00,321 - ultrasound - ERROR - Error displaying video frame: name 'np' is not defined
Traceback (most recent call last):
  File "C:\Users\Laptopi-Homs\Pictures\echogpt\echogpt\main_window_v1.py", line 1435, in display_frame
    if not isinstance(frame, np.ndarray):
                             ^^
NameError: name 'np' is not defined
2026-10-07 16:54:00,375 - ultrasound - ERROR - Error displaying video frame: name 'np' is not defined
Traceback (most recent call last):
  File "C:\Users\Laptopi-Homs\Pictures\echogpt\echogpt\main_window_v1.py", line 1435, in display_frame
    if not isinstance(frame, np.ndarray):
                             ^^
NameError: name 'np' is not defined
2026-10-07 16:54:00,421 - ultrasound - ERROR - Error displaying video frame: name 'np' is not defined
Traceback (most recent call last):
  File "C:\Users\Laptopi-Homs\Pictures\echogpt\echogpt\main_window_v1.py", line 1435, in display_frame
    if not isinstance(frame, np.ndarray):
                             ^^
NameError: name 'np' is not defined
2026-10-07 16:54:00,468 - ultrasound - ERROR - Error displaying video frame: name 'np' is not defined
Traceback (most recent call last):
  File "C:\Users\Laptopi-Homs\Pictures\echogpt\echogpt\main_window_v1.py", line 1435, in display_frame
    if not isinstance(frame, np.ndarray):
                             ^^
NameError: name 'np' is not defined
2026-10-07 16:54:00,516 - ultrasound - ERROR - Error displaying video frame: name 'np' is not defined
Traceback (most recent call last):
  File "C:\Users\Laptopi-Homs\Pictures\echogpt\echogpt\main_window_v1.py", line 1435, in display_frame
    if not isinstance(frame, np.ndarray):
                             ^^
NameError: name 'np' is not defined
2026-10-07 16:54:00,573 - ultrasound - ERROR - Error displaying video frame: name 'np' is not defined
Traceback (most recent call last):
  File "C:\Users\Laptopi-Homs\Pictures\echogpt\echogpt\main_window_v1.py", line 1435, in display_frame
    if not isinstance(frame, np.ndarray):
                             ^^
NameError: name 'np' is not defined
2026-10-07 16:54:00,617 - ultrasound - ERROR - Error displaying video frame: name 'np' is not defined
Traceback (most recent call last):
  File "C:\Users\Laptopi-Homs\Pictures\echogpt\echogpt\main_window_v1.py", line 1435, in display_frame
    if not isinstance(frame, np.ndarray):
                             ^^
NameError: name 'np' is not defined
2026-10-07 16:54:00,664 - ultrasound - ERROR - Error displaying video frame: name 'np' is not defined
Traceback (most recent call last):
  File "C:\Users\Laptopi-Homs\Pictures\echogpt\echogpt\main_window_v1.py", line 1435, in display_frame
    if not isinstance(frame, np.ndarray):
                             ^^
NameError: name 'np' is not defined
2026-10-07 16:54:00,717 - ultrasound - ERROR - Error displaying video frame: name 'np' is not defined
Traceback (most recent call last):
  File "C:\Users\Laptopi-Homs\Pictures\echogpt\echogpt\main_window_v1.py", line 1435, in display_frame
    if not isinstance(frame, np.ndarray):
                             ^^
NameError: name 'np' is not defined
2026-10-07 16:54:00,764 - ultrasound - ERROR - Error displaying video frame: name 'np' is not defined
Traceback (most recent call last):
  File "C:\Users\Laptopi-Homs\Pictures\echogpt\echogpt\main_window_v1.py", line 1435, in display_frame
    if not isinstance(frame, np.ndarray):
                             ^^
NameError: name 'np' is not defined
2026-10-07 16:54:00,811 - ultrasound - ERROR - Error displaying video frame: name 'np' is not defined
Traceback (most recent call last):
  File "C:\Users\Laptopi-Homs\Pictures\echogpt\echogpt\main_window_v1.py", line 1435, in display_frame
    if not isinstance(frame, np.ndarray):
                             ^^
NameError: name 'np' is not defined
2026-10-07 16:54:00,858 - ultrasound - ERROR - Error displaying video frame: name 'np' is not defined
Traceback (most recent call last):
  File "C:\Users\Laptopi-Homs\Pictures\echogpt\echogpt\main_window_v1.py", line 1435, in display_frame
    if not isinstance(frame, np.ndarray):
                             ^^
NameError: name 'np' is not defined
2026-10-07 16:54:00,905 - ultrasound - ERROR - Error displaying video frame: name 'np' is not defined
Traceback (most recent call last):
  File "C:\Users\Laptopi-Homs\Pictures\echogpt\echogpt\main_window_v1.py", line 1435, in display_frame
    if not isinstance(frame, np.ndarray):
                             ^^
NameError: name 'np' is not defined
2026-10-07 16:54:00,951 - ultrasound - ERROR - Error displaying video frame: name 'np' is not defined
Traceback (most recent call last):
  File "C:\Users\Laptopi-Homs\Pictures\echogpt\echogpt\main_window_v1.py", line 1435, in display_frame
    if not isinstance(frame, np.ndarray):
                             ^^
NameError: name 'np' is not defined
2026-10-07 16:54:00,998 - ultrasound - ERROR - Error displaying video frame: name 'np' is not defined
Traceback (most recent call last):
  File "C:\Users\Laptopi-Homs\Pictures\echogpt\echogpt\main_window_v1.py", line 1435, in display_frame
    if not isinstance(frame, np.ndarray):
                             ^^
NameError: name 'np' is not defined
2026-10-07 16:54:01,045 - ultrasound - ERROR - Error displaying video frame: name 'np' is not defined
Traceback (most recent call last):
  File "C:\Users\Laptopi-Homs\Pictures\echogpt\echogpt\main_window_v1.py", line 1435, in display_frame
    if not isinstance(frame, np.ndarray):
                             ^^
NameError: name 'np' is not defined
2026-10-07 16:54:01,092 - ultrasound - ERROR - Error displaying video frame: name 'np' is not defined
Traceback (most recent call last):
  File "C:\Users\Laptopi-Homs\Pictures\echogpt\echogpt\main_window_v1.py", line 1435, in display_frame
    if not isinstance(frame, np.ndarray):
                             ^^
NameError: name 'np' is not defined
2026-10-07 16:54:01,139 - ultrasound - ERROR - Error displaying video frame: name 'np' is not defined
Traceback (most recent call last):
  File "C:\Users\Laptopi-Homs\Pictures\echogpt\echogpt\main_window_v1.py", line 1435, in display_frame
    if not isinstance(frame, np.ndarray):
                             ^^
NameError: name 'np' is not defined
2026-10-07 16:54:01,186 - ultrasound - ERROR - Error displaying video frame: name 'np' is not defined
Traceback (most recent call last):
  File "C:\Users\Laptopi-Homs\Pictures\echogpt\echogpt\main_window_v1.py", line 1435, in display_frame
    if not isinstance(frame, np.ndarray):
                             ^^
NameError: name 'np' is not defined
2026-10-07 16:54:01,233 - ultrasound - ERROR - Error displaying video frame: name 'np' is not defined
Traceback (most recent call last):
  File "C:\Users\Laptopi-Homs\Pictures\echogpt\echogpt\main_window_v1.py", line 1435, in display_frame
    if not isinstance(frame, np.ndarray):
                             ^^
NameError: name 'np' is not defined
2026-10-07 16:54:01,280 - ultrasound - ERROR - Error displaying video frame: name 'np' is not defined
Traceback (most recent call last):
  File "C:\Users\Laptopi-Homs\Pictures\echogpt\echogpt\main_window_v1.py", line 1435, in display_frame
    if not isinstance(frame, np.ndarray):
                             ^^
NameError: name 'np' is not defined
2026-10-07 16:54:01,326 - ultrasound - ERROR - Error displaying video frame: name 'np' is not defined
Traceback (most recent call last):
  File "C:\Users\Laptopi-Homs\Pictures\echogpt\echogpt\main_window_v1.py", line 1435, in display_frame
    if not isinstance(frame, np.ndarray):
                             ^^
NameError: name 'np' is not defined
2026-10-07 16:54:01,373 - ultrasound - ERROR - Error displaying video frame: name 'np' is not defined
Traceback (most recent call last):
  File "C:\Users\Laptopi-Homs\Pictures\echogpt\echogpt\main_window_v1.py", line 1435, in display_frame
    if not isinstance(frame, np.ndarray):
                             ^^
NameError: name 'np' is not defined
2026-10-07 16:54:01,420 - ultrasound - ERROR - Error displaying video frame: name 'np' is not defined
Traceback (most recent call last):
  File "C:\Users\Laptopi-Homs\Pictures\echogpt\echogpt\main_window_v1.py", line 1435, in display_frame
    if not isinstance(frame, np.ndarray):
                             ^^
NameError: name 'np' is not defined
2026-10-07 16:54:01,467 - ultrasound - ERROR - Error displaying video frame: name 'np' is not defined
Traceback (most recent call last):
  File "C:\Users\Laptopi-Homs\Pictures\echogpt\echogpt\main_window_v1.py", line 1435, in display_frame
    if not isinstance(frame, np.ndarray):
                             ^^
NameError: name 'np' is not defined
2026-10-07 16:54:01,514 - ultrasound - ERROR - Error displaying video frame: name 'np' is not defined
Traceback (most recent call last):
  File "C:\Users\Laptopi-Homs\Pictures\echogpt\echogpt\main_window_v1.py", line 1435, in display_frame
    if not isinstance(frame, np.ndarray):
                             ^^
NameError: name 'np' is not defined
2026-10-07 16:54:01,563 - ultrasound - ERROR - Error displaying video frame: name 'np' is not defined
Traceback (most recent call last):
  File "C:\Users\Laptopi-Homs\Pictures\echogpt\echogpt\main_window_v1.py", line 1435, in display_frame
    if not isinstance(frame, np.ndarray):
                             ^^
NameError: name 'np' is not defined
2026-10-07 16:54:01,602 - ultrasound - ERROR - Error displaying video frame: name 'np' is not defined
Traceback (most recent call last):
  File "C:\Users\Laptopi-Homs\Pictures\echogpt\echogpt\main_window_v1.py", line 1435, in display_frame
    if not isinstance(frame, np.ndarray):
                             ^^
NameError: name 'np' is not defined
2026-10-07 16:54:01,649 - ultrasound - ERROR - Error displaying video frame: name 'np' is not defined
Traceback (most recent call last):
  File "C:\Users\Laptopi-Homs\Pictures\echogpt\echogpt\main_window_v1.py", line 1435, in display_frame
    if not isinstance(frame, np.ndarray):
                             ^^
NameError: name 'np' is not defined
2026-10-07 16:54:01,696 - ultrasound - ERROR - Error displaying video frame: name 'np' is not defined
Traceback (most recent call last):
  File "C:\Users\Laptopi-Homs\Pictures\echogpt\echogpt\main_window_v1.py", line 1435, in display_frame
    if not isinstance(frame, np.ndarray):
                             ^^
NameError: name 'np' is not defined
2026-10-07 16:54:01,743 - ultrasound - ERROR - Error displaying video frame: name 'np' is not defined
Traceback (most recent call last):
  File "C:\Users\Laptopi-Homs\Pictures\echogpt\echogpt\main_window_v1.py", line 1435, in display_frame
    if not isinstance(frame, np.ndarray):
                             ^^
NameError: name 'np' is not defined
2026-10-07 16:54:01,790 - ultrasound - ERROR - Error displaying video frame: name 'np' is not defined
Traceback (most recent call last):
  File "C:\Users\Laptopi-Homs\Pictures\echogpt\echogpt\main_window_v1.py", line 1435, in display_frame
    if not isinstance(frame, np.ndarray):
                             ^^
NameError: name 'np' is not defined
2026-10-07 16:54:01,837 - ultrasound - ERROR - Error displaying video frame: name 'np' is not defined
Traceback (most recent call last):
  File "C:\Users\Laptopi-Homs\Pictures\echogpt\echogpt\main_window_v1.py", line 1435, in display_frame
    if not isinstance(frame, np.ndarray):
                             ^^
NameError: name 'np' is not defined
2026-10-07 16:54:01,883 - ultrasound - ERROR - Error displaying video frame: name 'np' is not defined
Traceback (most recent call last):
  File "C:\Users\Laptopi-Homs\Pictures\echogpt\echogpt\main_window_v1.py", line 1435, in display_frame
    if not isinstance(frame, np.ndarray):
                             ^^
NameError: name 'np' is not defined
2026-10-07 16:54:01,931 - ultrasound - ERROR - Error displaying video frame: name 'np' is not defined
Traceback (most recent call last):
  File "C:\Users\Laptopi-Homs\Pictures\echogpt\echogpt\main_window_v1.py", line 1435, in display_frame
    if not isinstance(frame, np.ndarray):
                             ^^
NameError: name 'np' is not defined
2026-10-07 16:54:01,977 - ultrasound - ERROR - Error displaying video frame: name 'np' is not defined
Traceback (most recent call last):
  File "C:\Users\Laptopi-Homs\Pictures\echogpt\echogpt\main_window_v1.py", line 1435, in display_frame
    if not isinstance(frame, np.ndarray):
                             ^^
NameError: name 'np' is not defined
2026-10-07 16:54:02,024 - ultrasound - ERROR - Error displaying video frame: name 'np' is not defined
Traceback (most recent call last):
  File "C:\Users\Laptopi-Homs\Pictures\echogpt\echogpt\main_window_v1.py", line 1435, in display_frame
    if not isinstance(frame, np.ndarray):
                             ^^
NameError: name 'np' is not defined
2026-10-07 16:54:02,072 - ultrasound - ERROR - Error displaying video frame: name 'np' is not defined
Traceback (most recent call last):
  File "C:\Users\Laptopi-Homs\Pictures\echogpt\echogpt\main_window_v1.py", line 1435, in display_frame
    if not isinstance(frame, np.ndarray):
                             ^^
NameError: name 'np' is not defined
2026-10-07 16:54:02,118 - ultrasound - ERROR - Error displaying video frame: name 'np' is not defined
Traceback (most recent call last):
  File "C:\Users\Laptopi-Homs\Pictures\echogpt\echogpt\main_window_v1.py", line 1435, in display_frame
    if not isinstance(frame, np.ndarray):
                             ^^
NameError: name 'np' is not defined
2026-10-07 16:54:02,165 - ultrasound - ERROR - Error displaying video frame: name 'np' is not defined
Traceback (most recent call last):
  File "C:\Users\Laptopi-Homs\Pictures\echogpt\echogpt\main_window_v1.py", line 1435, in display_frame
    if not isinstance(frame, np.ndarray):
                             ^^
NameError: name 'np' is not defined
2026-10-07 16:54:02,212 - ultrasound - ERROR - Error displaying video frame: name 'np' is not defined
Traceback (most recent call last):
  File "C:\Users\Laptopi-Homs\Pictures\echogpt\echogpt\main_window_v1.py", line 1435, in display_frame
    if not isinstance(frame, np.ndarray):
                             ^^
NameError: name 'np' is not defined
2026-10-07 16:54:02,258 - ultrasound - ERROR - Error displaying video frame: name 'np' is not defined
Traceback (most recent call last):
  File "C:\Users\Laptopi-Homs\Pictures\echogpt\echogpt\main_window_v1.py", line 1435, in display_frame
    if not isinstance(frame, np.ndarray):
                             ^^
NameError: name 'np' is not defined
2026-10-07 16:54:02,305 - ultrasound - ERROR - Error displaying video frame: name 'np' is not defined
Traceback (most recent call last):
  File "C:\Users\Laptopi-Homs\Pictures\echogpt\echogpt\main_window_v1.py", line 1435, in display_frame
    if not isinstance(frame, np.ndarray):
                             ^^
NameError: name 'np' is not defined
2026-10-07 16:54:02,352 - ultrasound - ERROR - Error displaying video frame: name 'np' is not defined
Traceback (most recent call last):
  File "C:\Users\Laptopi-Homs\Pictures\echogpt\echogpt\main_window_v1.py", line 1435, in display_frame
    if not isinstance(frame, np.ndarray):
                             ^^
NameError: name 'np' is not defined
2026-10-07 16:54:02,399 - ultrasound - ERROR - Error displaying video frame: name 'np' is not defined
Traceback (most recent call last):
  File "C:\Users\Laptopi-Homs\Pictures\echogpt\echogpt\main_window_v1.py", line 1435, in display_frame
    if not isinstance(frame, np.ndarray):
                             ^^
NameError: name 'np' is not defined
2026-10-07 16:54:02,446 - ultrasound - ERROR - Error displaying video frame: name 'np' is not defined
Traceback (most recent call last):
  File "C:\Users\Laptopi-Homs\Pictures\echogpt\echogpt\main_window_v1.py", line 1435, in display_frame
    if not isinstance(frame, np.ndarray):
                             ^^
NameError: name 'np' is not defined
2026-10-07 16:54:02,493 - ultrasound - ERROR - Error displaying video frame: name 'np' is not defined
Traceback (most recent call last):
  File "C:\Users\Laptopi-Homs\Pictures\echogpt\echogpt\main_window_v1.py", line 1435, in display_frame
    if not isinstance(frame, np.ndarray):
                             ^^
NameError: name 'np' is not defined
2026-10-07 16:54:02,539 - ultrasound - ERROR - Error displaying video frame: name 'np' is not defined
Traceback (most recent call last):
  File "C:\Users\Laptopi-Homs\Pictures\echogpt\echogpt\main_window_v1.py", line 1435, in display_frame
    if not isinstance(frame, np.ndarray):
                             ^^
NameError: name 'np' is not defined
2026-10-07 16:54:02,588 - ultrasound - ERROR - Error displaying video frame: name 'np' is not defined
Traceback (most recent call last):
  File "C:\Users\Laptopi-Homs\Pictures\echogpt\echogpt\main_window_v1.py", line 1435, in display_frame
    if not isinstance(frame, np.ndarray):
                             ^^
NameError: name 'np' is not defined
2026-10-07 16:54:02,634 - ultrasound - ERROR - Error displaying video frame: name 'np' is not defined
Traceback (most recent call last):
  File "C:\Users\Laptopi-Homs\Pictures\echogpt\echogpt\main_window_v1.py", line 1435, in display_frame
    if not isinstance(frame, np.ndarray):
                             ^^
NameError: name 'np' is not defined
2026-10-07 16:54:02,683 - ultrasound - ERROR - Error displaying video frame: name 'np' is not defined
Traceback (most recent call last):
  File "C:\Users\Laptopi-Homs\Pictures\echogpt\echogpt\main_window_v1.py", line 1435, in display_frame
    if not isinstance(frame, np.ndarray):
                             ^^
NameError: name 'np' is not defined
2026-10-07 16:54:02,728 - ultrasound - ERROR - Error displaying video frame: name 'np' is not defined
Traceback (most recent call last):
  File "C:\Users\Laptopi-Homs\Pictures\echogpt\echogpt\main_window_v1.py", line 1435, in display_frame
    if not isinstance(frame, np.ndarray):
                             ^^
NameError: name 'np' is not defined
2026-10-07 16:54:02,775 - ultrasound - ERROR - Error displaying video frame: name 'np' is not defined
Traceback (most recent call last):
  File "C:\Users\Laptopi-Homs\Pictures\echogpt\echogpt\main_window_v1.py", line 1435, in display_frame
    if not isinstance(frame, np.ndarray):
                             ^^
NameError: name 'np' is not defined
2026-10-07 16:54:02,822 - ultrasound - ERROR - Error displaying video frame: name 'np' is not defined
Traceback (most recent call last):
  File "C:\Users\Laptopi-Homs\Pictures\echogpt\echogpt\main_window_v1.py", line 1435, in display_frame
    if not isinstance(frame, np.ndarray):
                             ^^
NameError: name 'np' is not defined
2026-10-07 16:54:02,869 - ultrasound - ERROR - Error displaying video frame: name 'np' is not defined
Traceback (most recent call last):
  File "C:\Users\Laptopi-Homs\Pictures\echogpt\echogpt\main_window_v1.py", line 1435, in display_frame
    if not isinstance(frame, np.ndarray):
                             ^^
NameError: name 'np' is not defined
2026-10-07 16:54:02,916 - ultrasound - ERROR - Error displaying video frame: name 'np' is not defined
Traceback (most recent call last):
  File "C:\Users\Laptopi-Homs\Pictures\echogpt\echogpt\main_window_v1.py", line 1435, in display_frame
    if not isinstance(frame, np.ndarray):
                             ^^
NameError: name 'np' is not defined
2026-10-07 16:54:02,962 - ultrasound - ERROR - Error displaying video frame: name 'np' is not defined
Traceback (most recent call last):
  File "C:\Users\Laptopi-Homs\Pictures\echogpt\echogpt\main_window_v1.py", line 1435, in display_frame
    if not isinstance(frame, np.ndarray):
                             ^^
NameError: name 'np' is not defined
2026-10-07 16:54:03,009 - ultrasound - ERROR - Error displaying video frame: name 'np' is not defined
Traceback (most recent call last):
  File "C:\Users\Laptopi-Homs\Pictures\echogpt\echogpt\main_window_v1.py", line 1435, in display_frame
    if not isinstance(frame, np.ndarray):
                             ^^
NameError: name 'np' is not defined
2026-10-07 16:54:03,056 - ultrasound - ERROR - Error displaying video frame: name 'np' is not defined
Traceback (most recent call last):
  File "C:\Users\Laptopi-Homs\Pictures\echogpt\echogpt\main_window_v1.py", line 1435, in display_frame
    if not isinstance(frame, np.ndarray):
                             ^^
NameError: name 'np' is not defined
2026-10-07 16:54:03,103 - ultrasound - ERROR - Error displaying video frame: name 'np' is not defined
Traceback (most recent call last):
  File "C:\Users\Laptopi-Homs\Pictures\echogpt\echogpt\main_window_v1.py", line 1435, in display_frame
    if not isinstance(frame, np.ndarray):
                             ^^
NameError: name 'np' is not defined
2026-10-07 16:54:03,150 - ultrasound - ERROR - Error displaying video frame: name 'np' is not defined
Traceback (most recent call last):
  File "C:\Users\Laptopi-Homs\Pictures\echogpt\echogpt\main_window_v1.py", line 1435, in display_frame
    if not isinstance(frame, np.ndarray):
                             ^^
NameError: name 'np' is not defined
2026-10-07 16:54:03,197 - ultrasound - ERROR - Error displaying video frame: name 'np' is not defined
Traceback (most recent call last):
  File "C:\Users\Laptopi-Homs\Pictures\echogpt\echogpt\main_window_v1.py", line 1435, in display_frame
    if not isinstance(frame, np.ndarray):
                             ^^
NameError: name 'np' is not defined
2026-10-07 16:54:03,245 - ultrasound - ERROR - Error displaying video frame: name 'np' is not defined
Traceback (most recent call last):
  File "C:\Users\Laptopi-Homs\Pictures\echogpt\echogpt\main_window_v1.py", line 1435, in display_frame
    if not isinstance(frame, np.ndarray):
                             ^^
NameError: name 'np' is not defined
2026-10-07 16:54:03,290 - ultrasound - ERROR - Error displaying video frame: name 'np' is not defined
Traceback (most recent call last):
  File "C:\Users\Laptopi-Homs\Pictures\echogpt\echogpt\main_window_v1.py", line 1435, in display_frame
    if not isinstance(frame, np.ndarray):
                             ^^
NameError: name 'np' is not defined
2026-10-07 16:54:03,337 - ultrasound - ERROR - Error displaying video frame: name 'np' is not defined
Traceback (most recent call last):
  File "C:\Users\Laptopi-Homs\Pictures\echogpt\echogpt\main_window_v1.py", line 1435, in display_frame
    if not isinstance(frame, np.ndarray):
                             ^^
NameError: name 'np' is not defined
2026-10-07 16:54:03,384 - ultrasound - ERROR - Error displaying video frame: name 'np' is not defined
Traceback (most recent call last):
  File "C:\Users\Laptopi-Homs\Pictures\echogpt\echogpt\main_window_v1.py", line 1435, in display_frame
    if not isinstance(frame, np.ndarray):
                             ^^
NameError: name 'np' is not defined
2026-10-07 16:54:03,431 - ultrasound - ERROR - Error displaying video frame: name 'np' is not defined
Traceback (most recent call last):
  File "C:\Users\Laptopi-Homs\Pictures\echogpt\echogpt\main_window_v1.py", line 1435, in display_frame
    if not isinstance(frame, np.ndarray):
                             ^^
NameError: name 'np' is not defined
2026-10-07 16:54:03,478 - ultrasound - ERROR - Error displaying video frame: name 'np' is not defined
Traceback (most recent call last):
  File "C:\Users\Laptopi-Homs\Pictures\echogpt\echogpt\main_window_v1.py", line 1435, in display_frame
    if not isinstance(frame, np.ndarray):
                             ^^
NameError: name 'np' is not defined
2026-10-07 16:54:03,525 - ultrasound - ERROR - Error displaying video frame: name 'np' is not defined
Traceback (most recent call last):
  File "C:\Users\Laptopi-Homs\Pictures\echogpt\echogpt\main_window_v1.py", line 1435, in display_frame
    if not isinstance(frame, np.ndarray):
                             ^^
NameError: name 'np' is not defined
2026-10-07 16:54:03,572 - ultrasound - ERROR - Error displaying video frame: name 'np' is not defined
Traceback (most recent call last):
  File "C:\Users\Laptopi-Homs\Pictures\echogpt\echogpt\main_window_v1.py", line 1435, in display_frame
    if not isinstance(frame, np.ndarray):
                             ^^
NameError: name 'np' is not defined
2026-10-07 16:54:03,621 - ultrasound - ERROR - Error displaying video frame: name 'np' is not defined
Traceback (most recent call last):
  File "C:\Users\Laptopi-Homs\Pictures\echogpt\echogpt\main_window_v1.py", line 1435, in display_frame
    if not isinstance(frame, np.ndarray):
                             ^^
NameError: name 'np' is not defined
2026-10-07 16:54:03,668 - ultrasound - ERROR - Error displaying video frame: name 'np' is not defined
Traceback (most recent call last):
  File "C:\Users\Laptopi-Homs\Pictures\echogpt\echogpt\main_window_v1.py", line 1435, in display_frame
    if not isinstance(frame, np.ndarray):
                             ^^
NameError: name 'np' is not defined
2026-10-07 16:54:03,715 - ultrasound - ERROR - Error displaying video frame: name 'np' is not defined
Traceback (most recent call last):
  File "C:\Users\Laptopi-Homs\Pictures\echogpt\echogpt\main_window_v1.py", line 1435, in display_frame
    if not isinstance(frame, np.ndarray):
                             ^^
NameError: name 'np' is not defined
2026-10-07 16:54:03,761 - ultrasound - ERROR - Error displaying video frame: name 'np' is not defined
Traceback (most recent call last):
  File "C:\Users\Laptopi-Homs\Pictures\echogpt\echogpt\main_window_v1.py", line 1435, in display_frame
    if not isinstance(frame, np.ndarray):
                             ^^
NameError: name 'np' is not defined
2026-10-07 16:54:03,808 - ultrasound - ERROR - Error displaying video frame: name 'np' is not defined
Traceback (most recent call last):
  File "C:\Users\Laptopi-Homs\Pictures\echogpt\echogpt\main_window_v1.py", line 1435, in display_frame
    if not isinstance(frame, np.ndarray):
                             ^^
NameError: name 'np' is not defined
2026-10-07 16:54:03,894 - ultrasound - ERROR - Error displaying video frame: name 'np' is not defined
Traceback (most recent call last):
  File "C:\Users\Laptopi-Homs\Pictures\echogpt\echogpt\main_window_v1.py", line 1435, in display_frame
    if not isinstance(frame, np.ndarray):
                             ^^
NameError: name 'np' is not defined
2026-10-07 16:54:03,906 - ultrasound - INFO - Database connection closed
2026-10-07 16:54:03,941 - ultrasound - INFO - Application exiting...
2026-10-07 16:56:46,218 - ultrasound - INFO - PySide6 imported successfully
2026-10-07 16:56:46,837 - ultrasound - INFO - OpenCV and NumPy imported successfully
2026-10-07 16:56:46,837 - ultrasound - INFO - ============================================================
2026-10-07 16:56:46,838 - ultrasound - INFO - AI Ultrasound Assistant V1.0
2026-10-07 16:56:46,838 - ultrasound - INFO - Starting application...
2026-10-07 16:56:46,838 - ultrasound - INFO - ============================================================
2026-10-07 16:56:46,961 - ultrasound - INFO - Qt Application initialized
2026-10-07 16:56:47,271 - ultrasound - INFO - Application components imported
2026-10-07 16:56:47,272 - ultrasound - INFO - Configuration loaded from settings.json
2026-10-07 16:56:47,273 - ultrasound - INFO - Creating main window...
2026-10-07 16:56:47,290 - ultrasound - INFO - All tables created successfully
2026-10-07 16:56:47,290 - ultrasound - INFO - Database initialized at ultrasound.db
2026-10-07 16:56:58,740 - ultrasound - INFO - Found 2 capture device(s)
2026-10-07 16:56:58,916 - ultrasound - INFO - Main window displayed
2026-10-07 16:56:58,926 - ultrasound - INFO - ============================================================
2026-10-07 16:56:58,926 - ultrasound - INFO - V1.0 Features Enabled:
2026-10-07 16:56:59,333 - ultrasound - INFO - ============================================================
2026-10-07 16:56:59,334 - ultrasound - INFO - Python: 3.14.8 (tags/v3.14.8:8e6e75d, Sep 30 2026, 18:19:33) [MSC v.1944 64 bit (AMD64)]
2026-10-07 16:56:59,335 - ultrasound - INFO - OpenCV: 5.0.0
2026-10-07 16:56:59,342 - ultrasound - INFO - NumPy: 2.5.3
2026-10-07 16:56:59,343 - ultrasound - INFO - Entering application event loop...
2026-10-07 16:57:10,931 - ultrasound - INFO - Video paused
2026-10-07 16:57:11,078 - ultrasound - INFO - Video opened: 1361 frames @ 29.97002997002997 FPS (496x368)
2026-10-07 16:57:11,130 - ultrasound - ERROR - Error displaying video frame: name 'np' is not defined
Traceback (most recent call last):
  File "C:\Users\Laptopi-Homs\Pictures\echogpt\echogpt\main_window_v1.py", line 1435, in display_frame
    if not isinstance(frame, np.ndarray):
                             ^^
NameError: name 'np' is not defined
2026-10-07 16:57:11,137 - ultrasound - INFO - Video loaded: echo me.mp4 (1361 frames, 29.97 FPS)
2026-10-07 16:57:12,054 - ultrasound - INFO - Video playback started
2026-10-07 16:57:12,057 - ultrasound - INFO - Playing recorded video
2026-10-07 16:57:12,099 - ultrasound - ERROR - Error displaying video frame: name 'np' is not defined
Traceback (most recent call last):
  File "C:\Users\Laptopi-Homs\Pictures\echogpt\echogpt\main_window_v1.py", line 1435, in display_frame
    if not isinstance(frame, np.ndarray):
                             ^^
NameError: name 'np' is not defined
2026-10-07 16:57:12,142 - ultrasound - ERROR - Error displaying video frame: name 'np' is not defined
Traceback (most recent call last):
  File "C:\Users\Laptopi-Homs\Pictures\echogpt\echogpt\main_window_v1.py", line 1435, in display_frame
    if not isinstance(frame, np.ndarray):
                             ^^
NameError: name 'np' is not defined
2026-10-07 16:57:12,188 - ultrasound - ERROR - Error displaying video frame: name 'np' is not defined
Traceback (most recent call last):
  File "C:\Users\Laptopi-Homs\Pictures\echogpt\echogpt\main_window_v1.py", line 1435, in display_frame
    if not isinstance(frame, np.ndarray):
                             ^^
NameError: name 'np' is not defined
2026-10-07 16:57:12,241 - ultrasound - ERROR - Error displaying video frame: name 'np' is not defined
Traceback (most recent call last):
  File "C:\Users\Laptopi-Homs\Pictures\echogpt\echogpt\main_window_v1.py", line 1435, in display_frame
    if not isinstance(frame, np.ndarray):
                             ^^
NameError: name 'np' is not defined
2026-10-07 16:57:12,288 - ultrasound - ERROR - Error displaying video frame: name 'np' is not defined
Traceback (most recent call last):
  File "C:\Users\Laptopi-Homs\Pictures\echogpt\echogpt\main_window_v1.py", line 1435, in display_frame
    if not isinstance(frame, np.ndarray):
                             ^^
NameError: name 'np' is not defined
2026-10-07 16:57:12,335 - ultrasound - ERROR - Error displaying video frame: name 'np' is not defined
Traceback (most recent call last):
  File "C:\Users\Laptopi-Homs\Pictures\echogpt\echogpt\main_window_v1.py", line 1435, in display_frame
    if not isinstance(frame, np.ndarray):
                             ^^
NameError: name 'np' is not defined
2026-10-07 16:57:12,377 - ultrasound - ERROR - Error displaying video frame: name 'np' is not defined
Traceback (most recent call last):
  File "C:\Users\Laptopi-Homs\Pictures\echogpt\echogpt\main_window_v1.py", line 1435, in display_frame
    if not isinstance(frame, np.ndarray):
                             ^^
NameError: name 'np' is not defined
2026-10-07 16:57:12,425 - ultrasound - ERROR - Error displaying video frame: name 'np' is not defined
Traceback (most recent call last):
  File "C:\Users\Laptopi-Homs\Pictures\echogpt\echogpt\main_window_v1.py", line 1435, in display_frame
    if not isinstance(frame, np.ndarray):
                             ^^
NameError: name 'np' is not defined
2026-10-07 16:57:12,471 - ultrasound - ERROR - Error displaying video frame: name 'np' is not defined
Traceback (most recent call last):
  File "C:\Users\Laptopi-Homs\Pictures\echogpt\echogpt\main_window_v1.py", line 1435, in display_frame
    if not isinstance(frame, np.ndarray):
                             ^^
NameError: name 'np' is not defined
2026-10-07 16:57:12,517 - ultrasound - ERROR - Error displaying video frame: name 'np' is not defined
Traceback (most recent call last):
  File "C:\Users\Laptopi-Homs\Pictures\echogpt\echogpt\main_window_v1.py", line 1435, in display_frame
    if not isinstance(frame, np.ndarray):
                             ^^
NameError: name 'np' is not defined
2026-10-07 16:57:12,565 - ultrasound - ERROR - Error displaying video frame: name 'np' is not defined
Traceback (most recent call last):
  File "C:\Users\Laptopi-Homs\Pictures\echogpt\echogpt\main_window_v1.py", line 1435, in display_frame
    if not isinstance(frame, np.ndarray):
                             ^^
NameError: name 'np' is not defined
2026-10-07 16:57:12,618 - ultrasound - ERROR - Error displaying video frame: name 'np' is not defined
Traceback (most recent call last):
  File "C:\Users\Laptopi-Homs\Pictures\echogpt\echogpt\main_window_v1.py", line 1435, in display_frame
    if not isinstance(frame, np.ndarray):
                             ^^
NameError: name 'np' is not defined
2026-10-07 16:57:12,665 - ultrasound - ERROR - Error displaying video frame: name 'np' is not defined
Traceback (most recent call last):
  File "C:\Users\Laptopi-Homs\Pictures\echogpt\echogpt\main_window_v1.py", line 1435, in display_frame
    if not isinstance(frame, np.ndarray):
                             ^^
NameError: name 'np' is not defined
2026-10-07 16:57:12,712 - ultrasound - ERROR - Error displaying video frame: name 'np' is not defined
Traceback (most recent call last):
  File "C:\Users\Laptopi-Homs\Pictures\echogpt\echogpt\main_window_v1.py", line 1435, in display_frame
    if not isinstance(frame, np.ndarray):
                             ^^
NameError: name 'np' is not defined
2026-10-07 16:57:12,759 - ultrasound - ERROR - Error displaying video frame: name 'np' is not defined
Traceback (most recent call last):
  File "C:\Users\Laptopi-Homs\Pictures\echogpt\echogpt\main_window_v1.py", line 1435, in display_frame
    if not isinstance(frame, np.ndarray):
                             ^^
NameError: name 'np' is not defined
2026-10-07 16:57:12,806 - ultrasound - ERROR - Error displaying video frame: name 'np' is not defined
Traceback (most recent call last):
  File "C:\Users\Laptopi-Homs\Pictures\echogpt\echogpt\main_window_v1.py", line 1435, in display_frame
    if not isinstance(frame, np.ndarray):
                             ^^
NameError: name 'np' is not defined
2026-10-07 16:57:12,853 - ultrasound - ERROR - Error displaying video frame: name 'np' is not defined
Traceback (most recent call last):
  File "C:\Users\Laptopi-Homs\Pictures\echogpt\echogpt\main_window_v1.py", line 1435, in display_frame
    if not isinstance(frame, np.ndarray):
                             ^^
NameError: name 'np' is not defined
2026-10-07 16:57:12,899 - ultrasound - ERROR - Error displaying video frame: name 'np' is not defined
Traceback (most recent call last):
  File "C:\Users\Laptopi-Homs\Pictures\echogpt\echogpt\main_window_v1.py", line 1435, in display_frame
    if not isinstance(frame, np.ndarray):
                             ^^
NameError: name 'np' is not defined
2026-10-07 16:57:12,943 - ultrasound - ERROR - Error displaying video frame: name 'np' is not defined
Traceback (most recent call last):
  File "C:\Users\Laptopi-Homs\Pictures\echogpt\echogpt\main_window_v1.py", line 1435, in display_frame
    if not isinstance(frame, np.ndarray):
                             ^^
NameError: name 'np' is not defined
2026-10-07 16:57:12,991 - ultrasound - ERROR - Error displaying video frame: name 'np' is not defined
Traceback (most recent call last):
  File "C:\Users\Laptopi-Homs\Pictures\echogpt\echogpt\main_window_v1.py", line 1435, in display_frame
    if not isinstance(frame, np.ndarray):
                             ^^
NameError: name 'np' is not defined
2026-10-07 16:57:13,037 - ultrasound - ERROR - Error displaying video frame: name 'np' is not defined
Traceback (most recent call last):
  File "C:\Users\Laptopi-Homs\Pictures\echogpt\echogpt\main_window_v1.py", line 1435, in display_frame
    if not isinstance(frame, np.ndarray):
                             ^^
NameError: name 'np' is not defined
2026-10-07 16:57:13,084 - ultrasound - ERROR - Error displaying video frame: name 'np' is not defined
Traceback (most recent call last):
  File "C:\Users\Laptopi-Homs\Pictures\echogpt\echogpt\main_window_v1.py", line 1435, in display_frame
    if not isinstance(frame, np.ndarray):
                             ^^
NameError: name 'np' is not defined
2026-10-07 16:57:13,131 - ultrasound - ERROR - Error displaying video frame: name 'np' is not defined
Traceback (most recent call last):
  File "C:\Users\Laptopi-Homs\Pictures\echogpt\echogpt\main_window_v1.py", line 1435, in display_frame
    if not isinstance(frame, np.ndarray):
                             ^^
NameError: name 'np' is not defined
2026-10-07 16:57:13,178 - ultrasound - ERROR - Error displaying video frame: name 'np' is not defined
Traceback (most recent call last):
  File "C:\Users\Laptopi-Homs\Pictures\echogpt\echogpt\main_window_v1.py", line 1435, in display_frame
    if not isinstance(frame, np.ndarray):
                             ^^
NameError: name 'np' is not defined
2026-10-07 16:57:13,225 - ultrasound - ERROR - Error displaying video frame: name 'np' is not defined
Traceback (most recent call last):
  File "C:\Users\Laptopi-Homs\Pictures\echogpt\echogpt\main_window_v1.py", line 1435, in display_frame
    if not isinstance(frame, np.ndarray):
                             ^^
NameError: name 'np' is not defined
2026-10-07 16:57:13,272 - ultrasound - ERROR - Error displaying video frame: name 'np' is not defined
Traceback (most recent call last):
  File "C:\Users\Laptopi-Homs\Pictures\echogpt\echogpt\main_window_v1.py", line 1435, in display_frame
    if not isinstance(frame, np.ndarray):
                             ^^
NameError: name 'np' is not defined
2026-10-07 16:57:13,318 - ultrasound - ERROR - Error displaying video frame: name 'np' is not defined
Traceback (most recent call last):
  File "C:\Users\Laptopi-Homs\Pictures\echogpt\echogpt\main_window_v1.py", line 1435, in display_frame
    if not isinstance(frame, np.ndarray):
                             ^^
NameError: name 'np' is not defined
2026-10-07 16:57:13,365 - ultrasound - ERROR - Error displaying video frame: name 'np' is not defined
Traceback (most recent call last):
  File "C:\Users\Laptopi-Homs\Pictures\echogpt\echogpt\main_window_v1.py", line 1435, in display_frame
    if not isinstance(frame, np.ndarray):
                             ^^
NameError: name 'np' is not defined
2026-10-07 16:57:13,407 - ultrasound - ERROR - Error displaying video frame: name 'np' is not defined
Traceback (most recent call last):
  File "C:\Users\Laptopi-Homs\Pictures\echogpt\echogpt\main_window_v1.py", line 1435, in display_frame
    if not isinstance(frame, np.ndarray):
                             ^^
NameError: name 'np' is not defined
2026-10-07 16:57:13,454 - ultrasound - ERROR - Error displaying video frame: name 'np' is not defined
Traceback (most recent call last):
  File "C:\Users\Laptopi-Homs\Pictures\echogpt\echogpt\main_window_v1.py", line 1435, in display_frame
    if not isinstance(frame, np.ndarray):
                             ^^
NameError: name 'np' is not defined
2026-10-07 16:57:13,501 - ultrasound - ERROR - Error displaying video frame: name 'np' is not defined
Traceback (most recent call last):
  File "C:\Users\Laptopi-Homs\Pictures\echogpt\echogpt\main_window_v1.py", line 1435, in display_frame
    if not isinstance(frame, np.ndarray):
                             ^^
NameError: name 'np' is not defined
2026-10-07 16:57:13,548 - ultrasound - ERROR - Error displaying video frame: name 'np' is not defined
Traceback (most recent call last):
  File "C:\Users\Laptopi-Homs\Pictures\echogpt\echogpt\main_window_v1.py", line 1435, in display_frame
    if not isinstance(frame, np.ndarray):
                             ^^
NameError: name 'np' is not defined
2026-10-07 16:57:13,594 - ultrasound - ERROR - Error displaying video frame: name 'np' is not defined
Traceback (most recent call last):
  File "C:\Users\Laptopi-Homs\Pictures\echogpt\echogpt\main_window_v1.py", line 1435, in display_frame
    if not isinstance(frame, np.ndarray):
                             ^^
NameError: name 'np' is not defined
2026-10-07 16:57:13,641 - ultrasound - ERROR - Error displaying video frame: name 'np' is not defined
Traceback (most recent call last):
  File "C:\Users\Laptopi-Homs\Pictures\echogpt\echogpt\main_window_v1.py", line 1435, in display_frame
    if not isinstance(frame, np.ndarray):
                             ^^
NameError: name 'np' is not defined
2026-10-07 16:57:13,688 - ultrasound - ERROR - Error displaying video frame: name 'np' is not defined
Traceback (most recent call last):
  File "C:\Users\Laptopi-Homs\Pictures\echogpt\echogpt\main_window_v1.py", line 1435, in display_frame
    if not isinstance(frame, np.ndarray):
                             ^^
NameError: name 'np' is not defined
2026-10-07 16:57:13,735 - ultrasound - ERROR - Error displaying video frame: name 'np' is not defined
Traceback (most recent call last):
  File "C:\Users\Laptopi-Homs\Pictures\echogpt\echogpt\main_window_v1.py", line 1435, in display_frame
    if not isinstance(frame, np.ndarray):
                             ^^
NameError: name 'np' is not defined
2026-10-07 16:57:13,782 - ultrasound - ERROR - Error displaying video frame: name 'np' is not defined
Traceback (most recent call last):
  File "C:\Users\Laptopi-Homs\Pictures\echogpt\echogpt\main_window_v1.py", line 1435, in display_frame
    if not isinstance(frame, np.ndarray):
                             ^^
NameError: name 'np' is not defined
2026-10-07 16:57:13,829 - ultrasound - ERROR - Error displaying video frame: name 'np' is not defined
Traceback (most recent call last):
  File "C:\Users\Laptopi-Homs\Pictures\echogpt\echogpt\main_window_v1.py", line 1435, in display_frame
    if not isinstance(frame, np.ndarray):
                             ^^
NameError: name 'np' is not defined
2026-10-07 16:57:13,876 - ultrasound - ERROR - Error displaying video frame: name 'np' is not defined
Traceback (most recent call last):
  File "C:\Users\Laptopi-Homs\Pictures\echogpt\echogpt\main_window_v1.py", line 1435, in display_frame
    if not isinstance(frame, np.ndarray):
                             ^^
NameError: name 'np' is not defined
2026-10-07 16:57:13,923 - ultrasound - ERROR - Error displaying video frame: name 'np' is not defined
Traceback (most recent call last):
  File "C:\Users\Laptopi-Homs\Pictures\echogpt\echogpt\main_window_v1.py", line 1435, in display_frame
    if not isinstance(frame, np.ndarray):
                             ^^
NameError: name 'np' is not defined
2026-10-07 16:57:13,969 - ultrasound - ERROR - Error displaying video frame: name 'np' is not defined
Traceback (most recent call last):
  File "C:\Users\Laptopi-Homs\Pictures\echogpt\echogpt\main_window_v1.py", line 1435, in display_frame
    if not isinstance(frame, np.ndarray):
                             ^^
NameError: name 'np' is not defined
2026-10-07 16:57:14,016 - ultrasound - ERROR - Error displaying video frame: name 'np' is not defined
Traceback (most recent call last):
  File "C:\Users\Laptopi-Homs\Pictures\echogpt\echogpt\main_window_v1.py", line 1435, in display_frame
    if not isinstance(frame, np.ndarray):
                             ^^
NameError: name 'np' is not defined
2026-10-07 16:57:14,063 - ultrasound - ERROR - Error displaying video frame: name 'np' is not defined
Traceback (most recent call last):
  File "C:\Users\Laptopi-Homs\Pictures\echogpt\echogpt\main_window_v1.py", line 1435, in display_frame
    if not isinstance(frame, np.ndarray):
                             ^^
NameError: name 'np' is not defined
2026-10-07 16:57:14,110 - ultrasound - ERROR - Error displaying video frame: name 'np' is not defined
Traceback (most recent call last):
  File "C:\Users\Laptopi-Homs\Pictures\echogpt\echogpt\main_window_v1.py", line 1435, in display_frame
    if not isinstance(frame, np.ndarray):
                             ^^
NameError: name 'np' is not defined
2026-10-07 16:57:14,157 - ultrasound - ERROR - Error displaying video frame: name 'np' is not defined
Traceback (most recent call last):
  File "C:\Users\Laptopi-Homs\Pictures\echogpt\echogpt\main_window_v1.py", line 1435, in display_frame
    if not isinstance(frame, np.ndarray):
                             ^^
NameError: name 'np' is not defined
2026-10-07 16:57:14,204 - ultrasound - ERROR - Error displaying video frame: name 'np' is not defined
Traceback (most recent call last):
  File "C:\Users\Laptopi-Homs\Pictures\echogpt\echogpt\main_window_v1.py", line 1435, in display_frame
    if not isinstance(frame, np.ndarray):
                             ^^
NameError: name 'np' is not defined
2026-10-07 16:57:14,250 - ultrasound - ERROR - Error displaying video frame: name 'np' is not defined
Traceback (most recent call last):
  File "C:\Users\Laptopi-Homs\Pictures\echogpt\echogpt\main_window_v1.py", line 1435, in display_frame
    if not isinstance(frame, np.ndarray):
                             ^^
NameError: name 'np' is not defined
2026-10-07 16:57:14,297 - ultrasound - ERROR - Error displaying video frame: name 'np' is not defined
Traceback (most recent call last):
  File "C:\Users\Laptopi-Homs\Pictures\echogpt\echogpt\main_window_v1.py", line 1435, in display_frame
    if not isinstance(frame, np.ndarray):
                             ^^
NameError: name 'np' is not defined
2026-10-07 16:57:14,344 - ultrasound - ERROR - Error displaying video frame: name 'np' is not defined
Traceback (most recent call last):
  File "C:\Users\Laptopi-Homs\Pictures\echogpt\echogpt\main_window_v1.py", line 1435, in display_frame
    if not isinstance(frame, np.ndarray):
                             ^^
NameError: name 'np' is not defined
2026-10-07 16:57:14,392 - ultrasound - ERROR - Error displaying video frame: name 'np' is not defined
Traceback (most recent call last):
  File "C:\Users\Laptopi-Homs\Pictures\echogpt\echogpt\main_window_v1.py", line 1435, in display_frame
    if not isinstance(frame, np.ndarray):
                             ^^
NameError: name 'np' is not defined
2026-10-07 16:57:14,439 - ultrasound - ERROR - Error displaying video frame: name 'np' is not defined
Traceback (most recent call last):
  File "C:\Users\Laptopi-Homs\Pictures\echogpt\echogpt\main_window_v1.py", line 1435, in display_frame
    if not isinstance(frame, np.ndarray):
                             ^^
NameError: name 'np' is not defined
2026-10-07 16:57:14,486 - ultrasound - ERROR - Error displaying video frame: name 'np' is not defined
Traceback (most recent call last):
  File "C:\Users\Laptopi-Homs\Pictures\echogpt\echogpt\main_window_v1.py", line 1435, in display_frame
    if not isinstance(frame, np.ndarray):
                             ^^
NameError: name 'np' is not defined
2026-10-07 16:57:14,533 - ultrasound - ERROR - Error displaying video frame: name 'np' is not defined
Traceback (most recent call last):
  File "C:\Users\Laptopi-Homs\Pictures\echogpt\echogpt\main_window_v1.py", line 1435, in display_frame
    if not isinstance(frame, np.ndarray):
                             ^^
NameError: name 'np' is not defined
2026-10-07 16:57:14,580 - ultrasound - ERROR - Error displaying video frame: name 'np' is not defined
Traceback (most recent call last):
  File "C:\Users\Laptopi-Homs\Pictures\echogpt\echogpt\main_window_v1.py", line 1435, in display_frame
    if not isinstance(frame, np.ndarray):
                             ^^
NameError: name 'np' is not defined
2026-10-07 16:57:14,626 - ultrasound - ERROR - Error displaying video frame: name 'np' is not defined
Traceback (most recent call last):
  File "C:\Users\Laptopi-Homs\Pictures\echogpt\echogpt\main_window_v1.py", line 1435, in display_frame
    if not isinstance(frame, np.ndarray):
                             ^^
NameError: name 'np' is not defined
2026-10-07 16:57:14,674 - ultrasound - ERROR - Error displaying video frame: name 'np' is not defined
Traceback (most recent call last):
  File "C:\Users\Laptopi-Homs\Pictures\echogpt\echogpt\main_window_v1.py", line 1435, in display_frame
    if not isinstance(frame, np.ndarray):
                             ^^
NameError: name 'np' is not defined
2026-10-07 16:57:14,720 - ultrasound - ERROR - Error displaying video frame: name 'np' is not defined
Traceback (most recent call last):
  File "C:\Users\Laptopi-Homs\Pictures\echogpt\echogpt\main_window_v1.py", line 1435, in display_frame
    if not isinstance(frame, np.ndarray):
                             ^^
NameError: name 'np' is not defined
2026-10-07 16:57:14,767 - ultrasound - ERROR - Error displaying video frame: name 'np' is not defined
Traceback (most recent call last):
  File "C:\Users\Laptopi-Homs\Pictures\echogpt\echogpt\main_window_v1.py", line 1435, in display_frame
    if not isinstance(frame, np.ndarray):
                             ^^
NameError: name 'np' is not defined
2026-10-07 16:57:14,814 - ultrasound - ERROR - Error displaying video frame: name 'np' is not defined
Traceback (most recent call last):
  File "C:\Users\Laptopi-Homs\Pictures\echogpt\echogpt\main_window_v1.py", line 1435, in display_frame
    if not isinstance(frame, np.ndarray):
                             ^^
NameError: name 'np' is not defined
2026-10-07 16:57:14,861 - ultrasound - ERROR - Error displaying video frame: name 'np' is not defined
Traceback (most recent call last):
  File "C:\Users\Laptopi-Homs\Pictures\echogpt\echogpt\main_window_v1.py", line 1435, in display_frame
    if not isinstance(frame, np.ndarray):
                             ^^
NameError: name 'np' is not defined
2026-10-07 16:57:14,908 - ultrasound - ERROR - Error displaying video frame: name 'np' is not defined
Traceback (most recent call last):
  File "C:\Users\Laptopi-Homs\Pictures\echogpt\echogpt\main_window_v1.py", line 1435, in display_frame
    if not isinstance(frame, np.ndarray):
                             ^^
NameError: name 'np' is not defined
2026-10-07 16:57:14,955 - ultrasound - ERROR - Error displaying video frame: name 'np' is not defined
Traceback (most recent call last):
  File "C:\Users\Laptopi-Homs\Pictures\echogpt\echogpt\main_window_v1.py", line 1435, in display_frame
    if not isinstance(frame, np.ndarray):
                             ^^
NameError: name 'np' is not defined
2026-10-07 16:57:15,001 - ultrasound - ERROR - Error displaying video frame: name 'np' is not defined
Traceback (most recent call last):
  File "C:\Users\Laptopi-Homs\Pictures\echogpt\echogpt\main_window_v1.py", line 1435, in display_frame
    if not isinstance(frame, np.ndarray):
                             ^^
NameError: name 'np' is not defined
2026-10-07 16:57:15,048 - ultrasound - ERROR - Error displaying video frame: name 'np' is not defined
Traceback (most recent call last):
  File "C:\Users\Laptopi-Homs\Pictures\echogpt\echogpt\main_window_v1.py", line 1435, in display_frame
    if not isinstance(frame, np.ndarray):
                             ^^
NameError: name 'np' is not defined
2026-10-07 16:57:15,095 - ultrasound - ERROR - Error displaying video frame: name 'np' is not defined
Traceback (most recent call last):
  File "C:\Users\Laptopi-Homs\Pictures\echogpt\echogpt\main_window_v1.py", line 1435, in display_frame
    if not isinstance(frame, np.ndarray):
                             ^^
NameError: name 'np' is not defined
2026-10-07 16:57:15,142 - ultrasound - ERROR - Error displaying video frame: name 'np' is not defined
Traceback (most recent call last):
  File "C:\Users\Laptopi-Homs\Pictures\echogpt\echogpt\main_window_v1.py", line 1435, in display_frame
    if not isinstance(frame, np.ndarray):
                             ^^
NameError: name 'np' is not defined
2026-10-07 16:57:15,189 - ultrasound - ERROR - Error displaying video frame: name 'np' is not defined
Traceback (most recent call last):
  File "C:\Users\Laptopi-Homs\Pictures\echogpt\echogpt\main_window_v1.py", line 1435, in display_frame
    if not isinstance(frame, np.ndarray):
                             ^^
NameError: name 'np' is not defined
2026-10-07 16:57:15,236 - ultrasound - ERROR - Error displaying video frame: name 'np' is not defined
Traceback (most recent call last):
  File "C:\Users\Laptopi-Homs\Pictures\echogpt\echogpt\main_window_v1.py", line 1435, in display_frame
    if not isinstance(frame, np.ndarray):
                             ^^
NameError: name 'np' is not defined
2026-10-07 16:57:15,283 - ultrasound - ERROR - Error displaying video frame: name 'np' is not defined
Traceback (most recent call last):
  File "C:\Users\Laptopi-Homs\Pictures\echogpt\echogpt\main_window_v1.py", line 1435, in display_frame
    if not isinstance(frame, np.ndarray):
                             ^^
NameError: name 'np' is not defined
2026-10-07 16:57:15,330 - ultrasound - ERROR - Error displaying video frame: name 'np' is not defined
Traceback (most recent call last):
  File "C:\Users\Laptopi-Homs\Pictures\echogpt\echogpt\main_window_v1.py", line 1435, in display_frame
    if not isinstance(frame, np.ndarray):
                             ^^
NameError: name 'np' is not defined
2026-10-07 16:57:15,376 - ultrasound - ERROR - Error displaying video frame: name 'np' is not defined
Traceback (most recent call last):
  File "C:\Users\Laptopi-Homs\Pictures\echogpt\echogpt\main_window_v1.py", line 1435, in display_frame
    if not isinstance(frame, np.ndarray):
                             ^^
NameError: name 'np' is not defined
2026-10-07 16:57:15,427 - ultrasound - ERROR - Error displaying video frame: name 'np' is not defined
Traceback (most recent call last):
  File "C:\Users\Laptopi-Homs\Pictures\echogpt\echogpt\main_window_v1.py", line 1435, in display_frame
    if not isinstance(frame, np.ndarray):
                             ^^
NameError: name 'np' is not defined
2026-10-07 16:57:15,474 - ultrasound - ERROR - Error displaying video frame: name 'np' is not defined
Traceback (most recent call last):
  File "C:\Users\Laptopi-Homs\Pictures\echogpt\echogpt\main_window_v1.py", line 1435, in display_frame
    if not isinstance(frame, np.ndarray):
                             ^^
NameError: name 'np' is not defined
2026-10-07 16:57:15,521 - ultrasound - ERROR - Error displaying video frame: name 'np' is not defined
Traceback (most recent call last):
  File "C:\Users\Laptopi-Homs\Pictures\echogpt\echogpt\main_window_v1.py", line 1435, in display_frame
    if not isinstance(frame, np.ndarray):
                             ^^
NameError: name 'np' is not defined
2026-10-07 16:57:15,568 - ultrasound - ERROR - Error displaying video frame: name 'np' is not defined
Traceback (most recent call last):
  File "C:\Users\Laptopi-Homs\Pictures\echogpt\echogpt\main_window_v1.py", line 1435, in display_frame
    if not isinstance(frame, np.ndarray):
                             ^^
NameError: name 'np' is not defined
2026-10-07 16:57:15,614 - ultrasound - ERROR - Error displaying video frame: name 'np' is not defined
Traceback (most recent call last):
  File "C:\Users\Laptopi-Homs\Pictures\echogpt\echogpt\main_window_v1.py", line 1435, in display_frame
    if not isinstance(frame, np.ndarray):
                             ^^
NameError: name 'np' is not defined
2026-10-07 16:57:15,661 - ultrasound - ERROR - Error displaying video frame: name 'np' is not defined
Traceback (most recent call last):
  File "C:\Users\Laptopi-Homs\Pictures\echogpt\echogpt\main_window_v1.py", line 1435, in display_frame
    if not isinstance(frame, np.ndarray):
                             ^^
NameError: name 'np' is not defined
2026-10-07 16:57:15,708 - ultrasound - ERROR - Error displaying video frame: name 'np' is not defined
Traceback (most recent call last):
  File "C:\Users\Laptopi-Homs\Pictures\echogpt\echogpt\main_window_v1.py", line 1435, in display_frame
    if not isinstance(frame, np.ndarray):
                             ^^
NameError: name 'np' is not defined
2026-10-07 16:57:15,755 - ultrasound - ERROR - Error displaying video frame: name 'np' is not defined
Traceback (most recent call last):
  File "C:\Users\Laptopi-Homs\Pictures\echogpt\echogpt\main_window_v1.py", line 1435, in display_frame
    if not isinstance(frame, np.ndarray):
                             ^^
NameError: name 'np' is not defined
2026-10-07 16:57:15,802 - ultrasound - ERROR - Error displaying video frame: name 'np' is not defined
Traceback (most recent call last):
  File "C:\Users\Laptopi-Homs\Pictures\echogpt\echogpt\main_window_v1.py", line 1435, in display_frame
    if not isinstance(frame, np.ndarray):
                             ^^
NameError: name 'np' is not defined
2026-10-07 16:57:15,849 - ultrasound - ERROR - Error displaying video frame: name 'np' is not defined
Traceback (most recent call last):
  File "C:\Users\Laptopi-Homs\Pictures\echogpt\echogpt\main_window_v1.py", line 1435, in display_frame
    if not isinstance(frame, np.ndarray):
                             ^^
NameError: name 'np' is not defined
2026-10-07 16:57:15,896 - ultrasound - ERROR - Error displaying video frame: name 'np' is not defined
Traceback (most recent call last):
  File "C:\Users\Laptopi-Homs\Pictures\echogpt\echogpt\main_window_v1.py", line 1435, in display_frame
    if not isinstance(frame, np.ndarray):
                             ^^
NameError: name 'np' is not defined
2026-10-07 16:57:15,942 - ultrasound - ERROR - Error displaying video frame: name 'np' is not defined
Traceback (most recent call last):
  File "C:\Users\Laptopi-Homs\Pictures\echogpt\echogpt\main_window_v1.py", line 1435, in display_frame
    if not isinstance(frame, np.ndarray):
                             ^^
NameError: name 'np' is not defined
2026-10-07 16:57:15,989 - ultrasound - ERROR - Error displaying video frame: name 'np' is not defined
Traceback (most recent call last):
  File "C:\Users\Laptopi-Homs\Pictures\echogpt\echogpt\main_window_v1.py", line 1435, in display_frame
    if not isinstance(frame, np.ndarray):
                             ^^
NameError: name 'np' is not defined
2026-10-07 16:57:16,037 - ultrasound - ERROR - Error displaying video frame: name 'np' is not defined
Traceback (most recent call last):
  File "C:\Users\Laptopi-Homs\Pictures\echogpt\echogpt\main_window_v1.py", line 1435, in display_frame
    if not isinstance(frame, np.ndarray):
                             ^^
NameError: name 'np' is not defined
2026-10-07 16:57:16,083 - ultrasound - ERROR - Error displaying video frame: name 'np' is not defined
Traceback (most recent call last):
  File "C:\Users\Laptopi-Homs\Pictures\echogpt\echogpt\main_window_v1.py", line 1435, in display_frame
    if not isinstance(frame, np.ndarray):
                             ^^
NameError: name 'np' is not defined
2026-10-07 16:57:16,130 - ultrasound - ERROR - Error displaying video frame: name 'np' is not defined
Traceback (most recent call last):
  File "C:\Users\Laptopi-Homs\Pictures\echogpt\echogpt\main_window_v1.py", line 1435, in display_frame
    if not isinstance(frame, np.ndarray):
                             ^^
NameError: name 'np' is not defined
2026-10-07 16:57:16,177 - ultrasound - ERROR - Error displaying video frame: name 'np' is not defined
Traceback (most recent call last):
  File "C:\Users\Laptopi-Homs\Pictures\echogpt\echogpt\main_window_v1.py", line 1435, in display_frame
    if not isinstance(frame, np.ndarray):
                             ^^
NameError: name 'np' is not defined
2026-10-07 16:57:16,224 - ultrasound - ERROR - Error displaying video frame: name 'np' is not defined
Traceback (most recent call last):
  File "C:\Users\Laptopi-Homs\Pictures\echogpt\echogpt\main_window_v1.py", line 1435, in display_frame
    if not isinstance(frame, np.ndarray):
                             ^^
NameError: name 'np' is not defined
2026-10-07 16:57:16,271 - ultrasound - ERROR - Error displaying video frame: name 'np' is not defined
Traceback (most recent call last):
  File "C:\Users\Laptopi-Homs\Pictures\echogpt\echogpt\main_window_v1.py", line 1435, in display_frame
    if not isinstance(frame, np.ndarray):
                             ^^
NameError: name 'np' is not defined
2026-10-07 16:57:16,317 - ultrasound - ERROR - Error displaying video frame: name 'np' is not defined
Traceback (most recent call last):
  File "C:\Users\Laptopi-Homs\Pictures\echogpt\echogpt\main_window_v1.py", line 1435, in display_frame
    if not isinstance(frame, np.ndarray):
                             ^^
NameError: name 'np' is not defined
2026-10-07 16:57:16,364 - ultrasound - ERROR - Error displaying video frame: name 'np' is not defined
Traceback (most recent call last):
  File "C:\Users\Laptopi-Homs\Pictures\echogpt\echogpt\main_window_v1.py", line 1435, in display_frame
    if not isinstance(frame, np.ndarray):
                             ^^
NameError: name 'np' is not defined
2026-10-07 16:57:16,413 - ultrasound - ERROR - Error displaying video frame: name 'np' is not defined
Traceback (most recent call last):
  File "C:\Users\Laptopi-Homs\Pictures\echogpt\echogpt\main_window_v1.py", line 1435, in display_frame
    if not isinstance(frame, np.ndarray):
                             ^^
NameError: name 'np' is not defined
2026-10-07 16:57:16,460 - ultrasound - ERROR - Error displaying video frame: name 'np' is not defined
Traceback (most recent call last):
  File "C:\Users\Laptopi-Homs\Pictures\echogpt\echogpt\main_window_v1.py", line 1435, in display_frame
    if not isinstance(frame, np.ndarray):
                             ^^
NameError: name 'np' is not defined
2026-10-07 16:57:16,507 - ultrasound - ERROR - Error displaying video frame: name 'np' is not defined
Traceback (most recent call last):
  File "C:\Users\Laptopi-Homs\Pictures\echogpt\echogpt\main_window_v1.py", line 1435, in display_frame
    if not isinstance(frame, np.ndarray):
                             ^^
NameError: name 'np' is not defined
2026-10-07 16:57:16,554 - ultrasound - ERROR - Error displaying video frame: name 'np' is not defined
Traceback (most recent call last):
  File "C:\Users\Laptopi-Homs\Pictures\echogpt\echogpt\main_window_v1.py", line 1435, in display_frame
    if not isinstance(frame, np.ndarray):
                             ^^
NameError: name 'np' is not defined
2026-10-07 16:57:16,600 - ultrasound - ERROR - Error displaying video frame: name 'np' is not defined
Traceback (most recent call last):
  File "C:\Users\Laptopi-Homs\Pictures\echogpt\echogpt\main_window_v1.py", line 1435, in display_frame
    if not isinstance(frame, np.ndarray):
                             ^^
NameError: name 'np' is not defined
2026-10-07 16:57:16,647 - ultrasound - ERROR - Error displaying video frame: name 'np' is not defined
Traceback (most recent call last):
  File "C:\Users\Laptopi-Homs\Pictures\echogpt\echogpt\main_window_v1.py", line 1435, in display_frame
    if not isinstance(frame, np.ndarray):
                             ^^
NameError: name 'np' is not defined
2026-10-07 16:57:16,695 - ultrasound - ERROR - Error displaying video frame: name 'np' is not defined
Traceback (most recent call last):
  File "C:\Users\Laptopi-Homs\Pictures\echogpt\echogpt\main_window_v1.py", line 1435, in display_frame
    if not isinstance(frame, np.ndarray):
                             ^^
NameError: name 'np' is not defined
2026-10-07 16:57:16,741 - ultrasound - ERROR - Error displaying video frame: name 'np' is not defined
Traceback (most recent call last):
  File "C:\Users\Laptopi-Homs\Pictures\echogpt\echogpt\main_window_v1.py", line 1435, in display_frame
    if not isinstance(frame, np.ndarray):
                             ^^
NameError: name 'np' is not defined
2026-10-07 16:57:16,788 - ultrasound - ERROR - Error displaying video frame: name 'np' is not defined
Traceback (most recent call last):
  File "C:\Users\Laptopi-Homs\Pictures\echogpt\echogpt\main_window_v1.py", line 1435, in display_frame
    if not isinstance(frame, np.ndarray):
                             ^^
NameError: name 'np' is not defined
2026-10-07 16:57:16,835 - ultrasound - ERROR - Error displaying video frame: name 'np' is not defined
Traceback (most recent call last):
  File "C:\Users\Laptopi-Homs\Pictures\echogpt\echogpt\main_window_v1.py", line 1435, in display_frame
    if not isinstance(frame, np.ndarray):
                             ^^
NameError: name 'np' is not defined
2026-10-07 16:57:16,882 - ultrasound - ERROR - Error displaying video frame: name 'np' is not defined
Traceback (most recent call last):
  File "C:\Users\Laptopi-Homs\Pictures\echogpt\echogpt\main_window_v1.py", line 1435, in display_frame
    if not isinstance(frame, np.ndarray):
                             ^^
NameError: name 'np' is not defined
2026-10-07 16:57:16,928 - ultrasound - ERROR - Error displaying video frame: name 'np' is not defined
Traceback (most recent call last):
  File "C:\Users\Laptopi-Homs\Pictures\echogpt\echogpt\main_window_v1.py", line 1435, in display_frame
    if not isinstance(frame, np.ndarray):
                             ^^
NameError: name 'np' is not defined
2026-10-07 16:57:16,975 - ultrasound - ERROR - Error displaying video frame: name 'np' is not defined
Traceback (most recent call last):
  File "C:\Users\Laptopi-Homs\Pictures\echogpt\echogpt\main_window_v1.py", line 1435, in display_frame
    if not isinstance(frame, np.ndarray):
                             ^^
NameError: name 'np' is not defined
2026-10-07 16:57:17,022 - ultrasound - ERROR - Error displaying video frame: name 'np' is not defined
Traceback (most recent call last):
  File "C:\Users\Laptopi-Homs\Pictures\echogpt\echogpt\main_window_v1.py", line 1435, in display_frame
    if not isinstance(frame, np.ndarray):
                             ^^
NameError: name 'np' is not defined
2026-10-07 16:57:17,073 - ultrasound - ERROR - Error displaying video frame: name 'np' is not defined
Traceback (most recent call last):
  File "C:\Users\Laptopi-Homs\Pictures\echogpt\echogpt\main_window_v1.py", line 1435, in display_frame
    if not isinstance(frame, np.ndarray):
                             ^^
NameError: name 'np' is not defined
2026-10-07 16:57:17,120 - ultrasound - ERROR - Error displaying video frame: name 'np' is not defined
Traceback (most recent call last):
  File "C:\Users\Laptopi-Homs\Pictures\echogpt\echogpt\main_window_v1.py", line 1435, in display_frame
    if not isinstance(frame, np.ndarray):
                             ^^
NameError: name 'np' is not defined
2026-10-07 16:57:17,166 - ultrasound - ERROR - Error displaying video frame: name 'np' is not defined
Traceback (most recent call last):
  File "C:\Users\Laptopi-Homs\Pictures\echogpt\echogpt\main_window_v1.py", line 1435, in display_frame
    if not isinstance(frame, np.ndarray):
                             ^^
NameError: name 'np' is not defined
2026-10-07 16:57:17,213 - ultrasound - ERROR - Error displaying video frame: name 'np' is not defined
Traceback (most recent call last):
  File "C:\Users\Laptopi-Homs\Pictures\echogpt\echogpt\main_window_v1.py", line 1435, in display_frame
    if not isinstance(frame, np.ndarray):
                             ^^
NameError: name 'np' is not defined
2026-10-07 16:57:17,260 - ultrasound - ERROR - Error displaying video frame: name 'np' is not defined
Traceback (most recent call last):
  File "C:\Users\Laptopi-Homs\Pictures\echogpt\echogpt\main_window_v1.py", line 1435, in display_frame
    if not isinstance(frame, np.ndarray):
                             ^^
NameError: name 'np' is not defined
2026-10-07 16:57:17,307 - ultrasound - ERROR - Error displaying video frame: name 'np' is not defined
Traceback (most recent call last):
  File "C:\Users\Laptopi-Homs\Pictures\echogpt\echogpt\main_window_v1.py", line 1435, in display_frame
    if not isinstance(frame, np.ndarray):
                             ^^
NameError: name 'np' is not defined
2026-10-07 16:57:17,354 - ultrasound - ERROR - Error displaying video frame: name 'np' is not defined
Traceback (most recent call last):
  File "C:\Users\Laptopi-Homs\Pictures\echogpt\echogpt\main_window_v1.py", line 1435, in display_frame
    if not isinstance(frame, np.ndarray):
                             ^^
NameError: name 'np' is not defined
2026-10-07 16:57:17,411 - ultrasound - ERROR - Error displaying video frame: name 'np' is not defined
Traceback (most recent call last):
  File "C:\Users\Laptopi-Homs\Pictures\echogpt\echogpt\main_window_v1.py", line 1435, in display_frame
    if not isinstance(frame, np.ndarray):
                             ^^
NameError: name 'np' is not defined
2026-10-07 16:57:17,459 - ultrasound - ERROR - Error displaying video frame: name 'np' is not defined
Traceback (most recent call last):
  File "C:\Users\Laptopi-Homs\Pictures\echogpt\echogpt\main_window_v1.py", line 1435, in display_frame
    if not isinstance(frame, np.ndarray):
                             ^^
NameError: name 'np' is not defined
2026-10-07 16:57:17,505 - ultrasound - ERROR - Error displaying video frame: name 'np' is not defined
Traceback (most recent call last):
  File "C:\Users\Laptopi-Homs\Pictures\echogpt\echogpt\main_window_v1.py", line 1435, in display_frame
    if not isinstance(frame, np.ndarray):
                             ^^
NameError: name 'np' is not defined
2026-10-07 16:57:17,553 - ultrasound - ERROR - Error displaying video frame: name 'np' is not defined
Traceback (most recent call last):
  File "C:\Users\Laptopi-Homs\Pictures\echogpt\echogpt\main_window_v1.py", line 1435, in display_frame
    if not isinstance(frame, np.ndarray):
                             ^^
NameError: name 'np' is not defined
2026-10-07 16:57:17,599 - ultrasound - ERROR - Error displaying video frame: name 'np' is not defined
Traceback (most recent call last):
  File "C:\Users\Laptopi-Homs\Pictures\echogpt\echogpt\main_window_v1.py", line 1435, in display_frame
    if not isinstance(frame, np.ndarray):
                             ^^
NameError: name 'np' is not defined
2026-10-07 16:57:17,646 - ultrasound - ERROR - Error displaying video frame: name 'np' is not defined
Traceback (most recent call last):
  File "C:\Users\Laptopi-Homs\Pictures\echogpt\echogpt\main_window_v1.py", line 1435, in display_frame
    if not isinstance(frame, np.ndarray):
                             ^^
NameError: name 'np' is not defined
2026-10-07 16:57:17,693 - ultrasound - ERROR - Error displaying video frame: name 'np' is not defined
Traceback (most recent call last):
  File "C:\Users\Laptopi-Homs\Pictures\echogpt\echogpt\main_window_v1.py", line 1435, in display_frame
    if not isinstance(frame, np.ndarray):
                             ^^
NameError: name 'np' is not defined
2026-10-07 16:57:17,739 - ultrasound - ERROR - Error displaying video frame: name 'np' is not defined
Traceback (most recent call last):
  File "C:\Users\Laptopi-Homs\Pictures\echogpt\echogpt\main_window_v1.py", line 1435, in display_frame
    if not isinstance(frame, np.ndarray):
                             ^^
NameError: name 'np' is not defined
2026-10-07 16:57:17,786 - ultrasound - ERROR - Error displaying video frame: name 'np' is not defined
Traceback (most recent call last):
  File "C:\Users\Laptopi-Homs\Pictures\echogpt\echogpt\main_window_v1.py", line 1435, in display_frame
    if not isinstance(frame, np.ndarray):
                             ^^
NameError: name 'np' is not defined
2026-10-07 16:57:17,833 - ultrasound - ERROR - Error displaying video frame: name 'np' is not defined
Traceback (most recent call last):
  File "C:\Users\Laptopi-Homs\Pictures\echogpt\echogpt\main_window_v1.py", line 1435, in display_frame
    if not isinstance(frame, np.ndarray):
                             ^^
NameError: name 'np' is not defined
2026-10-07 16:57:17,880 - ultrasound - ERROR - Error displaying video frame: name 'np' is not defined
Traceback (most recent call last):
  File "C:\Users\Laptopi-Homs\Pictures\echogpt\echogpt\main_window_v1.py", line 1435, in display_frame
    if not isinstance(frame, np.ndarray):
                             ^^
NameError: name 'np' is not defined
2026-10-07 16:57:17,927 - ultrasound - ERROR - Error displaying video frame: name 'np' is not defined
Traceback (most recent call last):
  File "C:\Users\Laptopi-Homs\Pictures\echogpt\echogpt\main_window_v1.py", line 1435, in display_frame
    if not isinstance(frame, np.ndarray):
                             ^^
NameError: name 'np' is not defined
2026-10-07 16:57:17,973 - ultrasound - ERROR - Error displaying video frame: name 'np' is not defined
Traceback (most recent call last):
  File "C:\Users\Laptopi-Homs\Pictures\echogpt\echogpt\main_window_v1.py", line 1435, in display_frame
    if not isinstance(frame, np.ndarray):
                             ^^
NameError: name 'np' is not defined
2026-10-07 16:57:18,020 - ultrasound - ERROR - Error displaying video frame: name 'np' is not defined
Traceback (most recent call last):
  File "C:\Users\Laptopi-Homs\Pictures\echogpt\echogpt\main_window_v1.py", line 1435, in display_frame
    if not isinstance(frame, np.ndarray):
                             ^^
NameError: name 'np' is not defined
2026-10-07 16:57:18,067 - ultrasound - ERROR - Error displaying video frame: name 'np' is not defined
Traceback (most recent call last):
  File "C:\Users\Laptopi-Homs\Pictures\echogpt\echogpt\main_window_v1.py", line 1435, in display_frame
    if not isinstance(frame, np.ndarray):
                             ^^
NameError: name 'np' is not defined
2026-10-07 16:57:18,114 - ultrasound - ERROR - Error displaying video frame: name 'np' is not defined
Traceback (most recent call last):
  File "C:\Users\Laptopi-Homs\Pictures\echogpt\echogpt\main_window_v1.py", line 1435, in display_frame
    if not isinstance(frame, np.ndarray):
                             ^^
NameError: name 'np' is not defined
2026-10-07 16:57:18,161 - ultrasound - ERROR - Error displaying video frame: name 'np' is not defined
Traceback (most recent call last):
  File "C:\Users\Laptopi-Homs\Pictures\echogpt\echogpt\main_window_v1.py", line 1435, in display_frame
    if not isinstance(frame, np.ndarray):
                             ^^
NameError: name 'np' is not defined
2026-10-07 16:57:18,208 - ultrasound - ERROR - Error displaying video frame: name 'np' is not defined
Traceback (most recent call last):
  File "C:\Users\Laptopi-Homs\Pictures\echogpt\echogpt\main_window_v1.py", line 1435, in display_frame
    if not isinstance(frame, np.ndarray):
                             ^^
NameError: name 'np' is not defined
2026-10-07 16:57:18,255 - ultrasound - ERROR - Error displaying video frame: name 'np' is not defined
Traceback (most recent call last):
  File "C:\Users\Laptopi-Homs\Pictures\echogpt\echogpt\main_window_v1.py", line 1435, in display_frame
    if not isinstance(frame, np.ndarray):
                             ^^
NameError: name 'np' is not defined
2026-10-07 16:57:18,302 - ultrasound - ERROR - Error displaying video frame: name 'np' is not defined
Traceback (most recent call last):
  File "C:\Users\Laptopi-Homs\Pictures\echogpt\echogpt\main_window_v1.py", line 1435, in display_frame
    if not isinstance(frame, np.ndarray):
                             ^^
NameError: name 'np' is not defined
2026-10-07 16:57:18,348 - ultrasound - ERROR - Error displaying video frame: name 'np' is not defined
Traceback (most recent call last):
  File "C:\Users\Laptopi-Homs\Pictures\echogpt\echogpt\main_window_v1.py", line 1435, in display_frame
    if not isinstance(frame, np.ndarray):
                             ^^
NameError: name 'np' is not defined
2026-10-07 16:57:18,395 - ultrasound - ERROR - Error displaying video frame: name 'np' is not defined
Traceback (most recent call last):
  File "C:\Users\Laptopi-Homs\Pictures\echogpt\echogpt\main_window_v1.py", line 1435, in display_frame
    if not isinstance(frame, np.ndarray):
                             ^^
NameError: name 'np' is not defined
2026-10-07 16:57:18,448 - ultrasound - ERROR - Error displaying video frame: name 'np' is not defined
Traceback (most recent call last):
  File "C:\Users\Laptopi-Homs\Pictures\echogpt\echogpt\main_window_v1.py", line 1435, in display_frame
    if not isinstance(frame, np.ndarray):
                             ^^
NameError: name 'np' is not defined
2026-10-07 16:57:18,495 - ultrasound - ERROR - Error displaying video frame: name 'np' is not defined
Traceback (most recent call last):
  File "C:\Users\Laptopi-Homs\Pictures\echogpt\echogpt\main_window_v1.py", line 1435, in display_frame
    if not isinstance(frame, np.ndarray):
                             ^^
NameError: name 'np' is not defined
2026-10-07 16:57:18,542 - ultrasound - ERROR - Error displaying video frame: name 'np' is not defined
Traceback (most recent call last):
  File "C:\Users\Laptopi-Homs\Pictures\echogpt\echogpt\main_window_v1.py", line 1435, in display_frame
    if not isinstance(frame, np.ndarray):
                             ^^
NameError: name 'np' is not defined
2026-10-07 16:57:18,589 - ultrasound - ERROR - Error displaying video frame: name 'np' is not defined
Traceback (most recent call last):
  File "C:\Users\Laptopi-Homs\Pictures\echogpt\echogpt\main_window_v1.py", line 1435, in display_frame
    if not isinstance(frame, np.ndarray):
                             ^^
NameError: name 'np' is not defined
2026-10-07 16:57:18,635 - ultrasound - ERROR - Error displaying video frame: name 'np' is not defined
Traceback (most recent call last):
  File "C:\Users\Laptopi-Homs\Pictures\echogpt\echogpt\main_window_v1.py", line 1435, in display_frame
    if not isinstance(frame, np.ndarray):
                             ^^
NameError: name 'np' is not defined
2026-10-07 16:57:18,686 - ultrasound - ERROR - Error displaying video frame: name 'np' is not defined
Traceback (most recent call last):
  File "C:\Users\Laptopi-Homs\Pictures\echogpt\echogpt\main_window_v1.py", line 1435, in display_frame
    if not isinstance(frame, np.ndarray):
                             ^^
NameError: name 'np' is not defined
2026-10-07 16:57:18,729 - ultrasound - ERROR - Error displaying video frame: name 'np' is not defined
Traceback (most recent call last):
  File "C:\Users\Laptopi-Homs\Pictures\echogpt\echogpt\main_window_v1.py", line 1435, in display_frame
    if not isinstance(frame, np.ndarray):
                             ^^
NameError: name 'np' is not defined
2026-10-07 16:57:18,776 - ultrasound - ERROR - Error displaying video frame: name 'np' is not defined
Traceback (most recent call last):
  File "C:\Users\Laptopi-Homs\Pictures\echogpt\echogpt\main_window_v1.py", line 1435, in display_frame
    if not isinstance(frame, np.ndarray):
                             ^^
NameError: name 'np' is not defined
2026-10-07 16:57:18,823 - ultrasound - ERROR - Error displaying video frame: name 'np' is not defined
Traceback (most recent call last):
  File "C:\Users\Laptopi-Homs\Pictures\echogpt\echogpt\main_window_v1.py", line 1435, in display_frame
    if not isinstance(frame, np.ndarray):
                             ^^
NameError: name 'np' is not defined
2026-10-07 16:57:18,870 - ultrasound - ERROR - Error displaying video frame: name 'np' is not defined
Traceback (most recent call last):
  File "C:\Users\Laptopi-Homs\Pictures\echogpt\echogpt\main_window_v1.py", line 1435, in display_frame
    if not isinstance(frame, np.ndarray):
                             ^^
NameError: name 'np' is not defined
2026-10-07 16:57:18,918 - ultrasound - ERROR - Error displaying video frame: name 'np' is not defined
Traceback (most recent call last):
  File "C:\Users\Laptopi-Homs\Pictures\echogpt\echogpt\main_window_v1.py", line 1435, in display_frame
    if not isinstance(frame, np.ndarray):
                             ^^
NameError: name 'np' is not defined
2026-10-07 16:57:18,963 - ultrasound - ERROR - Error displaying video frame: name 'np' is not defined
Traceback (most recent call last):
  File "C:\Users\Laptopi-Homs\Pictures\echogpt\echogpt\main_window_v1.py", line 1435, in display_frame
    if not isinstance(frame, np.ndarray):
                             ^^
NameError: name 'np' is not defined
2026-10-07 16:57:19,010 - ultrasound - ERROR - Error displaying video frame: name 'np' is not defined
Traceback (most recent call last):
  File "C:\Users\Laptopi-Homs\Pictures\echogpt\echogpt\main_window_v1.py", line 1435, in display_frame
    if not isinstance(frame, np.ndarray):
                             ^^
NameError: name 'np' is not defined
2026-10-07 16:57:19,057 - ultrasound - ERROR - Error displaying video frame: name 'np' is not defined
Traceback (most recent call last):
  File "C:\Users\Laptopi-Homs\Pictures\echogpt\echogpt\main_window_v1.py", line 1435, in display_frame
    if not isinstance(frame, np.ndarray):
                             ^^
NameError: name 'np' is not defined
2026-10-07 16:57:19,101 - ultrasound - ERROR - Error displaying video frame: name 'np' is not defined
Traceback (most recent call last):
  File "C:\Users\Laptopi-Homs\Pictures\echogpt\echogpt\main_window_v1.py", line 1435, in display_frame
    if not isinstance(frame, np.ndarray):
                             ^^
NameError: name 'np' is not defined
2026-10-07 16:57:19,147 - ultrasound - ERROR - Error displaying video frame: name 'np' is not defined
Traceback (most recent call last):
  File "C:\Users\Laptopi-Homs\Pictures\echogpt\echogpt\main_window_v1.py", line 1435, in display_frame
    if not isinstance(frame, np.ndarray):
                             ^^
NameError: name 'np' is not defined
2026-10-07 16:57:19,194 - ultrasound - ERROR - Error displaying video frame: name 'np' is not defined
Traceback (most recent call last):
  File "C:\Users\Laptopi-Homs\Pictures\echogpt\echogpt\main_window_v1.py", line 1435, in display_frame
    if not isinstance(frame, np.ndarray):
                             ^^
NameError: name 'np' is not defined
2026-10-07 16:57:19,241 - ultrasound - ERROR - Error displaying video frame: name 'np' is not defined
Traceback (most recent call last):
  File "C:\Users\Laptopi-Homs\Pictures\echogpt\echogpt\main_window_v1.py", line 1435, in display_frame
    if not isinstance(frame, np.ndarray):
                             ^^
NameError: name 'np' is not defined
2026-10-07 16:57:19,292 - ultrasound - ERROR - Error displaying video frame: name 'np' is not defined
Traceback (most recent call last):
  File "C:\Users\Laptopi-Homs\Pictures\echogpt\echogpt\main_window_v1.py", line 1435, in display_frame
    if not isinstance(frame, np.ndarray):
                             ^^
NameError: name 'np' is not defined
2026-10-07 16:57:19,339 - ultrasound - ERROR - Error displaying video frame: name 'np' is not defined
Traceback (most recent call last):
  File "C:\Users\Laptopi-Homs\Pictures\echogpt\echogpt\main_window_v1.py", line 1435, in display_frame
    if not isinstance(frame, np.ndarray):
                             ^^
NameError: name 'np' is not defined
2026-10-07 16:57:19,386 - ultrasound - ERROR - Error displaying video frame: name 'np' is not defined
Traceback (most recent call last):
  File "C:\Users\Laptopi-Homs\Pictures\echogpt\echogpt\main_window_v1.py", line 1435, in display_frame
    if not isinstance(frame, np.ndarray):
                             ^^
NameError: name 'np' is not defined
2026-10-07 16:57:19,428 - ultrasound - ERROR - Error displaying video frame: name 'np' is not defined
Traceback (most recent call last):
  File "C:\Users\Laptopi-Homs\Pictures\echogpt\echogpt\main_window_v1.py", line 1435, in display_frame
    if not isinstance(frame, np.ndarray):
                             ^^
NameError: name 'np' is not defined
2026-10-07 16:57:19,475 - ultrasound - ERROR - Error displaying video frame: name 'np' is not defined
Traceback (most recent call last):
  File "C:\Users\Laptopi-Homs\Pictures\echogpt\echogpt\main_window_v1.py", line 1435, in display_frame
    if not isinstance(frame, np.ndarray):
                             ^^
NameError: name 'np' is not defined
2026-10-07 16:57:19,522 - ultrasound - ERROR - Error displaying video frame: name 'np' is not defined
Traceback (most recent call last):
  File "C:\Users\Laptopi-Homs\Pictures\echogpt\echogpt\main_window_v1.py", line 1435, in display_frame
    if not isinstance(frame, np.ndarray):
                             ^^
NameError: name 'np' is not defined
2026-10-07 16:57:19,569 - ultrasound - ERROR - Error displaying video frame: name 'np' is not defined
Traceback (most recent call last):
  File "C:\Users\Laptopi-Homs\Pictures\echogpt\echogpt\main_window_v1.py", line 1435, in display_frame
    if not isinstance(frame, np.ndarray):
                             ^^
NameError: name 'np' is not defined
2026-10-07 16:57:19,615 - ultrasound - ERROR - Error displaying video frame: name 'np' is not defined
Traceback (most recent call last):
  File "C:\Users\Laptopi-Homs\Pictures\echogpt\echogpt\main_window_v1.py", line 1435, in display_frame
    if not isinstance(frame, np.ndarray):
                             ^^
NameError: name 'np' is not defined
2026-10-07 16:57:19,662 - ultrasound - ERROR - Error displaying video frame: name 'np' is not defined
Traceback (most recent call last):
  File "C:\Users\Laptopi-Homs\Pictures\echogpt\echogpt\main_window_v1.py", line 1435, in display_frame
    if not isinstance(frame, np.ndarray):
                             ^^
NameError: name 'np' is not defined
2026-10-07 16:57:19,709 - ultrasound - ERROR - Error displaying video frame: name 'np' is not defined
Traceback (most recent call last):
  File "C:\Users\Laptopi-Homs\Pictures\echogpt\echogpt\main_window_v1.py", line 1435, in display_frame
    if not isinstance(frame, np.ndarray):
                             ^^
NameError: name 'np' is not defined
2026-10-07 16:57:19,756 - ultrasound - ERROR - Error displaying video frame: name 'np' is not defined
Traceback (most recent call last):
  File "C:\Users\Laptopi-Homs\Pictures\echogpt\echogpt\main_window_v1.py", line 1435, in display_frame
    if not isinstance(frame, np.ndarray):
                             ^^
NameError: name 'np' is not defined
2026-10-07 16:57:19,803 - ultrasound - ERROR - Error displaying video frame: name 'np' is not defined
Traceback (most recent call last):
  File "C:\Users\Laptopi-Homs\Pictures\echogpt\echogpt\main_window_v1.py", line 1435, in display_frame
    if not isinstance(frame, np.ndarray):
                             ^^
NameError: name 'np' is not defined
2026-10-07 16:57:19,851 - ultrasound - ERROR - Error displaying video frame: name 'np' is not defined
Traceback (most recent call last):
  File "C:\Users\Laptopi-Homs\Pictures\echogpt\echogpt\main_window_v1.py", line 1435, in display_frame
    if not isinstance(frame, np.ndarray):
                             ^^
NameError: name 'np' is not defined
2026-10-07 16:57:19,897 - ultrasound - ERROR - Error displaying video frame: name 'np' is not defined
Traceback (most recent call last):
  File "C:\Users\Laptopi-Homs\Pictures\echogpt\echogpt\main_window_v1.py", line 1435, in display_frame
    if not isinstance(frame, np.ndarray):
                             ^^
NameError: name 'np' is not defined
2026-10-07 16:57:19,943 - ultrasound - ERROR - Error displaying video frame: name 'np' is not defined
Traceback (most recent call last):
  File "C:\Users\Laptopi-Homs\Pictures\echogpt\echogpt\main_window_v1.py", line 1435, in display_frame
    if not isinstance(frame, np.ndarray):
                             ^^
NameError: name 'np' is not defined
2026-10-07 16:57:19,990 - ultrasound - ERROR - Error displaying video frame: name 'np' is not defined
Traceback (most recent call last):
  File "C:\Users\Laptopi-Homs\Pictures\echogpt\echogpt\main_window_v1.py", line 1435, in display_frame
    if not isinstance(frame, np.ndarray):
                             ^^
NameError: name 'np' is not defined
2026-10-07 16:57:20,037 - ultrasound - ERROR - Error displaying video frame: name 'np' is not defined
Traceback (most recent call last):
  File "C:\Users\Laptopi-Homs\Pictures\echogpt\echogpt\main_window_v1.py", line 1435, in display_frame
    if not isinstance(frame, np.ndarray):
                             ^^
NameError: name 'np' is not defined
2026-10-07 16:57:20,135 - ultrasound - ERROR - Error displaying video frame: name 'np' is not defined
Traceback (most recent call last):
  File "C:\Users\Laptopi-Homs\Pictures\echogpt\echogpt\main_window_v1.py", line 1435, in display_frame
    if not isinstance(frame, np.ndarray):
                             ^^
NameError: name 'np' is not defined
2026-10-07 16:57:20,179 - ultrasound - ERROR - Error displaying video frame: name 'np' is not defined
Traceback (most recent call last):
  File "C:\Users\Laptopi-Homs\Pictures\echogpt\echogpt\main_window_v1.py", line 1435, in display_frame
    if not isinstance(frame, np.ndarray):
                             ^^
NameError: name 'np' is not defined
2026-10-07 16:57:20,231 - ultrasound - ERROR - Error displaying video frame: name 'np' is not defined
Traceback (most recent call last):
  File "C:\Users\Laptopi-Homs\Pictures\echogpt\echogpt\main_window_v1.py", line 1435, in display_frame
    if not isinstance(frame, np.ndarray):
                             ^^
NameError: name 'np' is not defined
2026-10-07 16:57:20,271 - ultrasound - ERROR - Error displaying video frame: name 'np' is not defined
Traceback (most recent call last):
  File "C:\Users\Laptopi-Homs\Pictures\echogpt\echogpt\main_window_v1.py", line 1435, in display_frame
    if not isinstance(frame, np.ndarray):
                             ^^
NameError: name 'np' is not defined
2026-10-07 16:57:20,318 - ultrasound - ERROR - Error displaying video frame: name 'np' is not defined
Traceback (most recent call last):
  File "C:\Users\Laptopi-Homs\Pictures\echogpt\echogpt\main_window_v1.py", line 1435, in display_frame
    if not isinstance(frame, np.ndarray):
                             ^^
NameError: name 'np' is not defined
2026-10-07 16:57:20,366 - ultrasound - ERROR - Error displaying video frame: name 'np' is not defined
Traceback (most recent call last):
  File "C:\Users\Laptopi-Homs\Pictures\echogpt\echogpt\main_window_v1.py", line 1435, in display_frame
    if not isinstance(frame, np.ndarray):
                             ^^
NameError: name 'np' is not defined
2026-10-07 16:57:20,412 - ultrasound - ERROR - Error displaying video frame: name 'np' is not defined
Traceback (most recent call last):
  File "C:\Users\Laptopi-Homs\Pictures\echogpt\echogpt\main_window_v1.py", line 1435, in display_frame
    if not isinstance(frame, np.ndarray):
                             ^^
NameError: name 'np' is not defined
2026-10-07 16:57:20,469 - ultrasound - ERROR - Error displaying video frame: name 'np' is not defined
Traceback (most recent call last):
  File "C:\Users\Laptopi-Homs\Pictures\echogpt\echogpt\main_window_v1.py", line 1435, in display_frame
    if not isinstance(frame, np.ndarray):
                             ^^
NameError: name 'np' is not defined
2026-10-07 16:57:20,516 - ultrasound - ERROR - Error displaying video frame: name 'np' is not defined
Traceback (most recent call last):
  File "C:\Users\Laptopi-Homs\Pictures\echogpt\echogpt\main_window_v1.py", line 1435, in display_frame
    if not isinstance(frame, np.ndarray):
                             ^^
NameError: name 'np' is not defined
2026-10-07 16:57:20,562 - ultrasound - ERROR - Error displaying video frame: name 'np' is not defined
Traceback (most recent call last):
  File "C:\Users\Laptopi-Homs\Pictures\echogpt\echogpt\main_window_v1.py", line 1435, in display_frame
    if not isinstance(frame, np.ndarray):
                             ^^
NameError: name 'np' is not defined
2026-10-07 16:57:20,609 - ultrasound - ERROR - Error displaying video frame: name 'np' is not defined
Traceback (most recent call last):
  File "C:\Users\Laptopi-Homs\Pictures\echogpt\echogpt\main_window_v1.py", line 1435, in display_frame
    if not isinstance(frame, np.ndarray):
                             ^^
NameError: name 'np' is not defined
2026-10-07 16:57:20,656 - ultrasound - ERROR - Error displaying video frame: name 'np' is not defined
Traceback (most recent call last):
  File "C:\Users\Laptopi-Homs\Pictures\echogpt\echogpt\main_window_v1.py", line 1435, in display_frame
    if not isinstance(frame, np.ndarray):
                             ^^
NameError: name 'np' is not defined
2026-10-07 16:57:20,703 - ultrasound - ERROR - Error displaying video frame: name 'np' is not defined
Traceback (most recent call last):
  File "C:\Users\Laptopi-Homs\Pictures\echogpt\echogpt\main_window_v1.py", line 1435, in display_frame
    if not isinstance(frame, np.ndarray):
                             ^^
NameError: name 'np' is not defined
2026-10-07 16:57:20,750 - ultrasound - ERROR - Error displaying video frame: name 'np' is not defined
Traceback (most recent call last):
  File "C:\Users\Laptopi-Homs\Pictures\echogpt\echogpt\main_window_v1.py", line 1435, in display_frame
    if not isinstance(frame, np.ndarray):
                             ^^
NameError: name 'np' is not defined
2026-10-07 16:57:20,796 - ultrasound - ERROR - Error displaying video frame: name 'np' is not defined
Traceback (most recent call last):
  File "C:\Users\Laptopi-Homs\Pictures\echogpt\echogpt\main_window_v1.py", line 1435, in display_frame
    if not isinstance(frame, np.ndarray):
                             ^^
NameError: name 'np' is not defined
2026-10-07 16:57:20,843 - ultrasound - ERROR - Error displaying video frame: name 'np' is not defined
Traceback (most recent call last):
  File "C:\Users\Laptopi-Homs\Pictures\echogpt\echogpt\main_window_v1.py", line 1435, in display_frame
    if not isinstance(frame, np.ndarray):
                             ^^
NameError: name 'np' is not defined
2026-10-07 16:57:20,890 - ultrasound - ERROR - Error displaying video frame: name 'np' is not defined
Traceback (most recent call last):
  File "C:\Users\Laptopi-Homs\Pictures\echogpt\echogpt\main_window_v1.py", line 1435, in display_frame
    if not isinstance(frame, np.ndarray):
                             ^^
NameError: name 'np' is not defined
2026-10-07 16:57:20,937 - ultrasound - ERROR - Error displaying video frame: name 'np' is not defined
Traceback (most recent call last):
  File "C:\Users\Laptopi-Homs\Pictures\echogpt\echogpt\main_window_v1.py", line 1435, in display_frame
    if not isinstance(frame, np.ndarray):
                             ^^
NameError: name 'np' is not defined
2026-10-07 16:57:20,984 - ultrasound - ERROR - Error displaying video frame: name 'np' is not defined
Traceback (most recent call last):
  File "C:\Users\Laptopi-Homs\Pictures\echogpt\echogpt\main_window_v1.py", line 1435, in display_frame
    if not isinstance(frame, np.ndarray):
                             ^^
NameError: name 'np' is not defined
2026-10-07 16:57:21,031 - ultrasound - ERROR - Error displaying video frame: name 'np' is not defined
Traceback (most recent call last):
  File "C:\Users\Laptopi-Homs\Pictures\echogpt\echogpt\main_window_v1.py", line 1435, in display_frame
    if not isinstance(frame, np.ndarray):
                             ^^
NameError: name 'np' is not defined
2026-10-07 16:57:21,078 - ultrasound - ERROR - Error displaying video frame: name 'np' is not defined
Traceback (most recent call last):
  File "C:\Users\Laptopi-Homs\Pictures\echogpt\echogpt\main_window_v1.py", line 1435, in display_frame
    if not isinstance(frame, np.ndarray):
                             ^^
NameError: name 'np' is not defined
2026-10-07 16:57:21,125 - ultrasound - ERROR - Error displaying video frame: name 'np' is not defined
Traceback (most recent call last):
  File "C:\Users\Laptopi-Homs\Pictures\echogpt\echogpt\main_window_v1.py", line 1435, in display_frame
    if not isinstance(frame, np.ndarray):
                             ^^
NameError: name 'np' is not defined
2026-10-07 16:57:21,171 - ultrasound - ERROR - Error displaying video frame: name 'np' is not defined
Traceback (most recent call last):
  File "C:\Users\Laptopi-Homs\Pictures\echogpt\echogpt\main_window_v1.py", line 1435, in display_frame
    if not isinstance(frame, np.ndarray):
                             ^^
NameError: name 'np' is not defined
2026-10-07 16:57:21,270 - ultrasound - ERROR - Error displaying video frame: name 'np' is not defined
Traceback (most recent call last):
  File "C:\Users\Laptopi-Homs\Pictures\echogpt\echogpt\main_window_v1.py", line 1435, in display_frame
    if not isinstance(frame, np.ndarray):
                             ^^
NameError: name 'np' is not defined
2026-10-07 16:57:21,285 - ultrasound - INFO - Database connection closed
2026-10-07 16:57:21,317 - ultrasound - INFO - Application exiting...
2026-10-07 16:58:44,200 - ultrasound - INFO - PySide6 imported successfully
2026-10-07 16:58:44,614 - ultrasound - INFO - OpenCV and NumPy imported successfully
2026-10-07 16:58:44,615 - ultrasound - INFO - ============================================================
2026-10-07 16:58:44,618 - ultrasound - INFO - AI Ultrasound Assistant V1.0
2026-10-07 16:58:44,627 - ultrasound - INFO - Starting application...
2026-10-07 16:58:44,630 - ultrasound - INFO - ============================================================
2026-10-07 16:58:44,701 - ultrasound - INFO - Qt Application initialized
2026-10-07 16:58:45,123 - ultrasound - INFO - Application components imported
2026-10-07 16:58:45,125 - ultrasound - INFO - Configuration loaded from settings.json
2026-10-07 16:58:45,127 - ultrasound - INFO - Creating main window...
2026-10-07 16:58:45,137 - ultrasound - INFO - All tables created successfully
2026-10-07 16:58:45,139 - ultrasound - INFO - Database initialized at ultrasound.db
2026-10-07 16:58:55,382 - ultrasound - INFO - Found 2 capture device(s)
2026-10-07 16:58:55,501 - ultrasound - INFO - Main window displayed
2026-10-07 16:58:55,518 - ultrasound - INFO - ============================================================
2026-10-07 16:58:55,557 - ultrasound - INFO - V1.0 Features Enabled:
2026-10-07 16:58:56,117 - ultrasound - INFO - ============================================================
2026-10-07 16:58:56,118 - ultrasound - INFO - Python: 3.14.8 (tags/v3.14.8:8e6e75d, Sep 30 2026, 18:19:33) [MSC v.1944 64 bit (AMD64)]
2026-10-07 16:58:56,119 - ultrasound - INFO - OpenCV: 5.0.0
2026-10-07 16:58:56,120 - ultrasound - INFO - NumPy: 2.5.3
2026-10-07 16:58:56,121 - ultrasound - INFO - Entering application event loop...
2026-10-07 16:59:07,349 - ultrasound - INFO - Video paused
2026-10-07 16:59:07,406 - ultrasound - INFO - Video opened: 1361 frames @ 29.97002997002997 FPS (496x368)
2026-10-07 16:59:07,493 - ultrasound - INFO - Video loaded: echo me.mp4 (1361 frames, 29.97 FPS)
2026-10-07 16:59:11,376 - ultrasound - INFO - Video playback started
2026-10-07 16:59:11,381 - ultrasound - INFO - Playing recorded video
2026-10-07 16:59:31,586 - ultrasound - INFO - Settings saved
2026-10-07 16:59:44,730 - ultrasound - INFO - Database connection closed
2026-10-07 16:59:44,757 - ultrasound - INFO - Application exiting...
